id_1,id_2,base_name,score_base,ref_1_name,score_ref_1,ref_2_name,score_ref_2,source_file,dataset_name,Explanation,Orientation_And_Direction,Presence_Of_Features,State_And_Condition,Quantity_And_Count,Positional_Context,Color_And_Appearance,Structural_Characteristics,Text,Viewpoint_Perspective
20,465,CLIP,0.96122706,SigLIP,0.4258185,DINO,0.990587,clip_caltech_blind_spots.csv,Caltech101,"The two images appear to be identical. There are no differences in the objects, their states, or their positions. The colors, lighting, and overall appearance of the objects are also the same.",,,,,,,,,
55,7297,CLIP,0.9873922,SigLIP,0.58670044,DINO,0.9905975,clip_caltech_blind_spots.csv,Caltech101,"The two images depict the same jaguar, but they are taken from different angles and perspectives. The first image shows the jaguar from a side view, while the second image shows it from a front view. The jaguar appears to be in the same location, but the angle and perspective have changed.",1.0,0.0,0.0,0.0,0.0,0.0,0.0,0.0,1.0
84,8550,CLIP,0.9651669,SigLIP,0.36660862,DINO,0.7480843,clip_caltech_blind_spots.csv,Caltech101,"The two images depict the same symbol, the Yin-Yang symbol, which represents balance and harmony. The differences between the two images are minimal and do not affect the overall meaning or interpretation of the symbol.",,,,,,,,,
84,4583,CLIP,0.9633423,SigLIP,0.4173151,DINO,0.78833413,clip_caltech_blind_spots.csv,Caltech101,"The two images depict the same symbol, the Yin-Yang symbol, which represents balance and harmony. The differences between the two images are minimal and do not affect the overall meaning or interpretation of the symbol.",,,,,,,,,
116,5039,CLIP,0.95730233,SigLIP,0.13983625,DINO,0.9829484,clip_caltech_blind_spots.csv,Caltech101,"The two images depict the same scorpion, but they are taken from different angles and perspectives. The scorpion is facing the same direction in both images, but the angle and the way it is positioned on the ground are different. In the first image, the scorpion is facing the camera, while in the second image, it is facing away from the camera. Additionally, the scorpion in the second image is positioned more towards the top of the image, while the scorpion in the first image is positioned more towards the bottom.",1.0,0.0,0.0,0.0,0.0,0.0,0.0,0.0,0.0
124,7259,CLIP,0.95604104,SigLIP,0.26441765,DINO,0.822205,clip_caltech_blind_spots.csv,Caltech101,The two images are identical. There are no differences between them.,,,,,,,,,
124,7137,CLIP,0.95534146,SigLIP,0.2748555,DINO,0.8273604,clip_caltech_blind_spots.csv,Caltech101,"The two images appear to be identical. There are no differences in the objects, their states, or their positions. The lighting and colors are also consistent between the two images.",,,,,,,,,
124,616,CLIP,0.9514034,SigLIP,0.30041003,DINO,0.8584375,clip_caltech_blind_spots.csv,Caltech101,The two images are identical. There are no differences between them.,,,,,,,,,
124,199,CLIP,0.9507733,SigLIP,0.58494264,DINO,0.7209327,clip_caltech_blind_spots.csv,Caltech101,"The two images are of the same person, but the second image has a different lighting condition, resulting in a darker appearance. The person's hair is also slightly different in the second image.",,,,,,,,,
128,563,CLIP,0.9908878,SigLIP,0.4248045,DINO,0.9897428,clip_caltech_blind_spots.csv,Caltech101,"The two images depict the same jaguar, but they are taken from different angles and perspectives. The first image shows the jaguar from a frontal view, while the second image shows it from a side angle. The jaguar's position and orientation are the same in both images, but the angle and perspective are different.",1.0,0.0,0.0,0.0,0.0,0.0,0.0,0.0,1.0
137,6322,CLIP,0.95061386,SigLIP,0.5877366,DINO,0.9086722,clip_caltech_blind_spots.csv,Caltech101,"The two images appear to be identical. There are no differences in the objects, their states, or their positions relative to each other or the background.",,,,,,,,,
279,5645,CLIP,0.9540167,SigLIP,0.27984536,DINO,0.4690289,clip_caltech_blind_spots.csv,Caltech101,"The two images appear to be identical. There are no differences in the objects, their states, or their positions. The lighting and colors are also consistent between the two images.",,,,,,,,,
315,6340,CLIP,0.95800894,SigLIP,0.45173416,DINO,0.9144213,clip_caltech_blind_spots.csv,Caltech101,"The two images depict the same brain, but they are rotated 90 degrees clockwise. This means that the orientation of the brain is reversed, with the left side of the brain facing the viewer and the right side facing away. The position of the brain is also different, with the left side of the brain being more towards the top and the right side being more towards the bottom. The overall appearance of the brain is the same, with the same color and texture. The differences are purely in the orientation and position of the brain.",1.0,,,,,,,,
327,4900,CLIP,0.956423,SigLIP,0.5277833,DINO,0.9665496,clip_caltech_blind_spots.csv,Caltech101,"The two images are identical. They depict the same soccer ball with black and white sections. The ball is in the same orientation and has the same features, such as the black and white pattern and the overall shape. There are no differences in the objects' states, quantities, positions, colors, structural characteristics, text, or viewpoints.",,,,,,,,,
327,688,CLIP,0.9531193,SigLIP,0.5811113,DINO,0.96054995,clip_caltech_blind_spots.csv,Caltech101,"The two images are identical. They depict the same soccer ball with black and white sections, and the ball is in the same orientation and position.",,,,,,,,,
331,5925,CLIP,0.9547838,SigLIP,0.3440978,DINO,0.70898914,clip_caltech_blind_spots.csv,Caltech101,"The two images are identical. They depict the same man with the same hairstyle, facial hair, and background. The only difference is in the lighting and shadows, which are the same in both images.",,,,,,,,,
331,7507,CLIP,0.9535179,SigLIP,0.31297177,DINO,0.77182907,clip_caltech_blind_spots.csv,Caltech101,"The two images appear to be identical. There are no differences in the objects, their states, or their positions. The lighting and colors are also consistent between the two images.",,,,,,,,,
331,1864,CLIP,0.9519727,SigLIP,0.3024208,DINO,0.7075827,clip_caltech_blind_spots.csv,Caltech101,The two images are identical. There are no differences between them.,,,,,,,,,
349,5246,CLIP,0.9590714,SigLIP,0.3413206,DINO,0.96917963,clip_caltech_blind_spots.csv,Caltech101,The two images are identical. They depict the same person with the same hairstyle and clothing. The background and lighting are also the same.,,,,,,,,,
406,3627,CLIP,0.9505775,SigLIP,0.59605634,DINO,0.8796358,clip_caltech_blind_spots.csv,Caltech101,"The two images depict the same sunflower, but they are taken from different angles. The first image is taken from a side angle, while the second image is taken from a front angle. This difference in perspective affects the way the sunflower is viewed.",1.0,0.0,0.0,0.0,0.0,0.0,0.0,0.0,1.0
442,548,CLIP,0.95702446,SigLIP,0.27525192,DINO,0.88898724,clip_caltech_blind_spots.csv,Caltech101,"The two images are identical. They depict the same man with a bald head, a beard, and a mustache, wearing a plaid shirt. The background and objects in the image are also identical.",,1.0,1.0,1.0,1.0,1.0,1.0,1.0,1.0
495,6896,CLIP,0.95683855,SigLIP,0.4575562,DINO,0.97126347,clip_caltech_blind_spots.csv,Caltech101,"The two images depict two different stegosaurs, one with a pinkish hue and the other with a reddish hue. The pink stegosaurus has a more pronounced pink coloration, while the reddish stegosaurus has a more reddish hue. The background and other elements in the images are identical, with a greenish-yellow sky and a forested area. There are no differences in the orientation, direction, state, condition, quantity, position, color, appearance, structural characteristics, text, viewpoint, or perspective between the two images.",,,,,,,,,
539,1520,CLIP,0.9721932,SigLIP,0.5826917,DINO,0.8673187,clip_caltech_blind_spots.csv,Caltech101,"The two images appear to be identical. They show the same person with the same hairstyle, facial hair, and background. There are no differences in the objects or their positions, colors, or lighting. The camera angle and framing are also the same.",,,,,,,,,
539,7116,CLIP,0.955498,SigLIP,0.20097804,DINO,0.7507335,clip_caltech_blind_spots.csv,Caltech101,"The two images appear to be identical. There are no differences in the objects, their states, or their positions.",,,,,,,,,
540,2781,CLIP,0.9850109,SigLIP,0.52527994,DINO,0.9870001,clip_caltech_blind_spots.csv,Caltech101,"The two images depict the same jaguar, but they are taken from different angles and perspectives. The first image is taken from a frontal view, while the second image is taken from a side view. The jaguar appears to be in the same location, but the angle and perspective have changed.",1.0,0.0,0.0,0.0,0.0,0.0,0.0,0.0,1.0
566,6443,CLIP,0.9587507,SigLIP,0.23547117,DINO,0.96954983,clip_caltech_blind_spots.csv,Caltech101,"The two images depict the same airplane, but they are taken from different angles. The first image is taken from the side, while the second image is taken from the front. The orientation and direction of the airplane are different in the two images.",1.0,,,,,,,,
576,3903,CLIP,0.95398235,SigLIP,0.49122837,DINO,0.9157448,clip_caltech_blind_spots.csv,Caltech101,"The two images depict the same instrument, a tuba, but they are taken from different angles and perspectives. The first image shows the tuba from the front, while the second image shows it from the side. The orientation and direction of the tuba are different in the two images. The presence of features such as the bell, mouthpiece, and valves is the same in both images. The state and condition of the tuba are also the same in both images. The quantity and count of the tuba is the same in both images. The positional context is the same in both images. The color and appearance of the tuba are the same in both images. The structural characteristics of the tuba are the same in both images. There are no differences in the text between the two images. The viewpoint perspective is the same in both images. There are no differences in the camera angle, zoom level, or framing between the two images.",1.0,0.0,0.0,0.0,0.0,0.0,0.0,0.0,0.0
688,4900,CLIP,0.9834628,SigLIP,0.40356296,DINO,0.98921156,clip_caltech_blind_spots.csv,Caltech101,"The two images are identical. They depict the same soccer ball with black and white stripes. The ball is in the same orientation and has the same features, such as the black and white pattern, the black and white stripes, and the overall shape of the ball. There are no differences in the objects' states, quantities, positions, colors, structural characteristics, text, or viewpoints.",,,,,,,,,
688,1872,CLIP,0.9572442,SigLIP,0.5741986,DINO,0.94654757,clip_caltech_blind_spots.csv,Caltech101,"The two images are identical. They depict the same soccer ball with black and white stripes. The ball is in the same orientation and has the same features, such as the black and white pattern and the overall shape. There are no differences in the objects' states, quantities, positions, colors, structural characteristics, text, or viewpoints.",,,,,,,,,
688,6270,CLIP,0.9551817,SigLIP,0.5773327,DINO,0.8940314,clip_caltech_blind_spots.csv,Caltech101,"The two images are identical. They depict the same soccer ball with black and white stripes. The ball is in the same orientation and has the same features, such as the black and white pattern and the overall shape. There are no differences in the objects' states, quantities, positions, colors, structural characteristics, text, or viewpoints.",,,,,,,,,
754,8134,CLIP,0.9604335,SigLIP,0.40524247,DINO,0.5333525,clip_caltech_blind_spots.csv,Caltech101,"The two images are identical. They both depict a red stop sign with the word 'STOP' written on it. The signs are the same size and orientation, and there are no differences in their appearance or state. The signs are placed against a black background, and there are no other objects present.",0.0,1.0,1.0,1.0,1.0,1.0,1.0,1.0,1.0
754,4125,CLIP,0.95528454,SigLIP,0.29976556,DINO,0.62543166,clip_caltech_blind_spots.csv,Caltech101,"The two images are identical. They both depict a red stop sign with the word 'STOP' written on it. The signs are identical in terms of shape, color, and text. There are no differences in the orientation, presence of features, state and condition, quantity and count, positional context, structural characteristics, text, viewpoint perspective, or color appearance between the two images.",,,,,,,,,
754,6639,CLIP,0.95519733,SigLIP,0.6283473,DINO,0.5965179,clip_caltech_blind_spots.csv,Caltech101,"The two images are identical. They both depict a red stop sign with the word 'STOP' written on it. The signs are placed against a black background, and there are no differences in their orientation, presence of features, state and condition, quantity and count, positional context, structural characteristics, text, viewpoint perspective, or color and appearance.",,,,,,,,,
754,7763,CLIP,0.954166,SigLIP,0.39481783,DINO,0.55296516,clip_caltech_blind_spots.csv,Caltech101,"The two images are identical. They both depict a red stop sign with the word 'STOP' written on it. The signs are identical in terms of shape, color, and text. There are no differences in the orientation, presence of features, state and condition, quantity and count, positional context, structural characteristics, text, viewpoint perspective, or color appearance between the two images.",,,,,,,,,
766,7848,CLIP,0.95063466,SigLIP,0.58738685,DINO,0.97701657,clip_caltech_blind_spots.csv,Caltech101,The two images are identical. There are no differences between them.,,,,,,,,,
784,6175,CLIP,0.97175205,SigLIP,0.45850712,DINO,0.9892827,clip_caltech_blind_spots.csv,Caltech101,"The two images depict the same leopard, but they are taken from different angles and perspectives. The first image is taken from a side angle, while the second image is taken from a front angle. The leopard's position and orientation are the same in both images, but the angle of the shot changes the way the leopard is viewed.",1.0,0.0,0.0,0.0,0.0,0.0,0.0,0.0,1.0
852,1592,CLIP,0.9609767,SigLIP,0.26596057,DINO,0.9483129,clip_caltech_blind_spots.csv,Caltech101,"The two images appear to be identical. There are no differences in the objects, their states, or their positions.",,,,,,,,,
940,2789,CLIP,0.95090073,SigLIP,0.54622024,DINO,0.87712026,clip_caltech_blind_spots.csv,Caltech101,The two images are identical. They depict the same person with the same hairstyle and facial features.,,,,,,,,,
1003,4901,CLIP,0.95263046,SigLIP,0.48527938,DINO,0.8662349,clip_caltech_blind_spots.csv,Caltech101,"The two images are identical. They depict the same stop sign against a blue sky with white clouds. The sign is red with white letters and is mounted on a metal pole. There are no differences in the objects, their states, or their positions.",1.0,1.0,1.0,1.0,1.0,1.0,1.0,1.0,1.0
1036,1193,CLIP,0.9560702,SigLIP,0.45917705,DINO,0.666708,clip_caltech_blind_spots.csv,Caltech101,"The two images appear to be identical. There are no differences in the objects, their states, or their positions. The colors, lighting, and overall appearance of the objects are consistent between the two images.",,,,,,,,,
1156,4205,CLIP,0.9554236,SigLIP,0.57996035,DINO,0.8034104,clip_caltech_blind_spots.csv,Caltech101,"The two images depict the same animal, a mountain lion, but they are taken from different angles and perspectives. The first image is a close-up of the animal's back, while the second image is a wider view of the animal walking on a log. The animal's fur appears to be wet, and there are no visible differences in the animal's appearance between the two images.",1.0,0.0,0.0,0.0,0.0,0.0,0.0,0.0,0.0
1181,5636,CLIP,0.96909237,SigLIP,0.27871254,DINO,0.9690001,clip_caltech_blind_spots.csv,Caltech101,"The two images depict the same animal, a mountain lion. However, the background and lighting in the second image appear to be darker and more muted compared to the first image. The overall appearance of the mountain lion is similar, but the differences in lighting and background color can be observed.",,,,,,,,,
1181,1834,CLIP,0.9512718,SigLIP,0.3263737,DINO,0.9619399,clip_caltech_blind_spots.csv,Caltech101,"The two images depict the same animal, a mountain lion, but they are taken from different angles and perspectives. The first image is a close-up of the lion's face, while the second image is a wider shot of the lion's body. The lion's fur color and texture appear slightly different in the two images, but the overall appearance is the same.",1.0,0.0,0.0,0.0,0.0,0.0,0.0,0.0,0.0
1193,8178,CLIP,0.9512682,SigLIP,0.36674184,DINO,0.7243363,clip_caltech_blind_spots.csv,Caltech101,"The two images appear to be identical. They show the same person with red hair, wearing a white shirt, standing in a room with shelves and books in the background. The person's hair color, clothing, and the environment are consistent between the two images.",,,,,,,,,
1341,1837,CLIP,0.954846,SigLIP,0.5551138,DINO,0.9920539,clip_caltech_blind_spots.csv,Caltech101,"The two images depict the same piano, but they are rotated 90 degrees. The orientation and direction of the piano are different in the two images.",1.0,,,,,,,,
1443,8212,CLIP,0.9547032,SigLIP,0.27702367,DINO,0.94400835,clip_caltech_blind_spots.csv,Caltech101,"The two images depict the same saxophone, but they are taken from different angles and perspectives. The saxophone is shown in a vertical orientation in the first image and in a horizontal orientation in the second image. The first image is taken from a front-facing angle, while the second image is taken from a side-facing angle. The saxophone is also shown in a different lighting condition in the second image, with a more vibrant and detailed appearance.",1.0,0.0,0.0,0.0,0.0,1.0,1.0,0.0,1.0
1516,2195,CLIP,0.96049047,SigLIP,0.55147576,DINO,0.9393923,clip_caltech_blind_spots.csv,Caltech101,The two images are identical. They depict the same stop sign with the word 'STOP' in white letters on a red octagonal background.,,,,,,,,,
1520,1864,CLIP,0.9593575,SigLIP,0.59927183,DINO,0.80838436,clip_caltech_blind_spots.csv,Caltech101,"The two images appear to be identical. There are no differences in the objects, their states, or their positions. The man's hair and beard are the same in both images. The background and lighting are also the same. The objects in the background, such as the bookshelf and the book, are also the same in both images.",,,,,,,,,
1592,6136,CLIP,0.96264404,SigLIP,0.37294158,DINO,0.87370944,clip_caltech_blind_spots.csv,Caltech101,"The two images appear to be identical. There are no differences in the objects, their states, or their positions. The lighting and colors are also consistent between the two images.",,,,,,,,,
1593,6639,CLIP,0.9626459,SigLIP,0.29946074,DINO,0.63530904,clip_caltech_blind_spots.csv,Caltech101,The two images are identical. They depict the same stop sign with the word 'STOP' written in white letters on a red octagonal background.,,,,,,,,,
1593,6385,CLIP,0.95693994,SigLIP,0.37131047,DINO,0.65997255,clip_caltech_blind_spots.csv,Caltech101,The two images are identical. They depict the same stop sign with the word 'STOP' in white letters on a red octagonal background.,,,,,,,,,
1593,2505,CLIP,0.95555747,SigLIP,0.37441736,DINO,0.6769886,clip_caltech_blind_spots.csv,Caltech101,The two images are identical. They depict the same stop sign with the word 'STOP' in white letters on a red octagonal background.,,,,,,,,,
1671,5734,CLIP,0.95107925,SigLIP,0.27860975,DINO,0.89182985,clip_caltech_blind_spots.csv,Caltech101,"The man in the second image has a different expression compared to the first image. His eyebrows are raised, and he has a more serious or concerned look on his face. The first image shows him with a neutral expression.",,1.0,,,,,,,
1719,2728,CLIP,0.960828,SigLIP,0.508401,DINO,0.97536975,clip_caltech_blind_spots.csv,Caltech101,"The two images depict the same piano, but they are taken from different angles and perspectives. The first image shows the piano from a front view, while the second image shows it from a side view. The orientation and direction of the piano are different in the two images. The presence of features such as the keys, strings, and body of the piano is the same in both images. The state and condition of the piano are the same in both images. The number of objects is the same. The color and appearance of the piano are the same. The structural characteristics of the piano are the same. There are no differences in written words, numbers, or logos. The camera angle and framing are different. The viewpoint perspective is different.",1.0,0.0,0.0,0.0,0.0,0.0,0.0,0.0,1.0
1732,4583,CLIP,0.9719384,SigLIP,0.5569172,DINO,0.92394346,clip_caltech_blind_spots.csv,Caltech101,"The two images depict the same symbol, the Yin-Yang symbol, which represents balance and harmony. The differences between the two images are minimal and do not affect the overall meaning or interpretation of the symbol.",,,,,,,,,
1750,6639,CLIP,0.9645448,SigLIP,0.403538,DINO,0.85004973,clip_caltech_blind_spots.csv,Caltech101,"The two images are identical. They both depict a red stop sign with white letters. The signs are oriented in the same way, facing the same direction, and have the same text and background color. There are no differences in the objects' states, conditions, quantities, positions, colors, structural characteristics, text, viewpoint, or perspective.",1.0,1.0,1.0,1.0,1.0,1.0,1.0,1.0,1.0
1804,2950,CLIP,0.9589298,SigLIP,0.8651582,DINO,0.44104177,clip_caltech_blind_spots.csv,Caltech101,"The two images are identical. They depict the same man with the same hairstyle, facial hair, and background. The man is wearing a blue shirt and standing in front of a wooden door. There are no differences in the objects, their states, or their positions.",,,,,,,,,
1834,5636,CLIP,0.9624194,SigLIP,0.58367336,DINO,0.9631235,clip_caltech_blind_spots.csv,Caltech101,"The two images depict the same animal, a mountain lion, but they are taken from different angles and perspectives. The first image is a close-up of the animal's face, while the second image shows the animal from a side angle. The animal's fur color and texture appear to be the same in both images, but the angle and framing have changed, resulting in a different visual composition.",1.0,0.0,0.0,0.0,0.0,0.0,0.0,0.0,1.0
1846,6573,CLIP,0.95182115,SigLIP,0.48510692,DINO,0.95710087,clip_caltech_blind_spots.csv,Caltech101,"The two images depict the same piano, but they are taken from different angles and perspectives. The first image shows the piano from a front view, while the second image shows it from a side view. The orientation and direction of the piano are different in the two images. The presence of features such as the keys, pedals, and the overall shape of the piano is the same in both images. The state and condition of the piano are the same in both images. The quantity and count of objects are the same. The positional context is the same. The color and appearance of the piano are the same. The structural characteristics of the piano are the same. There are no differences in written words, numbers, or logos. The viewpoint perspective is the same. There are no differences in the camera angle, zoom level, or framing.",1.0,0.0,0.0,0.0,0.0,0.0,0.0,0.0,0.0
1864,7263,CLIP,0.9527991,SigLIP,0.44339722,DINO,0.75042605,clip_caltech_blind_spots.csv,Caltech101,"The two images are identical. They depict the same man with a bald head, a beard, and a mustache, wearing a patterned shirt. The background and lighting are also the same in both images.",,1.0,1.0,1.0,1.0,1.0,1.0,1.0,1.0
539,1864,CLIP,0.95228827,SigLIP,0.4581941,DINO,0.7830162,clip_caltech_blind_spots.csv,Caltech101,"The two images are identical. They depict the same person with the same hairstyle, facial hair, and background. The person is wearing a striped shirt and standing in front of a bookshelf. The only difference is the slight variation in the lighting and shadows on the person's face, which is a normal variation in lighting conditions.",,1.0,1.0,1.0,1.0,1.0,1.0,0.0,0.0
1872,1934,CLIP,0.9506831,SigLIP,0.46913037,DINO,0.897354,clip_caltech_blind_spots.csv,Caltech101,"The two images are identical. They depict the same soccer ball with black and white patterns. The ball is in the same orientation and has the same features, such as the black and white pattern, the size, and the position. There are no differences in the objects' states, quantities, positions, colors, structural characteristics, text, or viewpoint perspective.",,,,,,,,,
1929,8445,CLIP,0.9783473,SigLIP,0.5474531,DINO,0.96331495,clip_caltech_blind_spots.csv,Caltech101,The two images are identical. They both depict a red octagonal stop sign with the word 'STOP' written in white letters on a white background.,1.0,1.0,1.0,1.0,1.0,1.0,1.0,1.0,1.0
2036,2347,CLIP,0.9676051,SigLIP,0.31240478,DINO,0.8087969,clip_caltech_blind_spots.csv,Caltech101,"The two images are identical. They depict the same person with curly hair, wearing a patterned shirt, and standing in a room with books and boxes in the background. The person is smiling and the background is consistent between the two images.",,,,,,,,,
2036,6976,CLIP,0.9536916,SigLIP,0.25529683,DINO,0.7999239,clip_caltech_blind_spots.csv,Caltech101,"The two images appear to be identical. There are no differences in the objects, their states, or their positions. The woman's hair, facial features, and background remain consistent between the two images.",,,,,,,,,
2036,4468,CLIP,0.95338523,SigLIP,0.32166374,DINO,0.84811354,clip_caltech_blind_spots.csv,Caltech101,"The two images are identical. They depict the same person with curly hair, wearing a patterned shirt, and standing in a room with shelves and boxes in the background. The person is smiling and the background is consistent with no visible differences.",,,,,,,,,
2036,7864,CLIP,0.95174253,SigLIP,0.4504706,DINO,0.8015655,clip_caltech_blind_spots.csv,Caltech101,"The two images appear to be identical. There are no differences in the objects, their states, or their positions. The woman's hair, facial features, and background remain consistent between the two images.",,,,,,,,,
2106,4902,CLIP,0.9598372,SigLIP,0.45805484,DINO,0.8584689,clip_caltech_blind_spots.csv,Caltech101,"The two images appear to be identical. There are no differences in the objects, their states, or their positions. The person's hair and facial features are the same in both images. The background and lighting conditions are also the same.",,,,,,,,,
2106,6866,CLIP,0.95362014,SigLIP,0.5450769,DINO,0.83983797,clip_caltech_blind_spots.csv,Caltech101,"The two images appear to be identical. There are no differences in the objects, their states, or their positions. The colors and appearances are also the same.",,,,,,,,,
2106,5573,CLIP,0.95333016,SigLIP,0.24576673,DINO,0.7838563,clip_caltech_blind_spots.csv,Caltech101,"The two images appear to be identical. There are no differences in the objects, their states, or their positions. The colors and appearances are also the same.",,,,,,,,,
2106,8464,CLIP,0.952127,SigLIP,0.38008893,DINO,0.7214451,clip_caltech_blind_spots.csv,Caltech101,"The two images appear to be identical. There are no differences in the objects, their states, or their positions. The colors, lighting, and overall appearance of the objects are also the same.",,,,,,,,,
2176,2591,CLIP,0.9593798,SigLIP,0.51534057,DINO,0.8956613,clip_caltech_blind_spots.csv,Caltech101,"The two images depict the same sunflower, but they are taken from different angles. The first image is taken from a side angle, while the second image is taken from a front angle. The sunflower is still in full bloom, with its vibrant yellow petals and green center. The background is a clear blue sky, and the sunflower is the main focus of the image. The differences in the angle of the image affect the way the sunflower is perceived, but the overall appearance of the sunflower remains the same.",1.0,1.0,1.0,1.0,1.0,1.0,1.0,0.0,1.0
2176,4158,CLIP,0.95191956,SigLIP,0.35782066,DINO,0.81826746,clip_caltech_blind_spots.csv,Caltech101,"The two images depict the same sunflower, but they are taken from different angles. The first image is taken from a side angle, while the second image is taken from a front angle. The orientation and direction of the sunflower are different in the two images.",1.0,,,,,,,,1.0
2186,4345,CLIP,0.9527197,SigLIP,0.54377425,DINO,0.9398301,clip_caltech_blind_spots.csv,Caltech101,"{
  ""Explanation"": ""The image on the left shows a person with long, wavy hair, while the image on the right shows a person with short, straight hair. The person in the left image is wearing a white shirt, while the person in the right image is not. The background and other objects in the images are the same."",
  ""Orientation_And_Direction"": 1,  // The image on the left is facing the viewer, while the image on the right is not.
  ""Presence_Of_Features"": 0,  // No specific part or small detail is missing.
  ""State_And_Condition"": 0,  // The object is in the same state and condition.
  ""Quantity_And_Count"": 0,  // The number of objects is the same.
  ""Positional_Context"": 0,  // The objects are not placed differently.
  ""Color_And_Appearance"": 0,  // The colors and appearance are the same.
  ""Structural_Characteristics"": 0,  // The core shape, material, or physical build is the same.
  ""Text"": 0,  // There are no differences in written words, numbers, or logos.
  ""Viewpoint_Perspective"": 0,  // The camera angle, zoom level, or framing is the same.
}",,,,,,,,,
2195,4488,CLIP,0.95525455,SigLIP,0.5250041,DINO,0.98261094,clip_caltech_blind_spots.csv,Caltech101,The two images are identical. They depict the same stop sign with the word 'STOP' in white letters on a red octagonal background.,,,,,,,,,
2316,3112,CLIP,0.9615526,SigLIP,0.5863781,DINO,0.94232655,clip_caltech_blind_spots.csv,Caltech101,"The two images are identical. They depict the same person with the same hairstyle and facial features, wearing the same shirt, and standing in front of the same bookshelf with the same books. The background and lighting are also the same.",,,,,,,,,
2349,4269,CLIP,0.9601141,SigLIP,0.21646431,DINO,0.9924202,clip_caltech_blind_spots.csv,Caltech101,"The two images depict the same butterfly, but they are rotated 90 degrees clockwise. The wings are facing in the same direction, but the body is oriented differently. The butterfly is shown in its natural orange color with black markings, and there are no other differences in the features or state of the butterfly.",1.0,0.0,0.0,0.0,0.0,1.0,1.0,0.0,0.0
2391,6128,CLIP,0.9569945,SigLIP,0.27788907,DINO,0.655136,clip_caltech_blind_spots.csv,Caltech101,"The two images appear to be identical. There are no differences in the objects, their states, or their positions. The colors, lighting, and overall appearance of the objects are also the same.",,,,,,,,,
2391,5165,CLIP,0.9543965,SigLIP,0.72523445,DINO,0.469346,clip_caltech_blind_spots.csv,Caltech101,"The two images are identical. They depict the same person with the same hairstyle and clothing, and the background is the same as well.",,,,,,,,,
2391,6030,CLIP,0.9543318,SigLIP,0.70165384,DINO,0.46578294,clip_caltech_blind_spots.csv,Caltech101,"The two images appear to be identical. There are no differences in the objects, their states, or their positions. The colors, lighting, and overall appearance of the objects are consistent between the two images.",,,,,,,,,
2391,2740,CLIP,0.9534457,SigLIP,0.7927998,DINO,0.45484722,clip_caltech_blind_spots.csv,Caltech101,The two images are identical. They depict the same person with the same hairstyle and makeup. The background and lighting are also the same.,,,,,,,,,
2423,6798,CLIP,0.96659696,SigLIP,0.5481157,DINO,0.9534353,clip_caltech_blind_spots.csv,Caltech101,"The two images are identical. They depict the same man with a bald head, wearing a green and white checkered shirt, standing in front of a bush with pink flowers. The man is smiling and the background is consistent in both images.",,,,,,,,,
2467,6220,CLIP,0.95668435,SigLIP,0.50015235,DINO,0.9924491,clip_caltech_blind_spots.csv,Caltech101,"{
  ""Explanation"": ""The two images depict a black grand piano with a music stand and a sheet of music. The differences between the two images are:

1. The sheet of music in the first image is open, while in the second image, it is closed.
2. The sheet of music in the first image is placed on the music stand, while in the second image, it is placed on the piano.
3. The sheet of music in the first image is placed on the music stand, while in the second image, it is placed on the piano.
4. The sheet of music in the first image is placed on the music stand, while in the second image, it is placed on the piano.
5. The sheet of music in the first image is placed on the music stand, while in the second image, it is placed on the piano.
6. The sheet of music in the first image is placed on the music stand, while in the second image, it is placed on the piano.
7. The sheet of music in the first image is placed on the music stand, while in the second image, it is placed on the piano.
8. The sheet of music in the first image is placed on the music stand, while in the second image, it is placed on the piano.
9. The sheet of music in the first image is placed on the music stand, while in the second image, it is placed on the piano.
10. The sheet of music in the first image is placed on the music stand, while in the second image, it is placed on the piano.
11. The sheet of music in the first image is placed on the music stand, while in the second image, it is placed on the piano.
12. The sheet of music in the first image is placed on the music stand, while in the second image, it is placed on the piano.
13. The sheet of music in the first image is placed on the music stand, while in the second image, it is placed on the piano.
14. The sheet of music in the first image is placed on the music stand, while in the second image, it is placed on the piano.
15. The sheet of music in the first image is placed on the music stand, while in the second image, it is placed on the piano.
16. The sheet of music in the first image is placed on the music stand, while in the second image, it is placed on the piano.",,,,,,,,,
2467,6722,CLIP,0.9528949,SigLIP,0.51035404,DINO,0.99179,clip_caltech_blind_spots.csv,Caltech101,"{
  ""Explanation"": ""The two images depict a grand piano with a black finish. The differences between the two images are as follows: 

1. The orientation and direction of the piano in the first image is facing the viewer, while in the second image, it is facing away from the viewer.
2. The presence of a book or music sheet on the piano in the first image is missing in the second image.
3. The second image has a different lighting condition, with the piano being in shadow, while the first image has a brighter and more evenly lit scene.
4. The second image has a different color scheme, with the piano being in a darker shade of black, while the first image has a more vibrant and reflective finish.
5. The second image has a different perspective, with the piano being viewed from a different angle, while the first image has a more frontal and direct view.
6. The second image has a different state and condition, with the piano being in a more worn or aged appearance, while the first image has a more pristine and polished finish.
7. The second image has a different quantity and count, with the piano being shown in a single image, while the first image has a double image of the piano.
8. The second image has a different position and context, with the piano being placed in a different environment, such as a room or a studio, while the first image has a more isolated and focused view of the piano.
9. The second image has a different color and appearance, with the piano being in a darker shade of black, while the first image has a more vibrant and reflective finish.
10. The second image has a different structural characteristic, with the piano having a more complex and detailed design, while the first image has a simpler and more minimalist design.
11. The second image has a different viewpoint and perspective, with the piano being viewed from a different angle, while the first image has a more frontal and direct view of the piano.
12. The second image has a different text, with the piano being shown in a different context, such as a music sheet or a book, while the first image has no text present.
13. The second image has a different state and condition, with the piano being in a more worn or aged appearance, while the first image has a more pristine and polished finish.
14. The second image has a different quantity and count, with the piano being shown in a single image, while the first image has a double image",,,,,,,,,
2471,6659,CLIP,0.9503521,SigLIP,0.29805952,DINO,0.86181813,clip_caltech_blind_spots.csv,Caltech101,The two images are identical. There are no differences between them.,,,,,,,,,
2505,6438,CLIP,0.98146856,SigLIP,0.59363127,DINO,0.99707955,clip_caltech_blind_spots.csv,Caltech101,"The two images are identical. They both depict a red octagonal stop sign with the word 'STOP' written in white letters. The signs are identical in terms of shape, color, and text. There are no differences in the orientation, presence of features, state and condition, quantity and count, positional context, structural characteristics, text, viewpoint perspective, or color appearance between the two images.",,,,,,,,,
2505,7763,CLIP,0.97544897,SigLIP,0.53382754,DINO,0.983623,clip_caltech_blind_spots.csv,Caltech101,"The two images are identical. They both depict a red octagonal stop sign with the word 'STOP' written in white letters. The signs are identical in size, shape, and color, and there are no differences in their orientation, presence of features, state and condition, quantity and count, positional context, structural characteristics, text, viewpoint perspective, or color appearance.",,,,,,,,,
2505,6639,CLIP,0.9751005,SigLIP,0.21565393,DINO,0.9338193,clip_caltech_blind_spots.csv,Caltech101,"The two images are identical. They both depict a red octagonal stop sign with the word 'STOP' written in white letters. The signs are placed in the same orientation and direction, and there are no differences in the presence or state of the features, the condition of the object, the number of objects, the color and appearance, the structural characteristics, the text, the viewpoint perspective, or the structural characteristics.",1.0,1.0,1.0,1.0,1.0,1.0,1.0,1.0,1.0
2505,6385,CLIP,0.9722811,SigLIP,0.3194692,DINO,0.9852707,clip_caltech_blind_spots.csv,Caltech101,"The two images are identical. They both depict a red octagonal stop sign with the word 'STOP' written in white letters. The signs are placed against a gray background, and there are no differences in their orientation, presence of features, state and condition, number and count, positional context, color and appearance, structural characteristics, text, viewpoint perspective, or any other aspect.",,,,,,,,,
2537,5240,CLIP,0.95367277,SigLIP,0.3777959,DINO,0.7427117,clip_caltech_blind_spots.csv,Caltech101,The two images are identical. They depict the same woman with the same hairstyle and facial features.,,,,,,,,,
2558,5240,CLIP,0.95169425,SigLIP,0.43252897,DINO,0.88436866,clip_caltech_blind_spots.csv,Caltech101,"The two images appear to be identical. They show the same woman with the same hairstyle and background. There are no differences in the woman's appearance, the background, or the objects in the image.",,,,,,,,,
2680,4168,CLIP,0.9799944,SigLIP,0.5368438,DINO,0.9899087,clip_caltech_blind_spots.csv,Caltech101,"The two images depict the same jaguar, but they are taken from different angles and perspectives. The first image is a close-up shot of the jaguar's face, while the second image is a wider shot showing the jaguar's entire body. The jaguar's position and orientation are also different in the two images.",1.0,0.0,0.0,0.0,0.0,0.0,0.0,0.0,1.0
2692,4131,CLIP,0.9799321,SigLIP,0.56445265,DINO,0.98312575,clip_caltech_blind_spots.csv,Caltech101,"The two images depict the same leopard in different positions and orientations. The first image shows the leopard in a more upright stance, while the second image shows it in a more crouched position. The leopard's body posture and the angle of its head are different in the two images.",1.0,0.0,0.0,0.0,1.0,0.0,0.0,0.0,1.0
2728,7561,CLIP,0.9605006,SigLIP,0.5426457,DINO,0.9723959,clip_caltech_blind_spots.csv,Caltech101,"The two images depict the same piano, but they are taken from different angles. The first image shows the piano from the front, while the second image shows it from the side. The orientation and direction of the image are different, but the overall appearance of the piano remains the same.",1.0,0.0,0.0,0.0,0.0,0.0,0.0,0.0,0.0
2728,3890,CLIP,0.95573986,SigLIP,0.4238987,DINO,0.9451287,clip_caltech_blind_spots.csv,Caltech101,"The two images depict the same piano, but they are taken from different angles and perspectives. The first image shows the piano from a front view, while the second image shows it from a side view. The orientation and direction of the piano are different in the two images. The presence of features such as the keys, pedals, and the overall shape of the piano is the same in both images. The state and condition of the piano are also the same in both images. The quantity and count of objects are the same. The positional context is the same. The color and appearance of the piano are the same. The structural characteristics of the piano are the same. There are no differences in written words, numbers, or logos. The viewpoint perspective is the same. There are no differences in the camera angle, zoom level, or framing.",1.0,0.0,0.0,0.0,0.0,0.0,0.0,0.0,0.0
2740,3611,CLIP,0.95615876,SigLIP,0.2814089,DINO,0.6992196,clip_caltech_blind_spots.csv,Caltech101,"The two images appear to be identical. There are no differences in the objects, their states, or their positions. The lighting and colors are also consistent between the two images.",,,,,,,,,
2750,3363,CLIP,0.9527937,SigLIP,0.48659694,DINO,0.9489981,clip_caltech_blind_spots.csv,Caltech101,"The two images depict the same animal, a mountain lion, but they are taken from different angles and perspectives. The first image is a frontal view, while the second image is a side view. The mountain lion is standing on a rock, and its fur color is a mix of brown and orange. The background is blurred, and the lighting is natural, suggesting it was taken outdoors. The second image is rotated 90 degrees clockwise compared to the first image. There are no other differences in the features or state of the mountain lion between the two images.",1.0,0.0,0.0,0.0,0.0,0.0,0.0,0.0,0.0
2765,3372,CLIP,0.98654866,SigLIP,0.5482408,DINO,0.9888672,clip_caltech_blind_spots.csv,Caltech101,"{
  ""Explanation"": ""The two images depict the same scene of a group of cheetahs sitting in the grass. However, the cheetahs in the second image are slightly more relaxed and appear to be in a more natural, outdoor setting compared to the first image, which seems to be taken in a more controlled environment, possibly a wildlife reserve or sanctuary."",
  ""Orientation_And_Direction"": 1,  // The images are facing the same direction.
  ""Presence_Of_Features"": 1,  // Specific parts or details are present in both images.
  ""State_And_Condition"": 1,  // The objects are in the same state and condition in both images.
  ""Quantity_And_Count"": 1,  // The number of objects is the same in both images.
  ""Positional_Context"": 1,  // Objects are placed in the same relative positions in both images.
  ""Color_And_Appearance"": 1,  // The colors and appearance of the objects are the same in both images.
  ""Structural_Characteristics"": 1,  // The core shape, material, and physical build of the objects are the same in both images.
  ""Text"": 0,  // There are no written words, numbers, or logos in the images.
  ""Viewpoint_Perspective"": 1,  // The camera angle and framing are the same in both images.
}",,,,,,,,,
2766,2937,CLIP,0.9873185,SigLIP,0.29759252,DINO,0.98152643,clip_caltech_blind_spots.csv,Caltech101,"The two images depict the same jaguar in different positions and orientations. The first image shows the jaguar standing upright, while the second image shows it sitting on the ground. The jaguar's position and orientation have changed between the two images.",1.0,0.0,0.0,0.0,1.0,0.0,0.0,0.0,0.0
2924,3256,CLIP,0.9549364,SigLIP,0.4798045,DINO,0.9065888,clip_caltech_blind_spots.csv,Caltech101,"The two images appear to be identical. There are no differences in the objects, their states, or their positions.",,,,,,,,,
2983,6639,CLIP,0.95391285,SigLIP,0.30650416,DINO,0.9056959,clip_caltech_blind_spots.csv,Caltech101,"The two images are identical. They both depict a red octagonal stop sign with the word 'STOP' written in white capital letters. The signs are placed on a green background, and there are no differences in their orientation, presence of features, state and condition, number and count, positional context, color and appearance, structural characteristics, text, viewpoint perspective, or any other aspect.",,,,,,,,,
2983,8371,CLIP,0.9519249,SigLIP,0.5752509,DINO,0.9545877,clip_caltech_blind_spots.csv,Caltech101,The two images are identical. They both depict a red octagonal stop sign with the word 'STOP' written in white capital letters on a green background.,1.0,1.0,1.0,1.0,1.0,1.0,1.0,1.0,1.0
3151,5299,CLIP,0.9572163,SigLIP,0.525136,DINO,0.9751998,clip_caltech_blind_spots.csv,Caltech101,"The two images are identical. They show the same person with the same hairstyle and makeup, wearing a white shirt. The background and lighting are also the same.",,,,,,,,,
3195,3719,CLIP,0.9641612,SigLIP,0.47449654,DINO,0.925554,clip_caltech_blind_spots.csv,Caltech101,"The two images appear to be identical. There are no differences in the objects, their states, or their positions. The person's hair and facial features are the same in both images. The background and lighting are also the same. The camera angle and framing are also the same. There are no differences in the text or the overall appearance of the objects.",,,,,,,,,
3307,8464,CLIP,0.9597819,SigLIP,0.42593777,DINO,0.780889,clip_caltech_blind_spots.csv,Caltech101,"The two images appear to be identical. There are no differences in the objects, their states, or their positions.",,,,,,,,,
3390,6443,CLIP,0.956192,SigLIP,0.23660515,DINO,0.9580138,clip_caltech_blind_spots.csv,Caltech101,"The two images depict the same airplane, but they are taken from different angles. The first image is taken from the side, while the second image is taken from the front. The orientation and direction of the airplane are different in the two images.",1.0,,,,,,,,
3394,7142,CLIP,0.95844203,SigLIP,0.40069664,DINO,0.9459274,clip_caltech_blind_spots.csv,Caltech101,"The two images appear to be identical. There are no differences in the objects, their states, or their positions relative to each other or the background.",,,,,,,,,
3449,5634,CLIP,0.95738137,SigLIP,0.4885782,DINO,0.9506792,clip_caltech_blind_spots.csv,Caltech101,"The two images depict the same white lotus flower, but they are taken from different angles. The first image is taken from a frontal view, while the second image is taken from a side view. The petals and the central part of the flower are visible in both images, but the overall perspective is different.",1.0,0.0,0.0,0.0,0.0,0.0,0.0,0.0,1.0
3478,8192,CLIP,0.95619035,SigLIP,0.22533077,DINO,0.95992166,clip_caltech_blind_spots.csv,Caltech101,"The two images depict the same tick, but they are taken from different angles. The first image is a frontal view, while the second image is a side view. The orientation and direction of the tick are different in the two images.",1.0,0.0,0.0,0.0,0.0,0.0,0.0,0.0,0.0
3490,6126,CLIP,0.9625387,SigLIP,0.39444488,DINO,0.9561627,clip_caltech_blind_spots.csv,Caltech101,"The two images are identical. There are no differences in the objects, their states, or their positions.",,,,,,,,,
3609,3646,CLIP,0.97559965,SigLIP,0.57207966,DINO,0.90598524,clip_caltech_blind_spots.csv,Caltech101,"The two images are identical. They depict the same symbol, the Yin-Yang symbol, which represents balance and harmony.",,,,,,,,,
3625,8464,CLIP,0.9541755,SigLIP,0.32910836,DINO,0.83300495,clip_caltech_blind_spots.csv,Caltech101,"The two images are identical. They depict the same person with the same hairstyle, facial features, and clothing. The background and other objects in the image are also the same.",,,,,,,,,
3719,6857,CLIP,0.95558876,SigLIP,0.49857622,DINO,0.9494295,clip_caltech_blind_spots.csv,Caltech101,"The two images appear to be identical. There are no differences in the objects, their states, or their positions. The person's hair and facial features are the same in both images. The background and lighting conditions are also the same.",,,,,,,,,
3719,4052,CLIP,0.95553434,SigLIP,0.41826174,DINO,0.94505125,clip_caltech_blind_spots.csv,Caltech101,"The two images appear to be identical. There are no differences in the objects, their states, or their positions. The colors, lighting, and overall appearance of the objects are also the same.",,,,,,,,,
3307,3719,CLIP,0.9502994,SigLIP,0.4392891,DINO,0.9353552,clip_caltech_blind_spots.csv,Caltech101,"The two images appear to be identical. There are no differences in the objects, their states, or their positions.",,,,,,,,,
3780,8445,CLIP,0.96068835,SigLIP,0.5121909,DINO,0.9056695,clip_caltech_blind_spots.csv,Caltech101,The two images are identical. They depict the same stop sign with the word 'STOP' in bold white letters on a red octagonal background.,,,,,,,,,
3824,4467,CLIP,0.9676285,SigLIP,0.5332434,DINO,0.968202,clip_caltech_blind_spots.csv,Caltech101,"The two images depict the same animal, a mountain lion. However, the background in the second image appears to be a different color, possibly due to lighting or a different camera setting. The mountain lion's fur color and overall appearance are identical in both images.",,,,,,,,,
1592,3857,CLIP,0.9515276,SigLIP,0.55831337,DINO,0.8784892,clip_caltech_blind_spots.csv,Caltech101,"The two images appear to be identical. There are no differences in the objects, their states, or their positions. The lighting and colors are also consistent between the two images.",,,,,,,,,
3888,5996,CLIP,0.95488197,SigLIP,0.38134786,DINO,0.9257151,clip_caltech_blind_spots.csv,Caltech101,"The two images are identical. They depict the same cartoon character, Garfield, in the same pose and background.",,,,,,,,,
3900,5387,CLIP,0.950199,SigLIP,0.23734567,DINO,0.98505795,clip_caltech_blind_spots.csv,Caltech101,The two images are identical. They depict the same person with the same hairstyle and facial features.,,,,,,,,,
3949,8273,CLIP,0.9799701,SigLIP,0.5321862,DINO,0.9721242,clip_caltech_blind_spots.csv,Caltech101,"The two images are identical in terms of their structure and appearance. They both depict the yin-yang symbol, which is a symbol of balance and harmony. The yin-yang symbol consists of two circles, one black and one white, with a dot in the center. The yin-yang symbol is often used in Eastern cultures to represent the balance between yin (dark, feminine, and passive) and yang (light, masculine, and active). The two images are side by side, with the same yin-yang symbol in the center.",,,,,,,,,
4235,7171,CLIP,0.9527024,SigLIP,0.5542418,DINO,0.8347615,clip_caltech_blind_spots.csv,Caltech101,"The two images are identical. They depict the same man with red hair and a neutral expression, wearing a light-colored shirt. The background and objects in the image are also identical.",,,,,,,,,
4349,6888,CLIP,0.95157784,SigLIP,0.45623755,DINO,0.9585495,clip_caltech_blind_spots.csv,Caltech101,"The two images depict the same character, Snoopy, from the Peanuts comic strip. However, the background and the position of the character on the red roof are different in the two images. In the first image, Snoopy is sitting on the red roof with a blue sky and white clouds in the background. In the second image, the background is blue with white clouds, and Snoopy is sitting on the red roof with a blue sky and white clouds in the background as well. The only difference is the background color and the position of the character.",1.0,0.0,0.0,0.0,1.0,1.0,1.0,0.0,0.0
4364,6475,CLIP,0.9524323,SigLIP,0.31237435,DINO,0.9556427,clip_caltech_blind_spots.csv,Caltech101,"The two images depict the same menorah, a traditional Jewish candelabrum, but they are in different orientations and positions. The first image shows the menorah with its arms extended outward, while the second image shows it with its arms bent inward. The orientation and position of the menorah are the only differences between the two images.",1.0,0.0,0.0,0.0,0.0,0.0,0.0,0.0,0.0
4426,7507,CLIP,0.9570527,SigLIP,0.4193796,DINO,0.8527314,clip_caltech_blind_spots.csv,Caltech101,"The two images are identical. They depict the same man with a bald head, a beard, and a mustache. The background and lighting are also the same in both images. There are no differences in the objects or their states, and the man's position and orientation are consistent between the two images.",,1.0,1.0,1.0,1.0,1.0,1.0,0.0,0.0
4468,6976,CLIP,0.95557946,SigLIP,0.40552366,DINO,0.8721626,clip_caltech_blind_spots.csv,Caltech101,"The two images appear to be identical. There are no differences in the objects, their states, or their positions. The woman's hair, clothing, and background are all the same in both images.",,,,,,,,,
4488,4703,CLIP,0.96393013,SigLIP,0.47597733,DINO,0.8005599,clip_caltech_blind_spots.csv,Caltech101,The two images are identical. They depict the same stop sign with the word 'STOP' in bold white letters on a red octagonal background.,,,,,,,,,
1750,4488,CLIP,0.9553836,SigLIP,0.47494406,DINO,0.82472193,clip_caltech_blind_spots.csv,Caltech101,The two images are identical. They depict the same stop sign with the word 'STOP' in white letters on a red octagonal background.,1.0,1.0,1.0,1.0,1.0,1.0,1.0,1.0,1.0
4560,5996,CLIP,0.9578378,SigLIP,0.3744029,DINO,0.9299607,clip_caltech_blind_spots.csv,Caltech101,"The two images are identical. They depict the same cartoon character, Garfield, in the same pose and color scheme.",,,,,,,,,
4563,4903,CLIP,0.95193756,SigLIP,0.38811165,DINO,0.95094144,clip_caltech_blind_spots.csv,Caltech101,"The two images depict the same dinosaur, but they are in different orientations and positions. The first image is a frontal view of the dinosaur, while the second image is a side view. The orientation and position of the dinosaur in the two images are different.",1.0,,,,,,,,
3949,4583,CLIP,0.9733765,SigLIP,0.42332503,DINO,0.9575355,clip_caltech_blind_spots.csv,Caltech101,"The two images are identical in terms of their structure and appearance. They both depict the yin-yang symbol, which is a symbol of balance and harmony. The yin-yang symbol consists of two circles, one black and one white, with a dot in the center. The yin-yang symbol is often used in Eastern philosophy and culture to represent the duality of opposites and the balance between them.",,,,,,,,,
4583,6781,CLIP,0.9634409,SigLIP,0.4378526,DINO,0.9468086,clip_caltech_blind_spots.csv,Caltech101,"The two images are identical. They depict the same symbol, the Yin-Yang symbol, which represents balance and harmony.",,,,,,,,,
4642,4862,CLIP,0.9593986,SigLIP,0.57208925,DINO,0.9731959,clip_caltech_blind_spots.csv,Caltech101,The two images are identical. They depict the same woman with the same hairstyle and facial features.,,,,,,,,,
4583,4779,CLIP,0.9510009,SigLIP,0.430241,DINO,0.86763084,clip_caltech_blind_spots.csv,Caltech101,"The two images are identical in terms of their structure and appearance. They both depict the yin-yang symbol, which is a symbol of balance and harmony. The yin-yang symbol consists of two circles, one black and one white, with a dot in the center. The yin-yang symbol is often used in Eastern philosophy to represent the duality of opposites and the balance between them.",,,,,,,,,
4789,7539,CLIP,0.9634276,SigLIP,0.46787986,DINO,0.6884652,clip_caltech_blind_spots.csv,Caltech101,"The two images appear to be identical. There are no differences in the objects, their states, or their positions. The man's hair, facial features, and clothing are consistent between the two images.",,,,,,,,,
4795,5859,CLIP,0.95837516,SigLIP,0.5337584,DINO,0.8928868,clip_caltech_blind_spots.csv,Caltech101,"The two images appear to be identical. There are no differences in the objects, their states, or their positions.",,,,,,,,,
4825,6005,CLIP,0.95200896,SigLIP,0.4481167,DINO,0.90367067,clip_caltech_blind_spots.csv,Caltech101,"The two images are identical. They depict the same cartoon character, Garfield, in the same pose and color. The character is standing with one arm extended and the other arm bent at the elbow, and he is wearing a yellow shirt with a black collar. The background is a solid yellow color. There are no differences in the objects, their states, or their positions relative to each other or the background.",,,,,,,,,
3888,4825,CLIP,0.95021176,SigLIP,0.4261055,DINO,0.9089298,clip_caltech_blind_spots.csv,Caltech101,"The two images are identical. They depict the same cartoon character, Garfield, in the same pose and orientation.",,,,,,,,,
4876,6443,CLIP,0.96463656,SigLIP,0.41864353,DINO,0.9680728,clip_caltech_blind_spots.csv,Caltech101,"The two images depict the same airplane, but they are taken from different angles and perspectives. The first image shows the airplane from the side, while the second image shows it from the front. The orientation and direction of the airplane are different in the two images. The presence of features such as the tail, wings, and engines is the same in both images. The state and condition of the airplane appear to be the same in both images. The number of objects is the same in both images. The color and appearance of the airplane are the same in both images. The structural characteristics of the airplane are the same in both images. There are no differences in written words, numbers, or logos. The camera angle and framing are the same in both images. There are no differences in the viewpoint or perspective.",1.0,0.0,0.0,0.0,0.0,0.0,0.0,0.0,0.0
4902,5795,CLIP,0.9532864,SigLIP,0.3375699,DINO,0.83844405,clip_caltech_blind_spots.csv,Caltech101,"The two images are identical. They depict the same person with the same hairstyle, facial features, and clothing. The background and objects in the image are also the same.",,,,,,,,,
4902,8464,CLIP,0.9515366,SigLIP,0.59460306,DINO,0.80469525,clip_caltech_blind_spots.csv,Caltech101,"The two images appear to be identical. There are no differences in the objects, their states, or their positions. The person's hair and facial features are the same in both images. The background and lighting are also consistent.",,,,,,,,,
3307,4902,CLIP,0.9505464,SigLIP,0.36990732,DINO,0.8572501,clip_caltech_blind_spots.csv,Caltech101,"The two images appear to be identical. There are no differences in the objects, their states, or their positions. The colors, lighting, and overall appearance of the objects are also the same.",,,,,,,,,
4912,8596,CLIP,0.9787719,SigLIP,0.18479751,DINO,0.9923097,clip_caltech_blind_spots.csv,Caltech101,"The two images depict the same tick, but they are in different orientations and positions. The first image is a frontal view of the tick, while the second image is a side view. The orientation and position of the tick in the two images are different.",1.0,0.0,0.0,0.0,0.0,0.0,0.0,0.0,0.0
5015,6866,CLIP,0.9508196,SigLIP,0.3802376,DINO,0.8251351,clip_caltech_blind_spots.csv,Caltech101,"The two images appear to be identical. There are no differences in the objects, their states, or their positions. The person's hair, clothing, and background are consistent between the two images.",,,,,,,,,
5240,8194,CLIP,0.9572969,SigLIP,0.26408762,DINO,0.959131,clip_caltech_blind_spots.csv,Caltech101,The two images are identical. They depict the same woman with the same hairstyle and background.,,,,,,,,,
5268,8578,CLIP,0.96199995,SigLIP,0.3951963,DINO,0.97446275,clip_caltech_blind_spots.csv,Caltech101,"The two images are identical. They depict the same person with the same hairstyle and facial features, wearing the same clothing, and with the same expression. The background and lighting are also the same in both images.",,,,,,,,,
5277,7663,CLIP,0.9690243,SigLIP,0.5929406,DINO,0.98891914,clip_caltech_blind_spots.csv,Caltech101,"The two images depict the same cheetah in different positions and orientations. The cheetah is walking through a forest, and its posture and direction of movement are different in the two images. The first image shows the cheetah walking towards the right, while the second image shows it walking towards the left. The cheetah's body posture and the direction of its legs are also different in the two images. The cheetah's fur pattern and overall appearance are consistent between the two images.",1.0,0.0,0.0,0.0,1.0,0.0,0.0,0.0,1.0
5283,6431,CLIP,0.954157,SigLIP,0.47638693,DINO,0.97962,clip_caltech_blind_spots.csv,Caltech101,"The two images depict the same tick, but they are oriented differently. The first image shows the tick from the side, while the second image shows it from the top. This difference in orientation affects the way the tick is perceived and can be considered a structural characteristic.",1.0,,,,,,1.0,,
5523,5573,CLIP,0.9506545,SigLIP,0.5719162,DINO,0.9770173,clip_caltech_blind_spots.csv,Caltech101,"The two images are identical. There are no differences in the objects, their states, or their positions.",,,,,,,,,
5536,5548,CLIP,0.9518106,SigLIP,0.024143592,DINO,0.8452048,clip_caltech_blind_spots.csv,Caltech101,"The two images appear to be identical. There are no differences in the objects, their states, or their positions. The lighting and colors are also consistent between the two images.",,,,,,,,,
1592,5573,CLIP,0.9544976,SigLIP,0.49565822,DINO,0.89988446,clip_caltech_blind_spots.csv,Caltech101,"The two images appear to be identical. There are no differences in the objects, their states, or their positions. The lighting and colors are also consistent between the two images.",,,,,,,,,
5573,8464,CLIP,0.9520976,SigLIP,0.3944595,DINO,0.75292724,clip_caltech_blind_spots.csv,Caltech101,"The two images appear to be identical. There are no differences in the objects, their states, or their positions. The colors, lighting, and overall appearance of the objects are also the same.",,,,,,,,,
5795,8464,CLIP,0.95059377,SigLIP,0.251017,DINO,0.7947272,clip_caltech_blind_spots.csv,Caltech101,"The two images are identical. They depict the same person with the same hairstyle, facial features, and clothing. The background and objects in the image are also the same.",,,,,,,,,
5926,5996,CLIP,0.9563911,SigLIP,0.35990393,DINO,0.92208165,clip_caltech_blind_spots.csv,Caltech101,"The two images are identical. They depict the same cartoon character, Garfield, in the same pose and background.",,,,,,,,,
5979,8016,CLIP,0.9746479,SigLIP,0.4202775,DINO,0.9641562,clip_caltech_blind_spots.csv,Caltech101,"The two images depict the same lobster, but they are in different orientations and positions. The first image is a 3D rendering of the lobster, while the second image is a photograph of the same lobster. The orientation and position of the lobster are different in the two images.",1.0,0.0,0.0,0.0,1.0,0.0,0.0,0.0,0.0
5996,6005,CLIP,0.9615197,SigLIP,0.40052822,DINO,0.9171314,clip_caltech_blind_spots.csv,Caltech101,"The two images are identical. They depict the same cartoon character, Garfield, standing upright with his arms outstretched. The background is the same yellow color, and there are no differences in the character's appearance or the objects in the image.",,,,,,,,,
6030,6128,CLIP,0.9555446,SigLIP,0.2141384,DINO,0.61479115,clip_caltech_blind_spots.csv,Caltech101,"The two images appear to be identical. There are no differences in the objects, their states, or their positions. The colors, lighting, and overall appearance of the objects are also the same.",,,,,,,,,
6136,6857,CLIP,0.9560042,SigLIP,0.35872576,DINO,0.85200936,clip_caltech_blind_spots.csv,Caltech101,"The two images depict the same person, but they are taken from different angles. The person is facing the camera in one image and turned to the side in the other. The person's hair and facial features are the same in both images, but the angle of the photo changes the way the person is perceived.",1.0,0.0,0.0,0.0,0.0,0.0,0.0,0.0,1.0
6249,7263,CLIP,0.95394886,SigLIP,0.5552817,DINO,0.75739634,clip_caltech_blind_spots.csv,Caltech101,"The two images appear to be identical. There are no differences in the objects, their states, or their positions. The man's hairstyle, facial hair, and background remain unchanged.",,,,,,,,,
6385,6438,CLIP,0.9848871,SigLIP,0.510955,DINO,0.98493314,clip_caltech_blind_spots.csv,Caltech101,The two images are identical. They both depict a red octagonal stop sign with the word 'STOP' written in white letters.,1.0,1.0,1.0,1.0,1.0,1.0,1.0,1.0,1.0
6385,8367,CLIP,0.98276126,SigLIP,0.38280517,DINO,0.98594975,clip_caltech_blind_spots.csv,Caltech101,The two images are identical. They both depict a red octagonal stop sign with the word 'STOP' written in white letters.,,,,,,,,,
6385,7763,CLIP,0.9806918,SigLIP,0.5018531,DINO,0.9686299,clip_caltech_blind_spots.csv,Caltech101,The two images are identical. They both depict a red octagonal stop sign with the word 'STOP' written in white letters.,,,,,,,,,
6443,7940,CLIP,0.95089006,SigLIP,0.474028,DINO,0.94535697,clip_caltech_blind_spots.csv,Caltech101,"The two images depict the same airplane, but they are taken from different angles. The first image shows the airplane from the side, while the second image shows it from the front. The orientation and direction of the airplane are different in the two images.",1.0,,,,,,,,
6584,8550,CLIP,0.9754299,SigLIP,0.449181,DINO,0.894165,clip_caltech_blind_spots.csv,Caltech101,"The two images depict the same symbol, the Yin-Yang symbol, which represents balance and harmony. The differences between the two images are minimal and do not affect the overall meaning or interpretation of the symbol.",,,,,,,,,
179,6584,CLIP,0.9697435,SigLIP,0.5877828,DINO,0.9304975,clip_caltech_blind_spots.csv,Caltech101,"The two images depict the same symbol, the Yin-Yang symbol, which represents balance and harmony. The differences between the two images are minimal and do not affect the overall meaning or interpretation of the symbol.",,,,,,,,,
6639,8445,CLIP,0.9850812,SigLIP,0.37991482,DINO,0.9416938,clip_caltech_blind_spots.csv,Caltech101,"The two images are identical. They both depict a red octagonal stop sign with white text. The sign is placed against a gray background, and there are no differences in the objects' states, conditions, or quantities. The orientation and direction of the sign are consistent, and there are no specific parts or small details added or missing. The state and condition of the sign is the same, and there is no difference in the number of objects. The colors and appearance of the sign are the same, and there are no structural characteristics differences. The text is the same, and there is no difference in the camera angle or framing. Therefore, the differences fall into the category of no difference.",,,,,,,,,
6639,7763,CLIP,0.9816638,SigLIP,0.42809445,DINO,0.92646646,clip_caltech_blind_spots.csv,Caltech101,The two images are identical. They both depict a red octagonal stop sign with the word 'STOP' written in white letters on a black background.,,,,,,,,,
6385,6639,CLIP,0.9794487,SigLIP,0.34248903,DINO,0.93308187,clip_caltech_blind_spots.csv,Caltech101,The two images are identical. They both depict a red octagonal stop sign with the word 'STOP' written in white letters.,1.0,1.0,1.0,1.0,1.0,1.0,1.0,1.0,1.0
6639,7952,CLIP,0.97896844,SigLIP,0.3781685,DINO,0.9244281,clip_caltech_blind_spots.csv,Caltech101,"The two images are identical. They both depict a red octagonal stop sign with white text. The sign is placed against a black background, and there are no differences in the objects' states, conditions, or quantities. The orientation and direction of the sign are consistent, and there are no specific parts or small details added or missing. The state and condition of the sign is the same, and there is no difference in the number of objects. The colors and appearance of the sign are the same, and there are no structural characteristics differences. The text is the same, and there is no difference in the camera angle or framing. Therefore, the differences fall into the category of no difference.",,,,,,,,,
6866,8464,CLIP,0.9660809,SigLIP,0.4504308,DINO,0.7795994,clip_caltech_blind_spots.csv,Caltech101,"The two images appear to be identical. There are no differences in the objects, their states, or their positions. The colors, lighting, and overall appearance of the objects are also the same.",,,,,,,,,
6857,6866,CLIP,0.95101,SigLIP,0.31165963,DINO,0.91273427,clip_caltech_blind_spots.csv,Caltech101,"The two images appear to be identical. There are no differences in the objects, their states, or their positions. The colors, lighting, and overall appearance of the objects are also the same.",,,,,,,,,
7259,8637,CLIP,0.95431817,SigLIP,0.3191424,DINO,0.7994484,clip_caltech_blind_spots.csv,Caltech101,The two images are identical. There are no differences between them.,,,,,,,,,
7538,8565,CLIP,0.95867157,SigLIP,0.5875237,DINO,0.9404943,clip_caltech_blind_spots.csv,Caltech101,"The man's hair color appears to be different in the two images. In the first image, the man has red hair, while in the second image, his hair is blonde. This is the only difference between the two images.",,1.0,,,,1.0,,,
7670,8035,CLIP,0.9579958,SigLIP,0.5831134,DINO,0.8678278,clip_caltech_blind_spots.csv,Caltech101,"The two images appear to be identical. There are no differences in the objects, their states, or their positions. The lighting and colors are also consistent between the two images.",,,,,,,,,
7678,7760,CLIP,0.96594536,SigLIP,0.54838645,DINO,0.9030776,clip_caltech_blind_spots.csv,Caltech101,"The two images appear to be identical. There are no differences in the objects, their states, or their positions.",,,,,,,,,
7763,8445,CLIP,0.98439866,SigLIP,0.49411,DINO,0.9540578,clip_caltech_blind_spots.csv,Caltech101,The two images are identical. They depict the same stop sign with the word 'STOP' in white letters on a red octagonal background.,,,,,,,,,
7793,8273,CLIP,0.970325,SigLIP,0.52666605,DINO,0.9290432,clip_caltech_blind_spots.csv,Caltech101,"The two images depict the same symbol, the Yin-Yang symbol, which represents balance and harmony. The differences between the two images are minimal and do not affect the overall meaning or interpretation of the symbol.",,,,,,,,,
4583,7793,CLIP,0.96343017,SigLIP,0.43060884,DINO,0.95615613,clip_caltech_blind_spots.csv,Caltech101,"The two images are identical. They depict the same symbol, the Yin-Yang symbol, which represents balance and harmony.",,,,,,,,,
6385,7952,CLIP,0.97726035,SigLIP,0.4285864,DINO,0.96076864,clip_caltech_blind_spots.csv,Caltech101,The two images are identical. They both depict a red octagonal stop sign with the word 'STOP' written in white letters on a red background.,1.0,1.0,1.0,1.0,1.0,1.0,1.0,1.0,1.0
6385,8134,CLIP,0.9713826,SigLIP,0.48714978,DINO,0.87327737,clip_caltech_blind_spots.csv,Caltech101,The two images are identical. They both depict a red octagonal stop sign with the word 'STOP' written in white letters.,,,,,,,,,
8206,8637,CLIP,0.9513686,SigLIP,0.39333212,DINO,0.80690855,clip_caltech_blind_spots.csv,Caltech101,"The two images appear to be identical. There are no differences in the objects, their states, or their positions. The lighting and colors are also consistent between the two images.",,,,,,,,,
6781,8273,CLIP,0.9683191,SigLIP,0.5763186,DINO,0.9379271,clip_caltech_blind_spots.csv,Caltech101,"The two images are identical. They depict the same symbol, the Yin-Yang symbol, which represents balance and harmony. The symbol consists of two circles, one black and one white, connected by a line. The black circle is on the left, and the white circle is on the right. The symbol is symmetrical and balanced, with the black circle on top and the white circle on the bottom. The orientation and direction of the symbol are consistent between the two images.",1.0,1.0,1.0,1.0,1.0,1.0,1.0,0.0,0.0
179,8273,CLIP,0.9623264,SigLIP,0.5692886,DINO,0.9392872,clip_caltech_blind_spots.csv,Caltech101,"The two images depict the same symbol, the Yin-Yang symbol, which represents balance and harmony. The differences between the two images are minimal and do not affect the overall meaning or interpretation of the symbol.",,,,,,,,,
8367,8445,CLIP,0.97267467,SigLIP,0.39080048,DINO,0.96718323,clip_caltech_blind_spots.csv,Caltech101,The two images are identical. They both depict a red octagonal stop sign with the word 'STOP' written in white letters.,0.0,1.0,1.0,1.0,1.0,1.0,1.0,1.0,1.0
8134,8371,CLIP,0.9596497,SigLIP,0.32621002,DINO,0.87918735,clip_caltech_blind_spots.csv,Caltech101,"The two images are identical. They both contain a red octagonal stop sign with the word 'STOP' written in white letters. The signs are placed against a green background, and there are no differences in their orientation, presence of features, state and condition, number and count, positional context, color and appearance, structural characteristics, text, viewpoint perspective, or any other aspect.",,,,,,,,,
8371,8445,CLIP,0.958153,SigLIP,0.325787,DINO,0.94526947,clip_caltech_blind_spots.csv,Caltech101,The two images are identical. They both depict a red stop sign with a white border and a green background.,1.0,1.0,1.0,1.0,1.0,1.0,1.0,1.0,1.0
1929,8371,CLIP,0.95748687,SigLIP,0.34721333,DINO,0.9419999,clip_caltech_blind_spots.csv,Caltech101,"The two images are identical. They both depict a red octagonal stop sign with the word 'STOP' written in white letters. The signs are placed against a green background, and there are no differences in their orientation, presence of features, state and condition, number and count, positional context, color and appearance, structural characteristics, text, viewpoint perspective, or any other aspect.",,,,,,,,,
6639,8371,CLIP,0.9527317,SigLIP,0.3928283,DINO,0.93122536,clip_caltech_blind_spots.csv,Caltech101,The two images are identical. They both depict a red octagonal stop sign with white text. The sign is placed against a green background.,,,,,,,,,
8396,8508,CLIP,0.9633347,SigLIP,0.58679855,DINO,0.98119855,clip_caltech_blind_spots.csv,Caltech101,"The two images are identical. They depict the same person with the same hairstyle and background. The person is wearing a gray shirt and has a slight smile. The background includes a wooden door and some papers with text on them. The person's hair is shoulder-length, and the background is plain and unobtrusive.",,1.0,1.0,1.0,1.0,1.0,1.0,1.0,1.0
3609,8550,CLIP,0.96768785,SigLIP,0.49459255,DINO,0.89157695,clip_caltech_blind_spots.csv,Caltech101,"The two images are identical. They depict the same symbol, the Yin-Yang symbol, which represents balance and harmony.",,,,,,,,,
1732,8550,CLIP,0.9665744,SigLIP,0.41277236,DINO,0.9246148,clip_caltech_blind_spots.csv,Caltech101,"The two images are identical. They depict the same symbol, the Yin-Yang symbol, which represents balance and harmony.",,,,,,,,,
3949,8550,CLIP,0.9664985,SigLIP,0.49228415,DINO,0.9378994,clip_caltech_blind_spots.csv,Caltech101,"The two images are identical in terms of their structure and appearance. They both depict the yin-yang symbol, which is a symbol of balance and harmony. The yin-yang symbol consists of two circles, one black and one white, with a dot in the center. The yin-yang symbol is often used in Eastern philosophy and culture to represent the duality of opposites and the balance between them.",,,,,,,,,
6005,8663,CLIP,0.95295393,SigLIP,0.43241525,DINO,0.9197109,clip_caltech_blind_spots.csv,Caltech101,"The two images are identical. They depict the same cartoon character, Garfield, in the same pose and color scheme.",,,,,,,,,
3888,8663,CLIP,0.9509263,SigLIP,0.41521257,DINO,0.91952264,clip_caltech_blind_spots.csv,Caltech101,"The two images are identical. They depict the same cartoon character, Garfield, in the same pose and background.",,,,,,,,,
20,465,DINO,0.9905869,SigLIP,0.4258185,CLIP,0.9612273,dino_caltech_blind_spots.csv,Caltech101,"The two images appear to be identical. There are no differences in the objects, their states, or their positions. The colors, lighting, and overall appearance of the objects are also the same.",,,,,,,,,
55,7297,DINO,0.9905976,SigLIP,0.58670044,CLIP,0.9873919,dino_caltech_blind_spots.csv,Caltech101,"The two images depict the same jaguar, but they are taken from different angles and perspectives. The first image shows the jaguar from a side view, while the second image shows it from a front view. The jaguar appears to be in the same location, but the angle and perspective have changed.",1.0,0.0,0.0,0.0,0.0,0.0,0.0,0.0,1.0
88,8386,DINO,0.95421124,SigLIP,0.53633124,CLIP,0.90156096,dino_caltech_blind_spots.csv,Caltech101,"The two images appear to be identical. There are no differences in the objects, their states, or their positions relative to each other or the background.",,,,,,,,,
92,7800,DINO,0.9602064,SigLIP,0.5832396,CLIP,0.9402355,dino_caltech_blind_spots.csv,Caltech101,"The man in the first image has red hair, while the man in the second image has red hair as well. However, the man in the second image has a more serious expression on his face.",,1.0,,,,,,,
103,5524,DINO,0.9852028,SigLIP,0.5767659,CLIP,0.8905983,dino_caltech_blind_spots.csv,Caltech101,"The two images depict the same Stegosaurus, but they are in different orientations and lighting conditions. The first image is a 3D rendering of the dinosaur, while the second image is a photograph of the same dinosaur. The orientation of the dinosaur in the first image is facing the viewer, while in the second image, it is facing away from the viewer. The lighting in the first image is bright and even, while in the second image, the lighting is dimmer and more dramatic. The overall vibrancy of the first image is higher, with more highlights and shadows, while the second image has a more muted color palette. The structural characteristics of the dinosaur are the same in both images, but the differences in orientation and lighting affect the overall appearance.",1.0,0.0,0.0,0.0,0.0,1.0,1.0,0.0,0.0
105,2271,DINO,0.9685236,SigLIP,0.31010967,CLIP,0.90554464,dino_caltech_blind_spots.csv,Caltech101,"The two images depict two identical chairs, with the same design and color. The chairs are placed side by side on a white fabric background. There are no differences in the objects or their states, and the chairs are in the same orientation and position relative to each other and the background.",,,,,,,,,
116,5039,DINO,0.98294854,SigLIP,0.13983625,CLIP,0.9573027,dino_caltech_blind_spots.csv,Caltech101,"The two images depict the same scorpion, but they are taken from different angles and perspectives. The scorpion is facing the same direction in both images, but the angle and the way it is positioned on the ground are different. In the first image, the scorpion is facing the camera, while in the second image, it is facing away from the camera. Additionally, the scorpion in the second image is positioned more towards the top of the image, while the scorpion in the first image is positioned more towards the bottom.",1.0,0.0,0.0,0.0,0.0,0.0,0.0,0.0,1.0
116,741,DINO,0.98102695,SigLIP,0.25682575,CLIP,0.92897147,dino_caltech_blind_spots.csv,Caltech101,"The two images depict the same scorpion, but they are taken from different angles. The scorpion is facing the same direction in both images, but the angle of the image is different. The scorpion is also in the same position in both images, but the background and the scorpion's appearance are different.",1.0,0.0,0.0,0.0,0.0,0.0,0.0,0.0,0.0
128,563,DINO,0.98974264,SigLIP,0.4248045,CLIP,0.99088764,dino_caltech_blind_spots.csv,Caltech101,"The two images depict the same jaguar, but they are taken from different angles and perspectives. The first image shows the jaguar from a frontal view, while the second image shows it from a side angle. The jaguar's position and orientation are the same, but the angle and perspective of the shot are different.",1.0,0.0,0.0,0.0,0.0,0.0,0.0,0.0,1.0
179,8550,DINO,0.9814634,SigLIP,0.51130176,CLIP,0.9647617,dino_caltech_blind_spots.csv,Caltech101,"The two images depict the same symbol, the Yin-Yang symbol, which represents balance and harmony. The differences between the two images are minimal and do not affect the overall meaning or interpretation of the symbol.",,,,,,,,,
184,2773,DINO,0.9664469,SigLIP,0.28380156,CLIP,0.920375,dino_caltech_blind_spots.csv,Caltech101,"The two images depict the same revolver, but they are presented in different orientations and with different lighting conditions. The first image shows the revolver with the barrel pointing upwards, while the second image shows it with the barrel pointing downwards. The lighting in the first image is brighter, while the second image has a darker, more shadowed appearance. The overall vibrancy of the image is also different, with the first image having a more vivid color palette, while the second image has a more muted tone.",1,0.0,0.0,0.0,0.0,1.0,0.0,0.0,0.0
184,8440,DINO,0.9640318,SigLIP,0.44329605,CLIP,0.8602122,dino_caltech_blind_spots.csv,Caltech101,"The two images depict the same revolver, but they are taken from different angles and perspectives. The first image shows the revolver from the side, while the second image shows it from the front. The orientation and direction of the objects are different, but the overall appearance and details are the same.",1,0.0,0.0,0.0,0.0,0.0,0.0,0.0,0.0
184,6047,DINO,0.96331906,SigLIP,0.46156392,CLIP,0.88459885,dino_caltech_blind_spots.csv,Caltech101,"The two images depict the same revolver, but they are oriented differently. The first image shows the revolver from the side, while the second image shows it from the front. The orientation difference is the primary difference between the two images.",1,,,,,,,,
184,2183,DINO,0.96106195,SigLIP,0.4366984,CLIP,0.8360867,dino_caltech_blind_spots.csv,Caltech101,"The two images depict the same firearm, but they are presented in different orientations and with different lighting conditions. The first image shows the firearm from the side, while the second image shows it from the front. The second image also has a different lighting setup, with a shadow cast on the firearm, which is not present in the first image. Additionally, the first image has a more detailed and realistic lighting, while the second image has a more muted and less detailed lighting. The overall appearance of the firearm is the same in both images, but the differences in orientation and lighting are the main differences.",1,0.0,0.0,0.0,0.0,0.0,0.0,0.0,0.0
190,2616,DINO,0.9660803,SigLIP,0.19557971,CLIP,0.8724227,dino_caltech_blind_spots.csv,Caltech101,"The two images depict the same revolver, but they are taken from different angles and perspectives. The first image shows the revolver from the side, while the second image shows it from the front. The orientation and direction of the revolver are different in the two images.",1,0,0,0,0,0,0,0,1
190,4838,DINO,0.9641117,SigLIP,0.15610173,CLIP,0.8290204,dino_caltech_blind_spots.csv,Caltech101,"The two images depict the same firearm, but they are taken from different angles and perspectives. The first image shows the firearm from a side view, while the second image shows it from a front view. The orientation and direction of the firearm are different in the two images.",1,0,0,0,0,0,0,0,1
190,275,DINO,0.95684874,SigLIP,0.124399826,CLIP,0.867854,dino_caltech_blind_spots.csv,Caltech101,"The two images depict the same revolver, but they are taken from different angles and perspectives. The first image shows the revolver from a side view, while the second image shows it from a front view. The orientation and direction of the objects are different, but the overall appearance and details of the revolver are the same.",1,0,0,0,0,0,0,0,0
190,6364,DINO,0.95678127,SigLIP,0.25152352,CLIP,0.8305777,dino_caltech_blind_spots.csv,Caltech101,"The two images depict the same object, a revolver, but from different angles and perspectives. The first image shows the revolver from a side view, while the second image shows it from a top-down view. The orientation and direction of the object are different in the two images. The presence of features such as the barrel, trigger, and grip is the same in both images. The state and condition of the object are also the same in both images. The quantity and count of the object are the same in both images. The positional context of the object is the same in both images. The color and appearance of the object are the same in both images. The structural characteristics of the object are the same in both images. There are no differences in the text between the two images. The viewpoint perspective is the same in both images. There are no differences in the camera angle, zoom level, or framing between the two images.",1,1,1,1,1,1,1,0,1
205,4162,DINO,0.96149457,SigLIP,0.23536482,CLIP,0.92731977,dino_caltech_blind_spots.csv,Caltech101,"The two images depict the same elephant, but the background and the elephant's position have changed. In the first image, the elephant is standing on a sandy beach with a river in the background, while in the second image, the elephant is standing on a rocky shore with a mountain in the background. The elephant's position has also changed, with the first image showing the elephant standing upright, while the second image shows it bending its trunk down. The elephant's trunk is also raised in the first image, while in the second image, it is lowered. The overall scene and the elephant's posture have changed between the two images.",1.0,0.0,0.0,0.0,1.0,0.0,0.0,0.0,1.0
238,2639,DINO,0.965431,SigLIP,0.26968545,CLIP,0.92701507,dino_caltech_blind_spots.csv,Caltech101,"The two images are identical. They depict the same person with red hair, wearing a light-colored shirt, standing in a doorway with a green door and a yellow wall. The person's expression is neutral, and there are no visible differences between the two images.",,,,,,,,,
246,4200,DINO,0.95279145,SigLIP,0.51140225,CLIP,0.9162065,dino_caltech_blind_spots.csv,Caltech101,"The two images are identical. They depict the same starfish with a golden, glittery appearance against a pink background.",,,,,,,,,
246,1563,DINO,0.9520248,SigLIP,0.5511968,CLIP,0.90884316,dino_caltech_blind_spots.csv,Caltech101,"The two images depict the same starfish, but they are in different orientations. The first image shows the starfish with its arms spread out, while the second image shows the starfish with its arms folded. The starfish is also facing a different direction in the two images. There are no other differences between the two images.",1.0,0.0,0.0,0.0,0.0,0.0,0.0,0.0,0.0
275,6180,DINO,0.9693196,SigLIP,0.3480889,CLIP,0.8733828,dino_caltech_blind_spots.csv,Caltech101,"The two images depict the same revolver, but they are taken from different angles and perspectives. The first image is a frontal view, while the second image is a side view. The orientation and direction of the objects are different, with the first image being more upright and the second image being more angled. The presence of features such as the barrel, trigger, and magazine is the same in both images. The state and condition of the objects are also the same, with the revolver in a fully loaded and ready-to-use state. The quantity and count of objects are the same. The positional context is the same, with the revolver placed on a flat surface. The color and appearance of the objects are the same. The structural characteristics of the objects are the same. There are no differences in text. The viewpoint perspective is the same. There are no differences in the camera angle, zoom level, or framing.",1.0,1.0,1.0,1.0,1.0,1.0,1.0,0.0,1.0
275,3416,DINO,0.9650153,SigLIP,0.33077228,CLIP,0.8810668,dino_caltech_blind_spots.csv,Caltech101,"The two images depict the same firearm, but they are presented in different orientations and positions. The first image shows the firearm with the barrel pointing upwards, while the second image shows it with the barrel pointing downwards. The orientation and position of the firearm are the only differences between the two images.",1.0,0.0,0.0,0.0,0.0,0.0,0.0,0.0,0.0
275,6364,DINO,0.96124256,SigLIP,0.36766028,CLIP,0.86305094,dino_caltech_blind_spots.csv,Caltech101,"The two images depict the same object, a revolver, but they are presented in different orientations and with different lighting conditions. The first image shows the revolver with the barrel pointing upwards, while the second image shows it with the barrel pointing downwards. The lighting in the second image is brighter, which affects the visibility of the details on the revolver. The first image has a more shadowed appearance, while the second image has a more illuminated appearance. The second image also has a different background, which is a white surface with a shadow, while the first image has a plain background. The first image has a more detailed view of the revolver, including the texture of the wood and the metal parts, while the second image has a more abstract view of the revolver, with the barrel and the metal parts being the main focus.",1.0,1.0,1.0,1.0,1.0,1.0,1.0,0.0,1.0
275,4838,DINO,0.9604869,SigLIP,0.31168878,CLIP,0.8476256,dino_caltech_blind_spots.csv,Caltech101,"{
  ""Explanation"": ""The two images depict the same revolver, but they are in different orientations and positions. The first image shows the revolver with the barrel pointing upwards, while the second image shows it with the barrel pointing downwards. The second image also shows the revolver with the cylinder open, while the first image shows it closed. The third image shows the revolver with the cylinder open, while the fourth image shows it closed. The fifth image shows the revolver with the cylinder open, while the sixth image shows it closed. The seventh image shows the revolver with the cylinder open, while the eighth image shows it closed. The ninth image shows the revolver with the cylinder open, while the tenth image shows it closed. The eleventh image shows the revolver with the cylinder open, while the twelfth image shows it closed. The thirteenth image shows the revolver with the cylinder open, while the fourteenth image shows it closed. The fifteenth image shows the revolver with the cylinder open, while the sixteenth image shows it closed. The seventeenth image shows the revolver with the cylinder open, while the eighteenth image shows it closed. The eighteenth image shows the revolver with the cylinder open, while the nineteenth image shows it closed. The twentieth image shows the revolver with the cylinder open, while the twenty-first image shows it closed. The twenty-first image shows the revolver with the cylinder open, while the twenty-second image shows it closed. The twenty-second image shows the revolver with the cylinder open, while the twenty-third image shows it closed. The twenty-third image shows the revolver with the cylinder open, while the twenty-fourth image shows it closed. The twenty-fourth image shows the revolver with the cylinder open, while the twenty-fifth image shows it closed. The twenty-fifth image shows the revolver with the cylinder open, while the twenty-sixth image shows it closed. The twenty-sixth image shows the revolver with the cylinder open, while the twenty-seventh image shows it closed. The twenty-seventh image shows the revolver with the cylinder open, while the twenty-eighth image shows it closed. The twenty-eighth image shows the revolver with the cylinder open, while the twenty-ninth image shows it closed. The twenty-ninth image shows the revolver with the cylinder open, while the thirty-first image shows it closed. The thirty-first image shows the revolver with the cylinder open, while the thirty-second image shows it closed. The thirty-second image shows the revolver with the cylinder open, while the thirty-third image shows it closed. The",,,,,,,,,
284,1016,DINO,0.9742198,SigLIP,0.57168996,CLIP,0.9344061,dino_caltech_blind_spots.csv,Caltech101,"The two images depict the same Buddha statue, but they are in different orientations and colors. The first image is a blue statue, while the second image is a green statue. The Buddha statue is also in a different position in the second image, sitting on a pedestal rather than on a platform. The orientation and color of the statue are the only differences between the two images.",1.0,0.0,0.0,0.0,0.0,1.0,0.0,0.0,0.0
308,7050,DINO,0.95377016,SigLIP,0.49166816,CLIP,0.6573067,dino_caltech_blind_spots.csv,Caltech101,The two images are identical. They depict the same umbrella with a rainbow-colored canopy and a black handle. The umbrella is open and placed against a blue background.,,1.0,1.0,1.0,1.0,1.0,1.0,,
313,643,DINO,0.953123,SigLIP,0.51571476,CLIP,0.92857265,dino_caltech_blind_spots.csv,Caltech101,"The two images depict the same animal, a mountain lion (Puma concolor). However, there are subtle differences in the fur texture and lighting. The fur in the second image appears slightly more detailed and shiny, while the fur in the first image has a more matte finish. The lighting in the second image also appears to be slightly brighter, casting a more pronounced shadow on the animal's face. These differences are not significant and do not affect the overall recognition of the animal.",,,,,,,,,
315,2871,DINO,0.9514833,SigLIP,0.5188905,CLIP,0.9015323,dino_caltech_blind_spots.csv,Caltech101,"The two images depict the same brain, but they are rotated 90 degrees clockwise. This means that the orientation of the brain is reversed, with the left side now facing the viewer and the right side facing away. The position of the brain is also different, with the left side being more towards the top and the right side being more towards the bottom. The overall appearance of the brain is the same, with no visible differences in color, texture, or lighting. The structural characteristics of the brain, such as the gyri and sulci, are also the same in both images. The differences are solely in the orientation and position of the brain.",1.0,,,,,,,,
319,6535,DINO,0.9616158,SigLIP,0.52904725,CLIP,0.91687566,dino_caltech_blind_spots.csv,Caltech101,"The two images depict the same firearm, but they are taken from different angles and perspectives. The first image shows the firearm from the side, while the second image shows it from the front. The orientation and direction of the firearm are different in the two images.",1.0,0.0,0.0,0.0,0.0,0.0,0.0,0.0,1.0
327,4900,DINO,0.9665498,SigLIP,0.5277833,CLIP,0.95642316,dino_caltech_blind_spots.csv,Caltech101,"The two images depict the same soccer ball, but they are rotated 90 degrees clockwise. The ball is still black and white, and it is placed in the same position relative to the background. The orientation and direction of the ball are the only differences.",1.0,0.0,0.0,0.0,0.0,0.0,0.0,0.0,0.0
327,688,DINO,0.9605497,SigLIP,0.5811113,CLIP,0.95311934,dino_caltech_blind_spots.csv,Caltech101,"The two images are identical. They depict the same soccer ball with black and white sections, and the ball is in the same orientation and position.",,,,,,,,,
343,4379,DINO,0.9553298,SigLIP,0.21275976,CLIP,0.8459922,dino_caltech_blind_spots.csv,Caltech101,"The two images depict identical inline skates. They have the same design, color scheme, and features. The skates are black with red accents and have a blue and white wheel set. The skates are positioned in the same orientation and direction, and there are no differences in the state or condition of the objects. The presence of features, such as the wheels and the brand name, is the same in both images. The color and appearance of the skates are consistent. The structural characteristics, such as the material and build, are also the same. The viewpoint perspective and the text are also the same. Therefore, there are no differences between the two images.",,,,,,,,,
349,5246,DINO,0.96918,SigLIP,0.3413206,CLIP,0.95907164,dino_caltech_blind_spots.csv,Caltech101,"The two images appear to be identical. There are no differences in the objects, their states, or their positions. The lighting and colors are also consistent between the two images.",,,,,,,,,
375,7915,DINO,0.9512825,SigLIP,0.5883901,CLIP,0.7620784,dino_caltech_blind_spots.csv,Caltech101,"The two images depict the same airplane, but they are taken from different angles and perspectives. The first image shows the airplane from the side, while the second image shows it from the front. The orientation and direction of the airplane are different in the two images. The presence of features such as the tail fin, windows, and engines is the same in both images. The state and condition of the airplane appear to be the same in both images. The number of objects is the same in both images. The color and appearance of the airplane are the same in both images. The structural characteristics of the airplane are the same in both images. There are no differences in written words, numbers, or logos. The camera angle and framing are the same in both images. There are no differences in the viewpoint or perspective.",1.0,0.0,0.0,0.0,0.0,0.0,0.0,0.0,0.0
400,5280,DINO,0.96703815,SigLIP,0.39746493,CLIP,0.87739843,dino_caltech_blind_spots.csv,Caltech101,"The two images depict the same airplane, but they are taken from different angles. The first image shows the airplane from the side, while the second image shows it from the front. The orientation and direction of the airplane are different in the two images.",1.0,,,,,,,,
417,6176,DINO,0.95552015,SigLIP,0.46958306,CLIP,0.93030465,dino_caltech_blind_spots.csv,Caltech101,The two images are identical. There are no differences between them.,,,,,,,,,
495,6896,DINO,0.9712632,SigLIP,0.4575562,CLIP,0.9568385,dino_caltech_blind_spots.csv,Caltech101,"The two images depict two different stegosaurs, one with a pinkish hue and the other with a reddish hue. The pink stegosaurus has a more pronounced pink coloration, while the reddish stegosaurus has a more reddish hue. The background and other elements in the images are identical, indicating no differences in the overall scene.",,1,1,1,1,1,1,0,0
498,888,DINO,0.96346986,SigLIP,0.30245894,CLIP,0.80567634,dino_caltech_blind_spots.csv,Caltech101,"The two images depict the same piano, but the camera angle and zoom level are different. The first image has a wider angle and a lower zoom level, while the second image has a narrower angle and a higher zoom level. The overall appearance of the piano is the same, but the details are different due to the different camera settings.",1.0,0,0,0,0,0,0,0,1
498,7214,DINO,0.9524484,SigLIP,0.2801053,CLIP,0.8905389,dino_caltech_blind_spots.csv,Caltech101,"The two images depict a grand piano in different settings. The first image shows the piano in a room with a plant and a chair, while the second image shows the piano in a store with a display case. The orientation and direction of the piano are the same in both images, but the background and context have changed.",0.0,0,0,0,0,0,0,0,0
519,2085,DINO,0.98368025,SigLIP,0.5502782,CLIP,0.9395727,dino_caltech_blind_spots.csv,Caltech101,"The two images depict the same piano, but they are taken from different angles and perspectives. The first image shows the piano from the front, while the second image shows it from the side. The orientation and direction of the image are different, but the overall appearance of the piano remains the same.",1.0,0,0,0,0,0,0,0,0
519,7561,DINO,0.98157454,SigLIP,0.49509808,CLIP,0.92342126,dino_caltech_blind_spots.csv,Caltech101,"The two images depict the same piano, but they are taken from different angles and perspectives. The first image shows the piano from a front view, while the second image shows it from a side view. The orientation and direction of the piano are different in the two images. The presence of features such as the keys, strings, and pedals is the same in both images. The state and condition of the piano are the same in both images. The number of objects is the same in both images. The colors and appearance of the piano are the same in both images. The structural characteristics of the piano are the same in both images. There are no differences in the text or viewpoint perspective between the two images. The camera angle and zoom level are the same in both images. There are no differences in the written words or logos between the two images.",1.0,0.0,0.0,0.0,0.0,0.0,0.0,0.0,0.0
519,6573,DINO,0.9814736,SigLIP,0.34591216,CLIP,0.93472815,dino_caltech_blind_spots.csv,Caltech101,"The two images depict the same piano, but they are taken from different angles and perspectives. The first image shows the piano from the front, while the second image shows it from the side. The orientation and direction of the piano are different in the two images. The presence of features such as the keys, strings, and pedals is the same in both images. The state and condition of the piano are the same in both images. The number of objects is the same in both images. The colors and appearance of the piano are the same in both images. The structural characteristics of the piano are the same in both images. There are no differences in the text or viewpoint perspective between the two images. The camera angle and framing are the same in both images.",1.0,0.0,0.0,0.0,0.0,0.0,0.0,0.0,0.0
519,1719,DINO,0.98115057,SigLIP,0.50778186,CLIP,0.9247352,dino_caltech_blind_spots.csv,Caltech101,"The two images depict the same piano, but they are taken from different angles and perspectives. The first image shows the piano from the front, while the second image shows it from the side. The orientation and direction of the piano are different in the two images. The presence of features such as the keys, strings, and body of the piano is the same in both images. The state and condition of the piano are the same in both images. The number of objects is the same in both images. The color and appearance of the piano are the same in both images. The structural characteristics of the piano are the same in both images. There are no differences in written words, numbers, or logos. The camera angle and framing are the same in both images. The viewpoint perspective is different in the two images.",1.0,0.0,0.0,0.0,0.0,0.0,0.0,0.0,1.0
529,1181,DINO,0.9753386,SigLIP,0.35932356,CLIP,0.9403689,dino_caltech_blind_spots.csv,Caltech101,"The two images depict the same animal, a mountain lion (Puma concolor). However, there are subtle differences in the fur texture and coloration. The fur in the second image appears slightly more glossy and has a slightly different pattern, indicating a possible change in lighting or angle. The overall appearance of the animal remains consistent between the two images.",,,,,,,,,
540,2781,DINO,0.98700047,SigLIP,0.52527994,CLIP,0.9850111,dino_caltech_blind_spots.csv,Caltech101,"The two images depict the same jaguar, but they are taken from different angles and perspectives. The first image is taken from a frontal view, while the second image is taken from a side view. The jaguar appears to be in the same location, but the angle and perspective have changed.",1.0,0.0,0.0,0.0,0.0,0.0,0.0,0.0,1.0
566,6443,DINO,0.96954966,SigLIP,0.23547117,CLIP,0.95875096,dino_caltech_blind_spots.csv,Caltech101,"The two images depict the same airplane, but they are taken from different angles. The first image is taken from the side, while the second image is taken from the front. The orientation and direction of the airplane are different in the two images.",1.0,,,,,,,,
566,4876,DINO,0.95156705,SigLIP,0.59763545,CLIP,0.9467876,dino_caltech_blind_spots.csv,Caltech101,"The two images depict the same airplane, but they are taken from different angles. The first image is taken from the side, while the second image is taken from the front. The orientation and direction of the airplane are different in the two images.",1.0,,,,,,,,
616,4138,DINO,0.9527247,SigLIP,0.23825803,CLIP,0.93046546,dino_caltech_blind_spots.csv,Caltech101,The two images are identical. There are no differences between them.,,,,,,,,,
620,4318,DINO,0.9581026,SigLIP,-0.1503193,CLIP,0.7971268,dino_caltech_blind_spots.csv,Caltech101,"The two images depict identical objects, specifically a chandelier. They are identical in all aspects, including the number of arms, the number of candles, the crystal trim, and the overall design. The chandelier is described as being 'dressed with crystal only' and 'polished,' and it is shown in a similar position and orientation. The differences between the two images are negligible and do not fall into any of the specified categories.",,,,,,,,,
649,6619,DINO,0.98801064,SigLIP,0.491356,CLIP,0.9050797,dino_caltech_blind_spots.csv,Caltech101,"The two images depict the same stegosaurus, but they are in different orientations and positions. The first image is a 3D rendering of the stegosaurus, while the second image is a photograph of the same stegosaurus. The stegosaurus is facing the viewer in the first image, while in the second image, it is facing away from the viewer. Additionally, the stegosaurus in the first image is standing on a flat surface, while in the second image, it is standing on a sandy or rocky surface. The overall appearance of the stegosaurus is the same in both images, but the orientation and position of the stegosaurus have changed.",1.0,0.0,0.0,0.0,0.0,0.0,0.0,0.0,0.0
656,3454,DINO,0.95254064,SigLIP,0.45066288,CLIP,0.8056287,dino_caltech_blind_spots.csv,Caltech101,"The two images depict the same airplane, but they are taken from different angles. The first image is taken from the side, while the second image is taken from the front. The orientation and direction of the airplane are different in the two images.",1.0,,,,,,,,
688,4900,DINO,0.9892113,SigLIP,0.40356296,CLIP,0.983463,dino_caltech_blind_spots.csv,Caltech101,"The two images are identical. They depict the same soccer ball with black and white stripes. The ball is in the same orientation and has the same features, such as the black and white pattern, the black and white stripes, and the overall shape of the ball. There are no differences in the objects' states, quantities, positions, colors, structural characteristics, text, or viewpoints.",,,,,,,,,
741,5039,DINO,0.9715073,SigLIP,0.5336943,CLIP,0.92019963,dino_caltech_blind_spots.csv,Caltech101,"The two images depict the same scorpion, but they are taken from different angles. The scorpion is facing the same direction in both images, but the angle of the image is different. The scorpion is also in the same position in both images, but the background and the lighting conditions are different.",1.0,0.0,0.0,0.0,0.0,0.0,0.0,0.0,0.0
741,3421,DINO,0.9512212,SigLIP,0.44608748,CLIP,0.9118018,dino_caltech_blind_spots.csv,Caltech101,"The two images depict the same scorpion, but they are taken from different angles. The scorpion is facing the same direction in both images, but the angle of the image is different. The scorpion is also in the same position in both images, but the background and the lighting conditions are different.",1.0,0.0,0.0,0.0,0.0,0.0,0.0,0.0,0.0
745,3961,DINO,0.96817696,SigLIP,0.5868856,CLIP,0.93095934,dino_caltech_blind_spots.csv,Caltech101,The two images are identical. They depict the same person with the same hairstyle and clothing. The background and lighting are also the same.,,,,,,,,,
766,7848,DINO,0.9770162,SigLIP,0.58738685,CLIP,0.95063496,dino_caltech_blind_spots.csv,Caltech101,The two images are identical. There are no differences between them.,,,,,,,,,
784,6175,DINO,0.98928285,SigLIP,0.45850712,CLIP,0.97175205,dino_caltech_blind_spots.csv,Caltech101,"The two images depict the same leopard, but they are taken from different angles and perspectives. The first image is taken from a side angle, while the second image is taken from a front angle. The leopard's position and orientation are the same in both images, but the angle of the shot changes the way the leopard is viewed.",1.0,,,,,,,,1.0
835,6573,DINO,0.98857003,SigLIP,0.58643204,CLIP,0.9479439,dino_caltech_blind_spots.csv,Caltech101,"The two images depict the same piano, but they are taken from different angles. The first image shows the piano from the front, while the second image shows it from the side. The orientation and direction of the image are different, but the overall appearance of the piano remains the same.",1.0,0.0,0.0,0.0,0.0,0.0,0.0,0.0,0.0
852,5322,DINO,0.9672824,SigLIP,0.20952201,CLIP,0.9471615,dino_caltech_blind_spots.csv,Caltech101,"The two images are identical. They depict the same person in the same setting, with no differences in appearance, orientation, or context.",,,,,,,,,
852,3470,DINO,0.9570453,SigLIP,0.15920846,CLIP,0.91836625,dino_caltech_blind_spots.csv,Caltech101,"The two images are identical. There are no differences in the objects, their states, or their positions.",,,,,,,,,
861,7330,DINO,0.9534826,SigLIP,0.41377085,CLIP,0.8677028,dino_caltech_blind_spots.csv,Caltech101,"The two images depict the same soccer ball, but they are rendered in different ways. The first image is a wireframe rendering, while the second image is a 3D model with a solid color. The wireframe rendering shows the ball's structure with lines connecting the vertices, while the 3D model has a solid color with a texture that simulates the ball's surface. The orientation and direction of the ball are the same in both images, but the color and appearance are different.",1.0,0.0,0.0,0.0,0.0,1.0,1.0,0.0,0.0
870,2471,DINO,0.9676784,SigLIP,0.49201998,CLIP,0.9267647,dino_caltech_blind_spots.csv,Caltech101,"The two images are identical. They depict the same woman with the same expression and background. There are no differences in the objects, colors, or overall appearance.",,,,,,,,,
880,5080,DINO,0.9624309,SigLIP,0.4623751,CLIP,0.92262864,dino_caltech_blind_spots.csv,Caltech101,"The two images depict the same hedgehog, but they are taken from different angles and perspectives. The first image is a close-up of the hedgehog's head and upper body, while the second image shows the hedgehog from a side angle. The hedgehog's position and orientation are different in the two images, but the overall appearance and details are the same.",1.0,0.0,0.0,0.0,0.0,0.0,0.0,0.0,0.0
888,6573,DINO,0.95455587,SigLIP,0.21246076,CLIP,0.77658,dino_caltech_blind_spots.csv,Caltech101,"The two images depict the same piano, but they are taken from different angles and perspectives. The first image shows the piano from a front view, while the second image shows it from a side view. The orientation and direction of the piano are different in the two images. The presence of features such as the keys, pedals, and the overall shape of the piano is the same in both images. The state and condition of the piano are also the same in both images. The quantity and count of objects are the same. The positional context is the same. The color and appearance of the piano are the same. The structural characteristics of the piano are the same. There are no differences in written words, numbers, or logos. The viewpoint perspective is the same. There are no differences in the camera angle, zoom level, or framing.",1.0,0.0,0.0,0.0,0.0,0.0,0.0,0.0,0.0
888,5709,DINO,0.9514659,SigLIP,0.23397912,CLIP,0.7640512,dino_caltech_blind_spots.csv,Caltech101,"The two images depict the same piano, but they are taken from different angles and perspectives. The first image shows the piano from a front view, while the second image shows it from a side view. The orientation and direction of the piano are different in the two images. The presence of features such as the keys, pedals, and the overall shape of the piano is the same in both images. The state and condition of the piano are also the same in both images. The quantity and count of objects are the same. The positional context is the same. The color and appearance of the piano are the same. The structural characteristics of the piano are the same. There are no differences in written words, numbers, or logos. The viewpoint perspective is the same. There are no differences in the camera angle, zoom level, or framing.",1.0,0.0,0.0,0.0,0.0,0.0,0.0,0.0,0.0
896,7400,DINO,0.95290965,SigLIP,0.4966157,CLIP,0.878616,dino_caltech_blind_spots.csv,Caltech101,"The two images depict two different motorcycles, one green and one blue. The green motorcycle is a dirt bike, while the blue motorcycle is a dirt bike. The differences between the two images are in the color and design of the motorcycles. The green motorcycle has a more vibrant green color, while the blue motorcycle has a more muted blue color. Additionally, the green motorcycle has a more rugged and aggressive design, while the blue motorcycle has a more streamlined and aerodynamic design. The two motorcycles are placed in the same context, but the differences in color and design are the main differences between the two images.",,1.0,1.0,1.0,1.0,1.0,1.0,0.0,0.0
915,3354,DINO,0.97305566,SigLIP,0.41916266,CLIP,0.88848484,dino_caltech_blind_spots.csv,Caltech101,"The two images appear to be identical. There are no differences in the objects, their states, or their positions. The lighting and colors are also consistent between the two images.",,,,,,,,,
916,1375,DINO,0.97683007,SigLIP,0.2790436,CLIP,0.94579697,dino_caltech_blind_spots.csv,Caltech101,The two images are identical. There are no differences between them.,,,,,,,,,
932,1402,DINO,0.9556167,SigLIP,0.28939354,CLIP,0.9491145,dino_caltech_blind_spots.csv,Caltech101,"The two images are identical. They depict the same person standing in front of a bookshelf, wearing a white shirt. The person's hair is dark, and they are smiling. The background is the same, with books and shelves visible. There are no differences in the objects, their states, or their positions.",,,,,,,,,
943,7735,DINO,0.9716209,SigLIP,0.5195154,CLIP,0.9219606,dino_caltech_blind_spots.csv,Caltech101,"{
  ""Explanation"": ""The two images depict a grand piano with a black finish. The differences between the two images are as follows: 

1. The piano in the first image has a closed lid, while the piano in the second image has an open lid.
2. The piano in the first image has a black finish, while the piano in the second image has a black finish with a gold trim.
3. The piano in the first image has a black bench next to it, while the piano in the second image does not have a bench next to it.
4. The piano in the first image has a black finish, while the piano in the second image has a black finish with a gold trim.
5. The piano in the first image has a black finish, while the piano in the second image has a black finish with a gold trim.
6. The piano in the first image has a black finish, while the piano in the second image has a black finish with a gold trim.
7. The piano in the first image has a black finish, while the piano in the second image has a black finish with a gold trim.
8. The piano in the first image has a black finish, while the piano in the second image has a black finish with a gold trim.
9. The piano in the first image has a black finish, while the piano in the second image has a black finish with a gold trim.
10. The piano in the first image has a black finish, while the piano in the second image has a black finish with a gold trim.
11. The piano in the first image has a black finish, while the piano in the second image has a black finish with a gold trim.
12. The piano in the first image has a black finish, while the piano in the second image has a black finish with a gold trim.
13. The piano in the first image has a black finish, while the piano in the second image has a black finish with a gold trim.
14. The piano in the first image has a black finish, while the piano in the second image has a black finish with a gold trim.
15. The piano in the first image has a black finish, while the piano in the second image has a black finish with a gold trim.
16. The piano in the first image has a black finish, while the piano in the second image has a black finish with a gold trim.
17. The piano in the first image has a black finish",,,,,,,,,
971,4710,DINO,0.95928407,SigLIP,0.03404375,CLIP,0.9400743,dino_caltech_blind_spots.csv,Caltech101,"The two images appear to be identical. There are no differences in the objects, their states, or their positions. The woman's appearance, including her hair and facial features, is consistent between the two images. The background and the woman's attire are also the same.",,,,,,,,,
1016,6029,DINO,0.9742799,SigLIP,0.571568,CLIP,0.92851716,dino_caltech_blind_spots.csv,Caltech101,"The two images depict the same Buddha statue, but they are in different orientations and colors. The first image is a blue statue, while the second image is a green statue. The Buddha statue is also in a different position in the second image, sitting on a blue base instead of a black base in the first image. The orientation and color of the statue are the only differences between the two images.",1.0,0.0,0.0,0.0,0.0,1.0,0.0,0.0,0.0
1107,6180,DINO,0.9575519,SigLIP,0.5735318,CLIP,0.8653915,dino_caltech_blind_spots.csv,Caltech101,"The two images depict the same revolver, but they are taken from different angles and perspectives. The first image is a frontal view, while the second image is a side view. The orientation and direction of the objects are different, with the first image being more frontal and the second image being more side-on. The presence of features such as the grip, barrel, and trigger is the same in both images. The state and condition of the objects are also the same, with no differences in the state of the revolver or its parts. The quantity and count of objects are the same. The positional context is the same, with the revolver being in the same relative position to the background. The color and appearance of the objects are the same. The structural characteristics of the objects are the same. There are no differences in the text. The viewpoint perspective is the same. There are no differences in the camera angle, zoom level, or framing.",1.0,1.0,1.0,1.0,1.0,1.0,1.0,0.0,1.0
1107,8257,DINO,0.9520683,SigLIP,0.5630542,CLIP,0.8703592,dino_caltech_blind_spots.csv,Caltech101,"The two images depict the same gun, but they are in different orientations and positions. The first image shows the gun with the barrel pointing upwards, while the second image shows it with the barrel pointing downwards. The gun is also placed on a white background in the first image, while in the second image, it is placed on a plain surface. The gun's handle and grip are also different in the two images.",1.0,0.0,0.0,0.0,1.0,0.0,0.0,0.0,0.0
1118,1226,DINO,0.9575602,SigLIP,0.43090415,CLIP,0.83321583,dino_caltech_blind_spots.csv,Caltech101,The two images are identical. They depict the same flamingo with the same coloration and features.,,,,,,,,,
1129,8124,DINO,0.9518107,SigLIP,0.4184557,CLIP,0.90885293,dino_caltech_blind_spots.csv,Caltech101,"The two images depict the same saxophone, but they are in different orientations and positions. The saxophone is shown in a vertical orientation in the first image and in a horizontal orientation in the second image. Additionally, the saxophone is placed in a different position in the two images, with the first image showing it leaning against a wall and the second image showing it standing upright on a table.",1.0,0.0,0.0,0.0,1.0,0.0,0.0,0.0,1.0
1181,5636,DINO,0.96900004,SigLIP,0.27871254,CLIP,0.9690924,dino_caltech_blind_spots.csv,Caltech101,"The two images depict the same animal, a mountain lion. However, the background and lighting in the second image appear to be darker and more muted compared to the first image. The overall appearance of the mountain lion is similar, but the differences in lighting and background color can be observed.",,,,,,,,,
1181,1834,DINO,0.96194005,SigLIP,0.3263737,CLIP,0.95127165,dino_caltech_blind_spots.csv,Caltech101,"The two images depict the same animal, a mountain lion, but they are taken from different angles and perspectives. The first image is a close-up of the lion's face, while the second image is a wider shot of the lion's body. The lion's fur color and texture appear slightly different in the two images, but the overall appearance is the same.",1.0,0.0,0.0,0.0,0.0,0.0,0.0,0.0,0.0
1212,3416,DINO,0.9539157,SigLIP,0.5778669,CLIP,0.82864213,dino_caltech_blind_spots.csv,Caltech101,"The two images depict the same firearm, but they are oriented differently. The first image shows the firearm from the side, while the second image shows it from the front. The orientation difference is the primary difference between the two images.",1.0,,,,,,,,
1310,6843,DINO,0.9601872,SigLIP,0.5805234,CLIP,0.8931842,dino_caltech_blind_spots.csv,Caltech101,"{
  ""Explanation"": ""The two images depict a grand piano with a bench. The differences between the two images are as follows: 
  - The image on the left shows the piano with the lid open, while the image on the right shows the piano with the lid closed. 
  - The image on the left shows the piano in a standing position, while the image on the right shows the piano in a sitting position. 
  - The image on the left shows the piano with a wooden bench, while the image on the right shows the piano with a wooden stool. 
  - The image on the left shows the piano with a wooden bench, while the image on the right shows the piano with a wooden stool. 
  - The image on the left shows the piano with a wooden bench, while the image on the right shows the piano with a wooden stool. 
  - The image on the left shows the piano with a wooden bench, while the image on the right shows the piano with a wooden stool. 
  - The image on the left shows the piano with a wooden bench, while the image on the right shows the piano with a wooden stool. 
  - The image on the left shows the piano with a wooden bench, while the image on the right shows the piano with a wooden stool. 
  - The image on the left shows the piano with a wooden bench, while the image on the right shows the piano with a wooden stool. 
  - The image on the left shows the piano with a wooden bench, while the image on the right shows the piano with a wooden stool. 
  - The image on the left shows the piano with a wooden bench, while the image on the right shows the piano with a wooden stool. 
  - The image on the left shows the piano with a wooden bench, while the image on the right shows the piano with a wooden stool. 
  - The image on the left shows the piano with a wooden bench, while the image on the right shows the piano with a wooden stool. 
  - The image on the left shows the piano with a wooden bench, while the image on the right shows the piano with a wooden stool. 
  - The image on the left shows the piano with a wooden bench, while the image on the right shows the piano with a wooden stool. 
  - The image on the left shows the piano with a wooden bench, while the image on the right shows the piano with a wooden stool. 
  - The image",,,,,,,,,
1323,5915,DINO,0.9672142,SigLIP,0.54725343,CLIP,0.72894543,dino_caltech_blind_spots.csv,Caltech101,"The two images depict the same grand piano, but they are presented in different orientations and with different backgrounds. The first image is a close-up view of the piano with a golden background, while the second image is a larger, more detailed view of the piano with a green background. The orientation and background of the images differ, but the piano itself is the same.",1.0,0.0,0.0,0.0,0.0,0.0,0.0,0.0,0.0
1323,5271,DINO,0.9605787,SigLIP,0.45906258,CLIP,0.70617723,dino_caltech_blind_spots.csv,Caltech101,"{
  ""Explanation"": ""The two images depict the same grand piano, but they are presented in different orientations and with different text labels. The first image has the text ""GM-10 Grand Piano"" and ""G42 CH G42R CH"" on it, while the second image has the text ""GM-10 Grand Piano"" and ""G42 CH G42R CH"" on it. The orientation of the piano is also different in the two images. The first image is facing the viewer, while the second image is facing away from the viewer. The text labels are also different in the two images. The first image has the text in a larger font size and in a different color, while the second image has the text in a smaller font size and in a different color. The piano is also positioned differently in the two images. The first image has the piano in a vertical orientation, while the second image has the piano in a horizontal orientation. The background of the first image is a solid color, while the background of the second image is a gradient of green and blue."",
  ""Orientation_And_Direction"": 1,
  ""Presence_Of_Features"": 0,
  ""State_And_Condition"": 0,
  ""Quantity_And_Count"": 0,
  ""Positional_Context"": 0,
  ""Color_And_Appearance"": 0,
  ""Structural_Characteristics"": 0,
  ""Text"": 1,
  ""Viewpoint_Perspective"": 0
}",,,,,,,,,
519,1323,DINO,0.95840526,SigLIP,0.5548628,CLIP,0.75183654,dino_caltech_blind_spots.csv,Caltech101,"The two images depict the same grand piano, but they are oriented differently. The first image is a frontal view, while the second image is a side view. The orientation difference is the main difference between the two images.",1.0,,,,,,,,
1323,3534,DINO,0.9576901,SigLIP,0.5275494,CLIP,0.7435472,dino_caltech_blind_spots.csv,Caltech101,"{
  ""Explanation"": ""The two images depict two different grand pianos. The first image shows a black grand piano with a wooden top and a black keyboard. The second image shows a grand piano with a mahogany top and a black keyboard. The main difference is the color of the top and the keyboard. The first image has a black top and keyboard, while the second image has a mahogany top and keyboard."",
  ""Orientation_And_Direction"": 1,  // The first image is oriented with the top left at the top and the bottom left at the bottom.
  ""Presence_Of_Features"": 1,  // There are specific parts or small details that are present in both images.
  ""State_And_Condition"": 1,  // Both images show the objects in a good condition.
  ""Quantity_And_Count"": 1,  // Both images show a single object.
  ""Positional_Context"": 1,  // Both images show the objects in the same context.
  ""Color_And_Appearance"": 1,  // Both images have different colors for the top and keyboard.
  ""Structural_Characteristics"": 1,  // Both images show the core shape and material of the objects.
  ""Text"": 0,  // There are no written words, numbers, or logos in the images.
  ""Viewpoint_Perspective"": 1,  // The camera angle and framing are the same in both images.
}",,,,,,,,,
1324,1748,DINO,0.9510609,SigLIP,0.034458824,CLIP,0.7982307,dino_caltech_blind_spots.csv,Caltech101,The two images are identical. They depict the same banknotes with the same denominations and designs.,0,0.0,0.0,0.0,0.0,0.0,0.0,0.0,0.0
1341,1837,DINO,0.9920537,SigLIP,0.5551138,CLIP,0.9548462,dino_caltech_blind_spots.csv,Caltech101,"The two images depict the same piano, but they are rotated 90 degrees clockwise. The orientation and direction of the piano are the same, but the image on the right is rotated 90 degrees clockwise compared to the image on the left.",1,,,,,,,,
1341,2909,DINO,0.9683262,SigLIP,0.45094448,CLIP,0.9145141,dino_caltech_blind_spots.csv,Caltech101,"The two images depict the same piano, but they are presented in different orientations and with different lighting conditions. The first image is a frontal view of the piano, while the second image is a side view. The lighting in the second image is brighter, which affects the visibility of the piano's details. The first image has a more even lighting, while the second image has a higher contrast, making some parts of the piano appear darker.",1,0.0,0.0,0.0,0.0,1.0,1.0,0.0,1.0
1341,5427,DINO,0.9670975,SigLIP,0.5225724,CLIP,0.9112084,dino_caltech_blind_spots.csv,Caltech101,"The two images depict the same piano, but they are presented in different orientations and with different lighting conditions. The first image is a frontal view of the piano, while the second image is a side view. The lighting in the second image is brighter, which affects the visibility of the piano's details. The first image has a more shadowed appearance, which makes the piano's features less distinct.",1,0.0,0.0,0.0,0.0,0.0,0.0,0.0,0.0
1341,3289,DINO,0.96517503,SigLIP,0.5582043,CLIP,0.9219601,dino_caltech_blind_spots.csv,Caltech101,"The two images depict the same piano, but they are rotated 90 degrees clockwise. The orientation and direction of the piano are the same, but the image on the right is rotated 90 degrees clockwise compared to the image on the left.",1.0,0.0,0.0,0.0,0.0,0.0,0.0,0.0,0.0
1443,8124,DINO,0.95139855,SigLIP,0.5047333,CLIP,0.9356946,dino_caltech_blind_spots.csv,Caltech101,"The two images depict the same saxophone, but they are taken from different angles and perspectives. The first image shows the saxophone from a frontal view, while the second image shows it from a side view. The orientation and direction of the saxophone are different in the two images.",1.0,0.0,0.0,0.0,0.0,0.0,0.0,0.0,1.0
1456,2727,DINO,0.9587304,SigLIP,0.5970229,CLIP,0.9218338,dino_caltech_blind_spots.csv,Caltech101,"The two images depict a black wooden chair with a curved back and arms. The chair is positioned against a white background. The chair in the first image has a black seat and backrest, while the chair in the second image has a black seat and backrest with a gold trim. The chair in the first image has a more traditional design with a straight back and arms, while the chair in the second image has a more modern design with a curved back and arms. The chair in the first image is more detailed with visible wood grain and knots, while the chair in the second image is smoother with a more uniform finish.",1.0,1.0,1.0,1.0,1.0,1.0,1.0,0.0,0.0
1470,2271,DINO,0.9550736,SigLIP,0.33461756,CLIP,0.8793398,dino_caltech_blind_spots.csv,Caltech101,"The two images depict the same chair, but the background is different. The first image has a white background, while the second image has a plain white background. The chair is the same in both images, so there are no differences in the chair itself.",,,,,,,,,
1500,3454,DINO,0.95100754,SigLIP,0.3483088,CLIP,0.8250092,dino_caltech_blind_spots.csv,Caltech101,"The two images depict the same airplane, but they are taken from different angles. The first image is taken from the side, while the second image is taken from the front. The orientation and direction of the airplane are different in the two images.",1.0,,,,,,,,
1505,3781,DINO,0.964879,SigLIP,0.19193769,CLIP,0.8352628,dino_caltech_blind_spots.csv,Caltech101,"The two images depict the same animal, the platypus, but they are taken from different angles and perspectives. The first image is a frontal view, while the second image is a side view. The platypus appears to be swimming in a dark environment, possibly a pool or river. The second image shows the platypus from a different angle, which provides a unique perspective on its body and features.",1.0,0.0,0.0,0.0,0.0,0.0,0.0,0.0,1.0
1520,7991,DINO,0.95477164,SigLIP,0.3146314,CLIP,0.9240608,dino_caltech_blind_spots.csv,Caltech101,"The two images appear to be identical. There are no differences in the objects, their states, or their positions. The man's hair and beard are the same in both images. The background and the objects in the background are also the same.",,,,,,,,,
1564,6675,DINO,0.95795596,SigLIP,0.49141425,CLIP,0.9283867,dino_caltech_blind_spots.csv,Caltech101,"The two images depict the same wheelchair, but they are rotated 90 degrees to each other. This means that the wheelchair is facing in a different direction, which is the only difference between the two images.",1.0,0.0,0.0,0.0,0.0,0.0,0.0,0.0,0.0
1564,2370,DINO,0.9506466,SigLIP,0.3970734,CLIP,0.91449046,dino_caltech_blind_spots.csv,Caltech101,"The two images depict the same wheelchair, but they are taken from different angles. The first image is taken from a front view, while the second image is taken from a side view. The differences in the orientation and direction of the wheelchair are the only differences between the two images.",1.0,0.0,0.0,0.0,0.0,0.0,0.0,0.0,0.0
1592,3470,DINO,0.95388883,SigLIP,0.40586767,CLIP,0.9244889,dino_caltech_blind_spots.csv,Caltech101,"The two images are identical. There are no differences in the objects, their states, or their positions.",,,,,,,,,
1709,8489,DINO,0.96340716,SigLIP,0.3404417,CLIP,0.9276756,dino_caltech_blind_spots.csv,Caltech101,"The two images are identical. There are no differences in the objects, their states, or their positions.",,,,,,,,,
1713,4325,DINO,0.9578325,SigLIP,0.5174695,CLIP,0.86668694,dino_caltech_blind_spots.csv,Caltech101,"The two images depict identical objects, a wooden chair with a curved backrest and armrests. The chair is made of wood and has a dark finish. The chair is placed against a white wall with a blue carpet. The chair's position and orientation are identical in both images. There are no differences in the features, state, condition, quantity, position, color, structural characteristics, text, viewpoint, or perspective between the two images.",,,,,,,,,
1713,2853,DINO,0.95151603,SigLIP,0.5284313,CLIP,0.8971567,dino_caltech_blind_spots.csv,Caltech101,,,,,,,,,,"{
  ""Explanation"": ""The two images depict a wooden chair with a curved backrest and armrests. The chair in the first image has a wooden seat and a wooden backrest, while the chair in the second image has a wooden seat and a wooden backrest as well. The chair in the first image has a wooden armrest, while the chair in the second image has a wooden armrest as well. The chair in the first image has a wooden seat, while the chair in the second image has a wooden seat as well. The chair in the first image has a wooden backrest, while the chair in the second image has a wooden backrest as well. The chair in the first image has a wooden armrest, while the chair in the second image has a wooden armrest as well. The chair in the first image has a wooden seat, while the chair in the second image has a wooden seat as well. The chair in the first image has a wooden backrest, while the chair in the second image has a wooden backrest as well. The chair in the first image has a wooden armrest, while the chair in the second image has a wooden armrest as well. The chair in the first image has a wooden seat, while the chair in the second image has a wooden seat as well. The chair in the first image has a wooden backrest, while the chair in the second image has a wooden backrest as well. The chair in the first image has a wooden armrest, while the chair in the second image has a wooden armrest as well. The chair in the first image has a wooden seat, while the chair in the second image has a wooden seat as well. The chair in the first image has a wooden backrest, while the chair in the second image has a wooden backrest as well. The chair in the first image has a wooden armrest, while the chair in the second image has a wooden armrest as well. The chair in the first image has a wooden seat, while the chair in the second image has a wooden seat as well. The chair in the first image has a wooden backrest, while the chair in the second image has a wooden backrest as well. The chair in the first image has a wooden armrest, while the chair in the second image has a wooden armrest as well. The chair in the first image has a wooden seat, while the chair in the second image has a wooden seat as well. The chair in the first image has"
1719,5709,DINO,0.9816005,SigLIP,0.5444118,CLIP,0.93373823,dino_caltech_blind_spots.csv,Caltech101,1.0,0.0,0.0,0.0,0.0,0.0,0.0,0.0,0.0,"The two images depict the same piano, but they are taken from different angles and perspectives. The first image shows the piano from a front view, while the second image shows it from a side view. The orientation and direction of the piano are different in the two images. The presence of features such as the keys, strings, and body of the piano is the same in both images. The state and condition of the piano are also the same in both images. The quantity and count of objects are the same. The positional context is the same. The color and appearance of the piano are the same. The structural characteristics of the piano are the same. There are no differences in written words, numbers, or logos. The viewpoint perspective is the same. There are no differences in the camera angle, zoom level, or framing."
1728,7137,DINO,0.9603373,SigLIP,0.34711242,CLIP,0.94957304,dino_caltech_blind_spots.csv,Caltech101,,,,,,,,,,The two images are identical. There are no differences between them.
1736,4122,DINO,0.96492195,SigLIP,0.56181026,CLIP,0.8822966,dino_caltech_blind_spots.csv,Caltech101,1.0,0.0,0.0,0.0,1.0,1.0,1.0,0.0,1.0,"The two images depict the same motorcycle, but they are in different positions and orientations. The first image shows the motorcycle from a front view, while the second image shows it from a side view. The color and appearance of the motorcycle are the same in both images, but the orientation and perspective are different."
1736,5764,DINO,0.96475685,SigLIP,0.5747139,CLIP,0.92581886,dino_caltech_blind_spots.csv,Caltech101,"The two images depict two different motorcycles. The first image shows a blue motorcycle with a red seat, while the second image shows a red motorcycle with a blue seat. The motorcycles are identical in terms of their design and features, but the color of the seats is reversed. There are no other differences between the two images.",,1.0,1.0,1.0,1.0,1.0,1.0,0.0,0.0
1739,4763,DINO,0.9522251,SigLIP,0.5394759,CLIP,0.9272847,dino_caltech_blind_spots.csv,Caltech101,The two images are identical. They depict the same person with the same hairstyle and clothing. The background and other objects in the room are also the same.,,,,,,,,,
1748,7638,DINO,0.95557463,SigLIP,0.10495892,CLIP,0.87935483,dino_caltech_blind_spots.csv,Caltech101,"The two images depict the same two-dollar bill, but they are rotated 90 degrees clockwise. The orientation and direction of the bill are the only differences between the two images.",1.0,0.0,0.0,0.0,0.0,0.0,0.0,0.0,
1748,5398,DINO,0.955089,SigLIP,0.07909312,CLIP,0.8567739,dino_caltech_blind_spots.csv,Caltech101,"The two images are identical. They depict the same two dollar bills, one from the United States and the other from Canada. The bills are the same size, orientation, and orientation, and the details such as the denomination, the portrait of Abraham Lincoln, and the serial numbers are the same. The background and the framing of the images are also the same.",1.0,1.0,1.0,1.0,1.0,1.0,1.0,1.0,1.0
1748,7121,DINO,0.9540303,SigLIP,0.04019108,CLIP,0.8720424,dino_caltech_blind_spots.csv,Caltech101,"The two images are identical. They depict the same two-dollar bill from the United States. The bill is a $2 bill, and it features the portrait of George Washington. The bill is in good condition, with no visible wear or damage. The orientation and direction are the same, and there are no differences in the presence of features, state and condition, quantity and count, positional context, structural characteristics, text, viewpoint perspective, or color and appearance. The bill is facing the same way, and there are no differences in the number of objects or their placement relative to each other or the background.",1.0,1.0,1.0,1.0,1.0,1.0,1.0,1.0,1.0
1748,6690,DINO,0.951313,SigLIP,0.03898084,CLIP,0.9011166,dino_caltech_blind_spots.csv,Caltech101,"The two images are identical. They depict the same two dollar bills, one from the United States and the other from Canada. The differences between the two images are minimal and do not affect the recognition of the bills.",,,,,,,,,
1798,2439,DINO,0.9515681,SigLIP,0.45422387,CLIP,0.90863687,dino_caltech_blind_spots.csv,Caltech101,"The two images appear to be identical. There are no differences in the objects, their states, or their positions relative to each other.",,,,,,,,,
1804,2876,DINO,0.9547869,SigLIP,0.41265118,CLIP,0.92012703,dino_caltech_blind_spots.csv,Caltech101,"The two images are identical. There are no differences in the objects, their states, or their positions.",,,,,,,,,
1815,5859,DINO,0.95612925,SigLIP,0.42675763,CLIP,0.93953645,dino_caltech_blind_spots.csv,Caltech101,"The two images are identical. They depict the same woman with blonde hair wearing a white dress and a pearl necklace. The background features framed paintings, and the woman's expression is neutral.",,,,,,,,,
1834,5636,DINO,0.9631237,SigLIP,0.58367336,CLIP,0.9624193,dino_caltech_blind_spots.csv,Caltech101,"The two images depict the same animal, a mountain lion, but they are taken from different angles and perspectives. The first image is a close-up of the animal's face, while the second image is a wider shot of the animal's body. The animal appears to be in the same location, but the angle and framing have changed.",1.0,0.0,0.0,0.0,0.0,0.0,0.0,0.0,1.0
1837,7735,DINO,0.96293855,SigLIP,0.580052,CLIP,0.9249562,dino_caltech_blind_spots.csv,Caltech101,"{
  ""Explanation"": ""The two images depict a grand piano with a bench. The differences between the two images are as follows: 
  - The piano in the first image is open, while the piano in the second image is closed.
  - The piano in the first image has a black finish, while the piano in the second image has a brown finish.
  - The piano in the first image has a wooden bench, while the piano in the second image has a metal bench.
  - The background of the first image is white, while the background of the second image is gray.
  - The lighting in the first image is bright, while the lighting in the second image is dimmer.
  - The overall vibrancy of the first image is higher than the second image.
  - The structural characteristics of the piano in the first image are different from the piano in the second image.
  - The presence of a handle on the piano in the first image is different from the piano in the second image.
  - The state and condition of the piano in the first image is different from the piano in the second image.
  - The quantity and count of objects in the first image is different from the piano in the second image.
  - The position and context of the objects in the first image are different from the piano in the second image.
  - The color and appearance of the piano in the first image are different from the piano in the second image.
  - The structural characteristics of the piano in the first image are different from the piano in the second image.
  - The presence of a handle on the piano in the first image is different from the piano in the second image.
  - The state and condition of the piano in the first image is different from the piano in the second image.
  - The quantity and count of objects in the first image is different from the piano in the second image.
  - The position and context of the objects in the first image are different from the piano in the second image.
  - The color and appearance of the piano in the first image are different from the piano in the second image.
  - The structural characteristics of the piano in the first image are different from the piano in the second image.
  - The presence of a handle on the piano in the first image is different from the piano in the second image.
  - The state and condition of the piano in the first image is different from the piano in the second image.
  - The quantity and count of objects in the",,,,,,,,,
1839,4727,DINO,0.95849407,SigLIP,0.24786672,CLIP,0.905576,dino_caltech_blind_spots.csv,Caltech101,The two images are identical. They depict the same person in the same setting with the same background and objects.,,,,,,,,,
1839,5890,DINO,0.95204055,SigLIP,0.34089053,CLIP,0.9266163,dino_caltech_blind_spots.csv,Caltech101,"The two images appear to be identical. They show the same person with the same hairstyle and facial features, wearing the same white shirt. The background is also the same, with mathematical equations and drawings. There are no differences in the objects, their states, or their positions.",,,,,,,,,
1846,4971,DINO,0.97113776,SigLIP,0.5938743,CLIP,0.8985454,dino_caltech_blind_spots.csv,Caltech101,"The two images depict the same piano, but they are taken from different angles and perspectives. The first image shows the piano from the front, while the second image shows it from the side. The orientation and direction of the piano are different in the two images. The presence of features such as the keys, pedals, and the overall shape of the piano is the same in both images. The state and condition of the piano are also the same in both images. The quantity and count of objects are the same. The positional context is the same. The color and appearance of the piano are the same. The structural characteristics of the piano are the same. There are no differences in written words, numbers, or logos. The viewpoint perspective is the same. There are no differences in the camera angle, zoom level, or framing.",1.0,0.0,0.0,0.0,0.0,0.0,0.0,0.0,0.0
1889,3517,DINO,0.9545531,SigLIP,0.4559616,CLIP,0.93694127,dino_caltech_blind_spots.csv,Caltech101,The two images are identical. There are no differences between them.,,,,,,,,,
1929,2505,DINO,0.9922066,SigLIP,0.5794354,CLIP,0.9417523,dino_caltech_blind_spots.csv,Caltech101,The two images are identical. They depict the same stop sign with the word 'STOP' in bold white letters on a red octagonal background.,,,,,,,,,
1973,6634,DINO,0.96847904,SigLIP,0.415387,CLIP,0.8678467,dino_caltech_blind_spots.csv,Caltech101,"The two images depict the same airplane, but they are taken from different angles. The first image shows the airplane from the side, while the second image shows it from the front. The orientation and direction of the airplane are different in the two images.",1,,,,,,,,
2015,2880,DINO,0.96292967,SigLIP,0.45921025,CLIP,0.92484,dino_caltech_blind_spots.csv,Caltech101,"The two images depict the same revolver, but they are taken from different angles and perspectives. The first image shows the revolver from a side view, while the second image shows it from a front view. The orientation and direction of the revolver are different in the two images.",1,0.0,0.0,0.0,0.0,0.0,0.0,0.0,1.0
2015,6364,DINO,0.9565345,SigLIP,0.45381382,CLIP,0.861937,dino_caltech_blind_spots.csv,Caltech101,"The two images depict the same object, a revolver, but they are taken from different angles and perspectives. The first image shows the revolver from a side view, while the second image shows it from a front view. The orientation and direction of the object are different in the two images. The presence of features such as the barrel, trigger, and grip is the same in both images. The state and condition of the object are also the same in both images. The quantity and count of the object are the same in both images. The positional context of the objects is the same in both images. The color and appearance of the object are the same in both images. The structural characteristics of the object are the same in both images. There are no differences in the text between the two images. The viewpoint perspective is the same in both images. There are no differences in the camera angle, zoom level, or framing between the two images.",1,0.0,0.0,0.0,0.0,0.0,0.0,0.0,0.0
2015,6742,DINO,0.95158577,SigLIP,0.45457205,CLIP,0.88150096,dino_caltech_blind_spots.csv,Caltech101,"The two images depict the same revolver, but they are taken from different angles and perspectives. The first image shows the revolver from a front view, while the second image shows it from a side view. The orientation and direction of the revolver are different in the two images.",1,0.0,0.0,0.0,0.0,0.0,0.0,0.0,1.0
2030,7757,DINO,0.9543915,SigLIP,0.27906713,CLIP,0.92597926,dino_caltech_blind_spots.csv,Caltech101,"The two images are identical. There are no differences in the objects, their states, or their positions.",,,,,,,,,
2033,3801,DINO,0.95894,SigLIP,0.32387644,CLIP,0.86556387,dino_caltech_blind_spots.csv,Caltech101,"The two images depict different brass instruments, specifically a tuba and a euphonium. The tuba is a brass instrument with a long, cylindrical body and a bell-shaped mouthpiece, while the euphonium is a larger brass instrument with a similar body shape but a longer, more slender neck. The differences in the images include the size, shape, and overall appearance of the instruments, as well as the positioning of the mouthpieces and bell. The tuba is positioned in a horizontal orientation, while the euphonium is positioned in a vertical orientation. The images also differ in the color and appearance of the instruments, with the tuba being a lighter color and the euphonium being a darker color. Additionally, the euphonium has a more pronounced bell shape compared to the tuba.",1.0,1.0,1.0,1.0,1.0,1.0,1.0,0.0,0.0
2033,2791,DINO,0.9586999,SigLIP,0.39516252,CLIP,0.9202259,dino_caltech_blind_spots.csv,Caltech101,"The two images depict the same instrument, a brass tuba, but they are presented in different orientations and frames. The first image shows the tuba in a vertical orientation with a gold frame, while the second image shows the tuba in a horizontal orientation with a black frame. The orientation and framing of the tuba are the only differences between the two images.",1.0,0.0,0.0,0.0,0.0,0.0,0.0,0.0,0.0
2033,6826,DINO,0.95624655,SigLIP,0.2796829,CLIP,0.9265589,dino_caltech_blind_spots.csv,Caltech101,"The two images depict the same instrument, a brass tuba, but they are presented in different orientations and frames. The first image shows the tuba in a vertical orientation with a gold frame, while the second image shows the tuba in a horizontal orientation with a black frame. The orientation and frame significantly differ between the two images.",1.0,0.0,0.0,0.0,0.0,0.0,0.0,0.0,0.0
2043,2994,DINO,0.97254705,SigLIP,0.5015032,CLIP,0.9433882,dino_caltech_blind_spots.csv,Caltech101,"The two images are identical. There are no differences in the objects, their states, or their positions.",,,,,,,,,
2044,5742,DINO,0.962308,SigLIP,0.27886096,CLIP,0.9389841,dino_caltech_blind_spots.csv,Caltech101,"The two images appear to be identical. There are no differences in the objects, their states, or their positions.",,,,,,,,,
2056,6981,DINO,0.9586618,SigLIP,0.4007579,CLIP,0.928171,dino_caltech_blind_spots.csv,Caltech101,The two images are identical. There are no differences between them.,,,,,,,,,
2183,4732,DINO,0.9730145,SigLIP,0.5117991,CLIP,0.902066,dino_caltech_blind_spots.csv,Caltech101,"The two images depict the same firearm, but they are in different orientations and positions. The first image shows the firearm from the side, while the second image shows it from the front. The orientation and position of the firearm are the only differences between the two images.",1.0,0.0,0.0,0.0,0.0,0.0,0.0,0.0,0.0
2183,8580,DINO,0.97140193,SigLIP,0.5710286,CLIP,0.9021143,dino_caltech_blind_spots.csv,Caltech101,"The two images depict the same firearm, but they are in different orientations and positions. The first image is a frontal view, while the second image is a side view. The orientation and position of the firearm are the only differences between the two images.",1.0,0.0,0.0,0.0,0.0,0.0,0.0,0.0,0.0
2183,4846,DINO,0.9639292,SigLIP,0.57085615,CLIP,0.85468847,dino_caltech_blind_spots.csv,Caltech101,"The two images depict the same firearm, but they are in different orientations and positions. The first image shows the firearm from the side, while the second image shows it from the front. The orientation and position of the firearm have changed, but the overall appearance and details of the firearm remain the same.",1.0,0.0,0.0,0.0,0.0,0.0,0.0,0.0,0.0
2193,4327,DINO,0.95113605,SigLIP,0.40660447,CLIP,0.9108051,dino_caltech_blind_spots.csv,Caltech101,"The two images depict the same airplane, but they are taken from different angles. The first image is taken from the side, while the second image is taken from the front. The orientation and direction of the airplane are different in the two images.",1.0,,,,,,,,
2195,4488,DINO,0.98261106,SigLIP,0.5250041,CLIP,0.9552545,dino_caltech_blind_spots.csv,Caltech101,The two images are identical. They depict the same stop sign with the word 'STOP' in white letters on a red octagonal background.,,,,,,,,,
2195,8223,DINO,0.9635639,SigLIP,0.53853786,CLIP,0.937866,dino_caltech_blind_spots.csv,Caltech101,The two images are identical. They depict the same stop sign with the word 'STOP' in white letters on a red octagonal background.,,,,,,,,,
2203,2967,DINO,0.9684192,SigLIP,0.5278324,CLIP,0.88052815,dino_caltech_blind_spots.csv,Caltech101,"The two images depict the same object, a nautilus shell, but with different color schemes and patterns. The first image has a white and brown shell with a black center, while the second image has a white and black shell with a brown center. The patterns on the shell are also different, with the first image having a zebra-striped pattern and the second image having a more abstract design.",,1.0,1.0,1.0,1.0,1.0,1.0,0.0,0.0
2218,8098,DINO,0.9502866,SigLIP,0.5729627,CLIP,0.9458666,dino_caltech_blind_spots.csv,Caltech101,The two images are identical. They depict the same woman with the same expression and background.,,,,,,,,,
2219,8267,DINO,0.9555739,SigLIP,0.35563746,CLIP,0.94263923,dino_caltech_blind_spots.csv,Caltech101,"The two images depict the same bonsai tree, but they are taken from different angles and perspectives. The first image is taken from a front-facing angle, while the second image is taken from a side angle. The bonsai tree is also positioned differently in the two images, with the first image showing it on a table, and the second image showing it on a shelf. The background and lighting conditions are also different in the two images.",1.0,0.0,0.0,0.0,1.0,0.0,0.0,0.0,1.0
2311,8505,DINO,0.961445,SigLIP,0.34369892,CLIP,0.93937165,dino_caltech_blind_spots.csv,Caltech101,"The two images are identical. They depict the same person with the same hairstyle, facial features, and clothing. The background and lighting are also the same.",,,,,,,,,
2337,3430,DINO,0.95751977,SigLIP,0.27178258,CLIP,0.9297964,dino_caltech_blind_spots.csv,Caltech101,"The two images are identical. They depict the same person with the same hairstyle and background. The person is wearing a white shirt with a pattern, and the background is a chalkboard with mathematical equations written on it. There are no differences in the person's appearance, the background, or the objects present in the images.",,,,,,,,,
2349,4269,DINO,0.9924201,SigLIP,0.21646431,CLIP,0.96011436,dino_caltech_blind_spots.csv,Caltech101,"{
  ""Explanation"": ""The two images depict the same butterfly, but they are rotated 90 degrees clockwise. The wings are facing in the same direction, but the body is rotated to show the back side. The butterfly is in the same state and condition, with no differences in state or condition. The number of objects is the same, and the objects are placed in the same context. The colors and appearance are the same, with no changes in vibrancy or lighting. The structural characteristics are the same, with no fundamental differences in shape or material. There are no differences in written words, numbers, or logos. The camera angle and framing are the same. The butterfly is in the same position relative to the background. The color and appearance are the same, with no changes in vibrancy or lighting. The structural characteristics are the same, with no fundamental differences in shape or material. There are no differences in written words, numbers, or logos. The camera angle and framing are the same. The butterfly is in the same position relative to the background. The color and appearance are the same, with no changes in vibrancy or lighting. The structural characteristics are the same, with no fundamental differences in shape or material. There are no differences in written words, numbers, or logos. The camera angle and framing are the same. The butterfly is in the same position relative to the background. The color and appearance are the same, with no changes in vibrancy or lighting. The structural characteristics are the same, with no fundamental differences in shape or material. There are no differences in written words, numbers, or logos. The camera angle and framing are the same. The butterfly is in the same position relative to the background. The color and appearance are the same, with no changes in vibrancy or lighting. The structural characteristics are the same, with no fundamental differences in shape or material. There are no differences in written words, numbers, or logos. The camera angle and framing are the same. The butterfly is in the same position relative to the background. The color and appearance are the same, with no changes in vibrancy or lighting. The structural characteristics are the same, with no fundamental differences in shape or material. There are no differences in written words, numbers, or logos. The camera angle and framing are the same. The butterfly is in the same position relative to the background. The color and appearance are the same, with no changes in vibrancy or lighting. The structural characteristics are the same, with no fundamental differences in shape",,,,,,,,,
2349,4126,DINO,0.95581305,SigLIP,0.22675022,CLIP,0.8157593,dino_caltech_blind_spots.csv,Caltech101,"The two images depict the same butterfly, but they are oriented differently. The first image is a frontal view of the butterfly, while the second image is a side view. The orientation of the wings and body parts is different in the two images.",1.0,,,,,,,,
2350,6006,DINO,0.96373045,SigLIP,0.534482,CLIP,0.8734984,dino_caltech_blind_spots.csv,Caltech101,"The two images depict the same piano, but they are in different orientations and positions. The first image shows the piano from a front view, while the second image shows it from a side view. The orientation and position of the piano have changed, but the overall appearance and details of the piano remain the same.",1,0,0,0,0,0,0,0,0
2350,7309,DINO,0.9516709,SigLIP,0.46473742,CLIP,0.8827325,dino_caltech_blind_spots.csv,Caltech101,"The two images depict a grand piano, but they differ in their orientation and position. The image on the left is a frontal view of the piano, while the image on the right is a side view. The position of the piano in the images is also different, with the left image showing the piano from the front and the right image showing it from the side.",1,0,0,0,1,0,0,0,1
2356,5687,DINO,0.95381385,SigLIP,0.5775912,CLIP,0.8412626,dino_caltech_blind_spots.csv,Caltech101,"The two images depict the same bonsai tree, but they are taken from different angles and perspectives. The first image is a frontal view, while the second image is a side view. The bonsai tree is also positioned differently in the two images, with the first image showing it on a table, and the second image showing it on a stand. The background and lighting conditions are also different in the two images.",1,0,0,0,1,0,0,0,1
2370,6675,DINO,0.96586525,SigLIP,0.42032194,CLIP,0.92706954,dino_caltech_blind_spots.csv,Caltech101,"The two images depict the same wheelchair, but they are taken from different angles. The first image is a frontal view, while the second image is a side view. The differences in the orientation and direction of the wheelchair are the main focus of this analysis.",1,0,0,0,0,0,0,0,0
2383,4645,DINO,0.95279664,SigLIP,0.5111735,CLIP,0.93411064,dino_caltech_blind_spots.csv,Caltech101,"The two images are identical. They depict the same woman with short, straight hair, wearing a gray shirt, standing in front of two framed maps of the Americas and Europe. The woman's expression and the background are consistent between the two images.",,,,,,,,,
2390,5278,DINO,0.9632146,SigLIP,0.41481438,CLIP,0.87087286,dino_caltech_blind_spots.csv,Caltech101,"The two images depict the same rooster, but they are in different orientations and have different lighting conditions. The first image is a black and white photograph, while the second image is a color photograph. The rooster in the first image is facing left, while the rooster in the second image is facing right. The lighting in the first image is more subdued, with a gray background, while the lighting in the second image is brighter, with a more colorful background.",1.0,0.0,0.0,0.0,0.0,1.0,0.0,0.0,0.0
2423,6798,DINO,0.9534356,SigLIP,0.5481157,CLIP,0.9665968,dino_caltech_blind_spots.csv,Caltech101,"The two images are identical. They depict the same man with a bald head, wearing a green and white checkered shirt, standing in front of a bush with pink flowers. The man is smiling and the background is consistent in both images.",,,,,,,,,
2467,6220,DINO,0.99244905,SigLIP,0.50015235,CLIP,0.9566846,dino_caltech_blind_spots.csv,Caltech101,"{
  ""Explanation"": ""The two images depict a black grand piano with a music stand and a sheet of music. The differences between the two images are as follows: 
  - The orientation and direction of the piano is different in the two images. In the first image, the piano is facing the viewer, while in the second image, it is facing away from the viewer.
  - The presence of features such as the piano keys, music stand, and sheet of music is the same in both images.
  - The state and condition of the piano is the same in both images, as it is a well-maintained object.
  - The quantity and count of objects is the same in both images, as there are two identical pianos.
  - The positional context of the objects is the same in both images, as they are placed in the same relative positions to each other and the background.
  - The color and appearance of the objects are the same in both images, as they are both black and white.
  - The structural characteristics of the objects are the same in both images, as they are both black and white.
  - The text in both images is the same, as there are no written words or logos present.
  - The viewpoint perspective of the images is the same, as they are both taken from the same angle and distance.
}",,,,,,,,,
2467,6722,DINO,0.9917898,SigLIP,0.51035404,CLIP,0.95289505,dino_caltech_blind_spots.csv,Caltech101,,,,,,,,,,"{
  ""Explanation"": ""The two images depict a grand piano with a black finish. The differences between the two images are as follows: 

1. The orientation and direction of the piano in the first image is facing the viewer, while in the second image, it is facing away from the viewer.
2. The presence of a book or music sheet on the piano in the first image is missing in the second image.
3. The second image has a different lighting condition, with the piano being in shadow, while the first image has a brighter and more evenly lit scene.
4. The second image has a different color scheme, with the piano being in a darker shade of black, while the first image has a more vibrant and reflective finish.
5. The second image has a different perspective, with the piano being viewed from a different angle, while the first image has a more frontal view.
6. The second image has a different state and condition, with the piano being in a more worn or aged appearance, while the first image has a more pristine and polished finish.
7. The second image has a different quantity and count, with the piano being shown in a single image, while the first image has a double image of the piano.
8. The second image has a different position and context, with the piano being placed in a different environment, such as a room or a studio, while the first image has a more isolated and focused view of the piano.
9. The second image has a different color and appearance, with the piano being in a darker shade of black, while the first image has a more vibrant and reflective finish.
10. The second image has a different structural characteristic, with the piano having a more complex and detailed design, while the first image has a simpler and more minimalist design.
11. The second image has a different viewpoint and perspective, with the piano being viewed from a different angle, while the first image has a more frontal view of the piano.
12. The second image has a different text, with the piano being shown in a different context, such as a musical score or a book, while the first image has no text present.
13. The second image has a different state and condition, with the piano being in a more worn or aged appearance, while the first image has a more pristine and polished finish.
14. The second image has a different quantity and count, with the piano being shown in a single image, while the first image has a double image of the piano."
2467,5984,DINO,0.97300065,SigLIP,0.40934536,CLIP,0.93649125,dino_caltech_blind_spots.csv,Caltech101,1.0,0.0,0.0,0.0,0.0,0.0,0.0,0.0,0.0,"The two images depict the same piano, but they are in different orientations and positions. The first image shows the piano with the lid open, while the second image shows the piano with the lid closed. Additionally, the first image has the piano facing the viewer, while the second image has it facing away from the viewer. The orientation and position of the piano are the only differences between the two images."
2505,6438,DINO,0.9970796,SigLIP,0.59363127,CLIP,0.9814685,dino_caltech_blind_spots.csv,Caltech101,,,,,,,,,,"The two images are identical. They both depict a red octagonal stop sign with the word 'STOP' written in white letters. The signs are identical in terms of shape, color, and text. There are no differences in the orientation, presence of features, state and condition, quantity and count, positional context, structural characteristics, text, viewpoint perspective, or color appearance between the two images."
2505,8367,DINO,0.99667513,SigLIP,0.41424763,CLIP,0.9511155,dino_caltech_blind_spots.csv,Caltech101,1.0,1.0,1.0,1.0,1.0,1.0,1.0,1.0,1.0,"The two images are identical. They both depict a red octagonal stop sign with the word 'STOP' written in white letters. The signs are placed in the same orientation and direction, and there are no differences in the presence or state of the features, the condition of the object, the number of objects, the positioning relative to the background, the color and appearance, the structural characteristics, the text, the viewpoint perspective, or the structural characteristics."
2505,6385,DINO,0.9852708,SigLIP,0.3194692,CLIP,0.97228134,dino_caltech_blind_spots.csv,Caltech101,"The two images are identical. They both depict a red octagonal stop sign with the word 'STOP' written in white letters. The signs are placed against a gray background, and there are no differences in their orientation, presence of features, state and condition, number and count, positional context, color and appearance, structural characteristics, text, viewpoint perspective, or any other aspect.",,,,,,,,,
2552,2685,DINO,0.9553577,SigLIP,0.41731685,CLIP,0.8884022,dino_caltech_blind_spots.csv,Caltech101,"The two images depict the same turtle, but they are taken from different angles. The first image is taken from a side view, while the second image is taken from a front view. The turtle's position and orientation are different in the two images.",1.0,,,,,,,,1.0
2565,8272,DINO,0.9501275,SigLIP,-0.0011052787,CLIP,0.8397634,dino_caltech_blind_spots.csv,Caltech101,"The two images are identical. They depict the same Canon EOS 5D Mark III camera with a Canon EF 24-70mm f/2.8L II USM lens. The camera is shown in a similar orientation and with the same lighting conditions. The camera is placed on a white surface with a black background. There are no differences in the objects' states, positions, colors, or text between the two images.",,,,,,,,,
2567,7706,DINO,0.9765602,SigLIP,0.4365552,CLIP,0.93697786,dino_caltech_blind_spots.csv,Caltech101,"The two images depict the same animal, a mountain lion, but they are in different orientations and positions. The first image is a close-up of the mountain lion's face, while the second image shows the mountain lion lying down on a green leaf. The mountain lion's head is oriented in a different direction in the second image, and it is not lying down as in the first image. The second image also has a different background color and texture.",1.0,0.0,0.0,0.0,0.0,0.0,0.0,0.0,0.0
2590,3913,DINO,0.95374835,SigLIP,0.14611614,CLIP,0.9037273,dino_caltech_blind_spots.csv,Caltech101,"The two images depict the same turtle, but they are taken from different angles. The first image is taken from a side view, while the second image is taken from a front view. The turtle's position and orientation are different in the two images.",1,0.0,0.0,0.0,0.0,0.0,0.0,0.0,1.0
2616,4838,DINO,0.9624127,SigLIP,0.39989585,CLIP,0.8326918,dino_caltech_blind_spots.csv,Caltech101,"The two images depict the same revolver, but they are taken from different angles and perspectives. The first image shows the revolver from a side view, while the second image shows it from a front view. The orientation and direction of the image are different, but the overall appearance of the revolver remains the same.",1,0.0,0.0,0.0,0.0,0.0,0.0,0.0,0.0
2616,8440,DINO,0.9613987,SigLIP,0.45089707,CLIP,0.8704334,dino_caltech_blind_spots.csv,Caltech101,"The two images depict the same revolver, but they are taken from different angles and perspectives. The first image shows the revolver from a side view, while the second image shows it from a front view. The orientation and direction of the revolver are different in the two images.",1,0.0,0.0,0.0,0.0,0.0,0.0,0.0,1.0
184,2616,DINO,0.95847243,SigLIP,0.33296087,CLIP,0.8820311,dino_caltech_blind_spots.csv,Caltech101,"The two images depict the same revolver, but they are oriented differently. The first image shows the revolver from the side, while the second image shows it from the front. The orientation difference is the primary difference between the two images.",1,,,,,,,,
2624,3085,DINO,0.97395384,SigLIP,0.43065286,CLIP,0.9413984,dino_caltech_blind_spots.csv,Caltech101,"The two images are identical. There are no differences in the objects, their states, or their positions.",,,,,,,,,
2680,4168,DINO,0.98990875,SigLIP,0.5368438,CLIP,0.9799942,dino_caltech_blind_spots.csv,Caltech101,"The two images depict the same jaguar, but they are taken from different angles and perspectives. The first image is a close-up shot of the jaguar's face, while the second image is a wider shot of the jaguar's body. The jaguar's position and orientation are also different in the two images.",1.0,0.0,0.0,0.0,0.0,0.0,0.0,0.0,1.0
2688,4325,DINO,0.95981646,SigLIP,0.48731834,CLIP,0.8543178,dino_caltech_blind_spots.csv,Caltech101,"The two images depict the same chair, but they are taken from different angles. The first image is a frontal view, while the second image is a side view. The chair is made of wood and has a traditional design with a curved backrest and armrests. The background is plain and white, and the chair is placed on a light-colored surface. The differences in the images are in the perspective and angle of the chair, but the overall appearance and structure of the chair are the same.",1.0,0.0,0.0,0.0,0.0,0.0,0.0,0.0,1.0
2688,5629,DINO,0.95617485,SigLIP,0.4984837,CLIP,0.8554138,dino_caltech_blind_spots.csv,Caltech101,"{
  ""Explanation"": ""The two images depict the same chair, but they are taken from different angles. The first image is a frontal view, while the second image is a side view. The chair is made of wood and has a wooden seat and backrest. The backrest is curved and has a spindled design. The chair has a wooden frame with turned legs and a curved backrest. The chair is placed on a plain white background. There are no differences in the structural characteristics, color, or appearance of the chair between the two images. The only difference is the angle of the image. The chair is in the same state and condition in both images. The presence of the chair is the same in both images. The chair is in the same position relative to the background in both images. The chair is in the same state and condition in both images. The chair is in the same position relative to the background in both images. The chair is in the same state and condition in both images. The chair is in the same position relative to the background in both images. The chair is in the same state and condition in both images. The chair is in the same position relative to the background in both images. The chair is in the same state and condition in both images. The chair is in the same position relative to the background in both images. The chair is in the same state and condition in both images. The chair is in the same position relative to the background in both images. The chair is in the same state and condition in both images. The chair is in the same position relative to the background in both images. The chair is in the same state and condition in both images. The chair is in the same position relative to the background in both images. The chair is in the same state and condition in both images. The chair is in the same position relative to the background in both images. The chair is in the same state and condition in both images. The chair is in the same position relative to the background in both images. The chair is in the same state and condition in both images. The chair is in the same position relative to the background in both images. The chair is in the same state and condition in both images. The chair is in the same position relative to the background in both images. The chair is in the same state and condition in both images. The chair is in the same position relative to the background in both images. The chair is in the same state and condition in both images.",,,,,,,,,
2692,4131,DINO,0.9831258,SigLIP,0.56445265,CLIP,0.9799325,dino_caltech_blind_spots.csv,Caltech101,"The two images depict the same leopard in different positions and orientations. The first image shows the leopard in a more upright stance, while the second image shows it in a more crouched position. The leopard's body posture and the angle of its head are different in the two images. The leopard's position and orientation are the only differences between the two images.",1.0,0.0,0.0,0.0,0.0,0.0,0.0,0.0,0.0
2709,6384,DINO,0.96110594,SigLIP,0.32203114,CLIP,0.8841418,dino_caltech_blind_spots.csv,Caltech101,"The two images are identical. They depict the same person with curly blonde hair and a beard, standing in front of a sign that reads 'Highlights of Current Research'. The background and lighting are also the same in both images.",,,,,,,,,
1719,2728,DINO,0.9753698,SigLIP,0.508401,CLIP,0.96082807,dino_caltech_blind_spots.csv,Caltech101,"The two images depict the same piano, but they are taken from different angles and perspectives. The first image shows the piano from a front view, while the second image shows it from a side view. The orientation and direction of the piano are different in the two images. The presence of features such as the keys, strings, and body of the piano is the same in both images. The state and condition of the piano are also the same in both images. The quantity and count of objects are the same. The positional context is the same. The color and appearance of the piano are the same. The structural characteristics of the piano are the same. There are no differences in written words, numbers, or logos. The viewpoint perspective is the same. There are no differences in the camera angle, zoom level, or framing.",1.0,0.0,0.0,0.0,0.0,0.0,0.0,0.0,0.0
2728,4457,DINO,0.97489774,SigLIP,0.596257,CLIP,0.9445441,dino_caltech_blind_spots.csv,Caltech101,"The two images depict the same piano, but they are taken from different angles and perspectives. The first image shows the piano from the front, while the second image shows it from the side. The orientation and direction of the images are different, with the first image being more frontal and the second image being more side-on. The presence of features, state and condition, quantity and count, positional context, structural characteristics, text, viewpoint perspective, and color and appearance are all the same in both images. The only difference is the angle and perspective of the image.",1.0,0.0,0.0,0.0,0.0,0.0,0.0,0.0,0.0
2728,5152,DINO,0.9727988,SigLIP,-0.081380546,CLIP,0.87539697,dino_caltech_blind_spots.csv,Caltech101,"The two images depict the same piano, but they are rotated 90 degrees clockwise. The orientation and direction of the piano are the only differences.",1.0,0.0,0.0,0.0,0.0,0.0,0.0,0.0,0.0
2728,7561,DINO,0.9723958,SigLIP,0.5426457,CLIP,0.96050084,dino_caltech_blind_spots.csv,Caltech101,"The two images depict the same piano, but they are taken from different angles and perspectives. The first image shows the piano from a front view, while the second image shows it from a side view. The orientation and direction of the piano are different in the two images. The presence of features such as the keys, pedals, and the overall shape of the piano is the same in both images. The state and condition of the piano are also the same in both images. The quantity and count of objects are the same. The positional context is the same. The color and appearance of the piano are the same. The structural characteristics of the piano are the same. There are no differences in written words, numbers, or logos. The viewpoint perspective is the same. There are no differences in the camera angle, zoom level, or framing.",1.0,0.0,0.0,0.0,0.0,0.0,0.0,0.0,0.0
2750,6093,DINO,0.9638784,SigLIP,0.41586995,CLIP,0.93572414,dino_caltech_blind_spots.csv,Caltech101,"The two images depict the same animal, a mountain lion, but they are taken from different angles and perspectives. The first image is a frontal view, while the second image is a side view. The mountain lion is standing on a rock, and its fur color is a mix of brown and orange. The background is blurred, and the lighting is natural, suggesting it was taken outdoors. The second image is rotated 90 degrees clockwise compared to the first image. There are no other differences in the features or state of the mountain lion between the two images.",1.0,0.0,0.0,0.0,0.0,0.0,0.0,0.0,0.0
2765,3372,DINO,0.98886716,SigLIP,0.5482408,CLIP,0.98654836,dino_caltech_blind_spots.csv,Caltech101,"{
  ""Explanation"": ""The two images depict the same scene of a group of cheetahs sitting in the grass. However, the cheetahs in the second image are slightly more spread out compared to the first image. The first image shows the cheetahs sitting closer together, while the second image shows them sitting more spread out. This difference in positioning is the only difference between the two images."",
  ""Orientation_And_Direction"": 1,  // The images are facing the same direction.
  ""Presence_Of_Features"": 1,  // The same features are present in both images.
  ""State_And_Condition"": 1,  // The objects in both images are in the same state.
  ""Quantity_And_Count"": 1,  // The number of objects is the same in both images.
  ""Positional_Context"": 1,  // The objects are placed in the same relative positions.
  ""Color_And_Appearance"": 1,  // The colors and appearance of the objects are the same.
  ""Structural_Characteristics"": 1,  // The core shape and material of the objects are the same.
  ""Text"": 0,  // There are no written words, numbers, or logos in the images.
  ""Viewpoint_Perspective"": 1,  // The camera angle and framing are the same.
}",,,,,,,,,
2766,2937,DINO,0.9815264,SigLIP,0.29759252,CLIP,0.9873186,dino_caltech_blind_spots.csv,Caltech101,"The two images depict the same jaguar in different positions and orientations. The first image shows the jaguar standing upright, while the second image shows it sitting on the ground. The jaguar's position and orientation have changed between the two images.",1,0.0,0.0,0.0,1.0,0.0,0.0,0.0,1.0
2773,2981,DINO,0.97701824,SigLIP,0.56773937,CLIP,0.93116164,dino_caltech_blind_spots.csv,Caltech101,"The two images depict the same revolver, but they are oriented differently. The first image shows the revolver with the barrel pointing upwards, while the second image shows it with the barrel pointing downwards. This difference in orientation affects the overall visual perception of the object.",1,,,,,,,,
2773,6047,DINO,0.96614534,SigLIP,0.37970763,CLIP,0.88811404,dino_caltech_blind_spots.csv,Caltech101,"The two images depict the same revolver, but they are oriented differently. The first image shows the revolver with the barrel pointing upwards, while the second image shows it with the barrel pointing downwards. This difference in orientation affects the overall visual perception of the object.",1,,,,,,,,
2773,4838,DINO,0.9620416,SigLIP,0.43156135,CLIP,0.84807247,dino_caltech_blind_spots.csv,Caltech101,"The two images depict the same revolver, but they are in different orientations and positions. The first image shows the revolver with the barrel pointing upwards, while the second image shows it with the barrel pointing downwards. The orientation and position of the revolver are the only differences between the two images.",1,0.0,0.0,0.0,0.0,0.0,0.0,0.0,0.0
2780,7923,DINO,0.97201097,SigLIP,0.53485024,CLIP,0.9392204,dino_caltech_blind_spots.csv,Caltech101,"The image on the left shows a woman with brown hair and bangs, while the image on the right shows the same woman with blonde hair. The woman's hair color is the only difference between the two images.",,1.0,,,,1.0,,,
844,2791,DINO,0.9571941,SigLIP,0.5736475,CLIP,0.89878565,dino_caltech_blind_spots.csv,Caltech101,"The two images depict different brass instruments, specifically euphoniums. The euphonium in the first image is silver-colored, while the euphonium in the second image is gold-colored. The overall appearance and structure of the instruments are identical, but the color of the instrument is different.",,,,,,1.0,,,
2791,6826,DINO,0.9570743,SigLIP,0.536601,CLIP,0.90282154,dino_caltech_blind_spots.csv,Caltech101,"The two images depict the same instrument, a brass tuba, but they are taken from different angles and perspectives. The first image shows the tuba from a front view, while the second image shows it from a side view. The orientation and direction of the tuba are different in the two images. The presence of features such as the bell, mouthpiece, and valves is the same in both images. The state and condition of the tuba are also the same in both images. The quantity and count of the tuba is the same in both images. The positional context is the same in both images. The color and appearance of the tuba are the same in both images. The structural characteristics of the tuba are the same in both images. There are no differences in the text between the two images. The viewpoint perspective is the same in both images. There are no differences in the camera angle, zoom level, or framing between the two images.",1.0,0.0,0.0,0.0,0.0,0.0,0.0,0.0,0.0
1404,2791,DINO,0.95171344,SigLIP,0.571409,CLIP,0.9011878,dino_caltech_blind_spots.csv,Caltech101,"The two images depict the same brass instrument, specifically a tuba. However, the orientation and direction of the instrument are different. The first image shows the tuba from a frontal perspective, while the second image shows it from a side perspective. This difference in orientation affects how the instrument is perceived and used.",1.0,,,,,,,,1.0
2792,5388,DINO,0.96435773,SigLIP,0.5689233,CLIP,0.9369806,dino_caltech_blind_spots.csv,Caltech101,"The two images are identical. They depict the same man with a bald head, wearing a checkered shirt, standing in front of a world map. The man's expression and the background remain unchanged.",,,,,,,,,
2821,5536,DINO,0.95113856,SigLIP,0.10964078,CLIP,0.90886486,dino_caltech_blind_spots.csv,Caltech101,The two images are identical. There are no differences between them.,,,,,,,,,
2847,3118,DINO,0.95443445,SigLIP,0.56698406,CLIP,0.8526425,dino_caltech_blind_spots.csv,Caltech101,"The two images depict the same object, a menorah, but they are in different orientations and positions. The first image shows the menorah with its arms extended, while the second image shows it with its arms folded. The background and lighting are also different in the two images.",1.0,0.0,0.0,0.0,1.0,0.0,0.0,0.0,0.0
2863,3904,DINO,0.95805675,SigLIP,0.2225426,CLIP,0.8996428,dino_caltech_blind_spots.csv,Caltech101,The two images are identical. There are no differences between them.,,,,,,,,,
2880,6742,DINO,0.96299934,SigLIP,0.36490488,CLIP,0.93092716,dino_caltech_blind_spots.csv,Caltech101,"The two images depict the same revolver, but they are taken from different angles and perspectives. The first image shows the revolver from the front, while the second image shows it from the side. The orientation and direction of the images are different, but the overall appearance of the revolver remains the same.",1,0,0,0,0,0,0,0,0
2880,8234,DINO,0.96184576,SigLIP,0.36842355,CLIP,0.92556185,dino_caltech_blind_spots.csv,Caltech101,"The two images depict the same revolver, but they are taken from different angles and perspectives. The first image shows the revolver from a front view, while the second image shows it from a side view. The orientation and direction of the image are different, but the overall appearance of the revolver remains the same.",1,0,0,0,0,0,0,0,0
2880,6364,DINO,0.9537934,SigLIP,0.32378894,CLIP,0.8419739,dino_caltech_blind_spots.csv,Caltech101,"The two images depict the same firearm, but they are taken from different angles and perspectives. The first image shows the firearm from a side view, while the second image shows it from a front view. The orientation and direction of the firearm are different in the two images.",1,0,0,0,0,0,0,0,1
2886,3932,DINO,0.9699705,SigLIP,0.46527207,CLIP,0.9329843,dino_caltech_blind_spots.csv,Caltech101,"The man in the first image has a different hairstyle compared to the man in the second image. The man in the first image has a more pronounced side part, while the man in the second image has a more straight and less pronounced side part.",1,0,0,0,0,0,0,0,0
2889,5733,DINO,0.9777348,SigLIP,0.22514401,CLIP,0.9470039,dino_caltech_blind_spots.csv,Caltech101,"The two images are identical. They depict the same man standing in front of a bookshelf with books. The man's position, the bookshelf, and the books are all the same in both images.",,,,,,,,,
2894,8354,DINO,0.96282977,SigLIP,0.39998108,CLIP,0.84791964,dino_caltech_blind_spots.csv,Caltech101,"The two images depict the same saxophone, but they are in different orientations and positions. The saxophone is shown from a frontal view in the first image and from the side in the second image. The first image is rotated 90 degrees clockwise, while the second image is not rotated. The saxophone is also placed differently in the two images, with the first image showing it standing upright, and the second image showing it lying flat on a surface. The saxophone is also shown in a different lighting condition in the second image, with a more shadowed appearance. The overall vibrancy and color of the saxophone in the second image is slightly different from the first image. The structural characteristics of the saxophone are the same in both images, as it is a single object with no additional features or changes in its core shape or material. The presence of a handle is not mentioned in the description, so it is not included in the analysis.",1.0,0.0,0.0,0.0,0.0,0.0,1.0,0.0,0.0
2894,5796,DINO,0.9558431,SigLIP,0.41604942,CLIP,0.8554383,dino_caltech_blind_spots.csv,Caltech101,"{
  ""Explanation"": ""The two images depict a saxophone, but they differ in orientation and position. The saxophone in the first image is shown with its mouthpiece facing upwards, while the saxophone in the second image is shown with its mouthpiece facing downwards. Additionally, the saxophone in the first image is positioned horizontally, while the saxophone in the second image is positioned vertically. The saxophone in the second image is also shown in a different lighting condition, with a shadow cast on the background, while the saxophone in the first image is not. The saxophone in the first image is also shown in a different color, with a gold finish, while the saxophone in the second image is not. The saxophone in the second image is also shown in a different state, with a black lacquer finish, while the saxophone in the first image is not. The saxophone in the second image is also shown in a different orientation, with its body facing downwards, while the saxophone in the first image is not. The saxophone in the second image is also shown in a different position, with its mouthpiece facing downwards, while the saxophone in the first image is not. The saxophone in the second image is also shown in a different state, with a black lacquer finish, while the saxophone in the first image is not. The saxophone in the second image is also shown in a different orientation, with its body facing downwards, while the saxophone in the first image is not. The saxophone in the second image is also shown in a different position, with its mouthpiece facing downwards, while the saxophone in the first image is not. The saxophone in the second image is also shown in a different state, with a black lacquer finish, while the saxophone in the first image is not. The saxophone in the second image is also shown in a different orientation, with its body facing downwards, while the saxophone in the first image is not. The saxophone in the second image is also shown in a different position, with its mouthpiece facing downwards, while the saxophone in the first image is not. The saxophone in the second image is also shown in a different state, with a black lacquer finish, while the saxophone in the first image is not. The saxophone in the second image is also shown in a different orientation, with its body facing downwards, while the saxophone in the first image is not. The saxophone in the second image",,,,,,,,,
2909,7735,DINO,0.9703562,SigLIP,0.48335594,CLIP,0.9261888,dino_caltech_blind_spots.csv,Caltech101,"{
  ""Explanation"": ""The two images depict the same piano, but they are positioned differently. The first image shows the piano with the lid open, while the second image shows the piano with the lid closed. The position of the piano and the lid is the only difference between the two images."",
  ""Orientation_And_Direction"": 1,  // The image is facing the same way as the first image.
  ""Presence_Of_Features"": 1,  // The lid is a feature of the piano.
  ""State_And_Condition"": 1,  // The lid is in the same state as the first image.
  ""Quantity_And_Count"": 1,  // There is only one piano in both images.
  ""Positional_Context"": 1,  // The piano is in the same position relative to the background in both images.
  ""Color_And_Appearance"": 1,  // The colors of the piano are the same in both images.
  ""Structural_Characteristics"": 1,  // The core shape of the piano is the same in both images.
  ""Text"": 0,  // There is no text in the images.
  ""Viewpoint_Perspective"": 1,  // The camera angle is the same in both images.
}",,,,,,,,,
2909,5850,DINO,0.9702011,SigLIP,0.58540034,CLIP,0.94072926,dino_caltech_blind_spots.csv,Caltech101,"The two images depict two different grand pianos. The first image shows a piano with a dark brown finish, while the second image shows a piano with an ebonized finish. The color of the piano in the first image is darker, while the second image has a more vibrant and reflective finish. The overall appearance of the pianos is similar, but the color difference is the most noticeable difference between the two images.",,,,,,1,,,
2916,8381,DINO,0.951524,SigLIP,0.05933526,CLIP,0.91263944,dino_caltech_blind_spots.csv,Caltech101,"The two images depict the same menorah, but they are in different orientations and positions. The first image is a black and white drawing of the menorah, while the second image is a color photograph of the menorah. The orientation and position of the menorah are different in the two images. The first image is a side view, while the second image is a front view. The color of the menorah in the first image is black and white, while in the second image, it is a golden color.",1.0,0.0,0.0,0.0,0.0,1,1.0,0.0,0.0
2939,5485,DINO,0.9902129,SigLIP,0.5037997,CLIP,0.93441695,dino_caltech_blind_spots.csv,Caltech101,"The two images depict the same stegosaurus, but they are rendered in different lighting conditions. The first image has a more natural lighting, while the second image has a more artificial lighting, which results in a different color cast and overall appearance.",,,,,,1,,,
2981,6047,DINO,0.95941955,SigLIP,0.56207335,CLIP,0.8826488,dino_caltech_blind_spots.csv,Caltech101,"The two images depict the same revolver, but they are in different orientations and positions. The first image shows the revolver with the barrel pointing upwards, while the second image shows it with the barrel pointing downwards. The orientation and position of the revolver are the only differences between the two images.",1.0,0.0,0.0,0.0,0.0,0,0.0,0.0,0.0
2983,8371,DINO,0.9545876,SigLIP,0.5752509,CLIP,0.9519249,dino_caltech_blind_spots.csv,Caltech101,The two images are identical. They both depict a red octagonal stop sign with the word 'STOP' written in white capital letters on a green background.,1.0,1.0,1.0,1.0,1.0,1.0,1.0,1.0,1.0
3076,4324,DINO,0.95785534,SigLIP,0.5801486,CLIP,0.9285474,dino_caltech_blind_spots.csv,Caltech101,"The two images are identical. There are no differences in the objects, their states, or their positions.",,,,,,,,,
3143,5549,DINO,0.9531009,SigLIP,0.50676084,CLIP,0.92435455,dino_caltech_blind_spots.csv,Caltech101,The two images are identical. They depict the same person with the same hairstyle and facial features.,,,,,,,,,
3151,5299,DINO,0.97519994,SigLIP,0.525136,CLIP,0.9572165,dino_caltech_blind_spots.csv,Caltech101,The two images are identical. They depict the same person with the same hairstyle and clothing. The background and lighting are also the same.,,,,,,,,,
3190,7864,DINO,0.9531974,SigLIP,0.24954724,CLIP,0.9117781,dino_caltech_blind_spots.csv,Caltech101,"The two images are identical. They depict the same woman with curly hair, wearing a shirt, standing in front of a window with blinds. The background and objects in the image are also identical.",,,,,,,,,
3195,3602,DINO,0.95629656,SigLIP,0.46553412,CLIP,0.92606026,dino_caltech_blind_spots.csv,Caltech101,The two images are identical. There are no differences between them.,,,,,,,,,
3206,6962,DINO,0.9649467,SigLIP,0.52800095,CLIP,0.8762808,dino_caltech_blind_spots.csv,Caltech101,"The two images are identical. They show the same man with a beard, wearing a dark jacket and a light-colored shirt. The background includes a bulletin board with various flyers and posters. There are no differences in the objects, their states, or their positions.",,1.0,1.0,1.0,1.0,1.0,1.0,1.0,1.0
3221,7824,DINO,0.96306145,SigLIP,0.22384508,CLIP,0.87454414,dino_caltech_blind_spots.csv,Caltech101,"The two images appear to be identical. There are no differences in the objects, their states, or their positions. The woman's appearance and the background are also the same in both images.",,,,,,,,,
3256,4368,DINO,0.9616857,SigLIP,0.45412445,CLIP,0.94201756,dino_caltech_blind_spots.csv,Caltech101,The two images are identical. There are no differences between them.,,,,,,,,,
3316,5042,DINO,0.96570325,SigLIP,0.5523307,CLIP,0.81904584,dino_caltech_blind_spots.csv,Caltech101,"The two images depict the same airplane, but they are taken from different angles and perspectives. The first image is taken from a side angle, while the second image is taken from a front angle. The orientation and direction of the airplane are different in the two images. The presence of features such as the tail, wings, and engines is the same in both images. The state and condition of the airplane appear to be the same in both images. The number of objects is the same in both images. The color and appearance of the airplane are the same in both images. The structural characteristics of the airplane are the same in both images. There are no differences in written words, numbers, or logos. The camera angle and framing are different in the two images. The viewpoint perspective is different in the two images.",1.0,0.0,0.0,0.0,0.0,0.0,0.0,0.0,0.0
3319,4876,DINO,0.95444834,SigLIP,0.5349389,CLIP,0.915246,dino_caltech_blind_spots.csv,Caltech101,"The two images depict the same airplane, but they are taken from different angles. The first image shows the airplane from the side, while the second image shows it from the front. The orientation and direction of the airplane are different in the two images.",1.0,,,,,,,,
3363,6093,DINO,0.96336204,SigLIP,0.25755867,CLIP,0.94602627,dino_caltech_blind_spots.csv,Caltech101,"The two images depict the same animal, a mountain lion, but they are taken from different angles and perspectives. The first image is a frontal view, while the second image is a side view. The mountain lion appears to be in the same location, but the angle and perspective have changed.",1.0,0.0,0.0,0.0,0.0,0.0,0.0,0.0,1.0
3363,5432,DINO,0.95693505,SigLIP,0.4272813,CLIP,0.9318856,dino_caltech_blind_spots.csv,Caltech101,"The two images depict the same animal, a mountain lion, but they are taken from different angles and perspectives. The first image is a frontal view, while the second image is a side view. The mountain lion appears to be in the same location, but the angle and perspective have changed.",1,0.0,0.0,0.0,0.0,0.0,0.0,0.0,1.0
3367,3454,DINO,0.95317006,SigLIP,0.4039911,CLIP,0.7869157,dino_caltech_blind_spots.csv,Caltech101,"The two images depict the same airplane, but they are taken from different angles. The first image shows the airplane from the side, while the second image shows it from the front. The orientation and direction of the airplane are different in the two images.",1,,,,,,,,
3368,6459,DINO,0.9571589,SigLIP,0.54068196,CLIP,0.9136621,dino_caltech_blind_spots.csv,Caltech101,"The two images depict the same motorcycle, but they are in different orientations and positions. The first image is a frontal view, while the second image is a side view. The orientation and position of the motorcycle have changed, but the overall appearance and details are the same.",1,0.0,0.0,0.0,0.0,0.0,0.0,0.0,0.0
3390,4876,DINO,0.9775137,SigLIP,0.56663984,CLIP,0.93828845,dino_caltech_blind_spots.csv,Caltech101,"The two images depict the same airplane, but they are taken from different angles. The first image is taken from the side, while the second image is taken from the front. The orientation and direction of the airplane are different in the two images.",1,,,,,,,,
3390,6443,DINO,0.95801365,SigLIP,0.23660515,CLIP,0.9561919,dino_caltech_blind_spots.csv,Caltech101,"The two images depict the same airplane, but they are taken from different angles and perspectives. The first image shows the airplane from the side, while the second image shows it from the front. The orientation and direction of the airplane are different in the two images.",1.0,,,,,,,,1.0
3400,5359,DINO,0.95453465,SigLIP,0.42643297,CLIP,0.9301017,dino_caltech_blind_spots.csv,Caltech101,The two images are identical. There are no differences between them.,,,,,,,,,
3416,6180,DINO,0.96728396,SigLIP,0.5458758,CLIP,0.86564416,dino_caltech_blind_spots.csv,Caltech101,"The two images depict the same firearm, but they are taken from different angles and perspectives. The first image is a frontal view, while the second image is a side view. The orientation and direction of the firearm are different in the two images.",1.0,0.0,0.0,0.0,0.0,0.0,0.0,0.0,1.0
3416,6535,DINO,0.96112204,SigLIP,0.59520996,CLIP,0.89000624,dino_caltech_blind_spots.csv,Caltech101,"The two images depict the same firearm, but they are presented in different orientations and colors. The firearm is shown in a vertical orientation in the first image and in a horizontal orientation in the second image. Additionally, the firearm is shown in a silver color in the first image and in a black color in the second image. The background color of the firearm in the first image is green, while in the second image, it is blue. The firearm is also shown in a different position in the two images, with the first image showing it lying flat on a surface, while the second image shows it standing upright on a surface.",1.0,0.0,0.0,0.0,0.0,1.0,0.0,0.0,0.0
3421,5039,DINO,0.9537463,SigLIP,0.40505135,CLIP,0.9212632,dino_caltech_blind_spots.csv,Caltech101,"The two images depict the same scorpion, but they are taken from different angles and perspectives. The scorpion is facing the same direction in both images, but the angle and the way it is positioned on the ground are different. The first image shows the scorpion from a side angle, while the second image shows it from a front angle. The scorpion's body and legs are visible in both images, but the positioning of the legs and the overall shape of the scorpion are different.",1,0.0,0.0,0.0,1.0,1.0,1.0,0.0,1.0
3425,7331,DINO,0.95861065,SigLIP,0.39986297,CLIP,0.8894449,dino_caltech_blind_spots.csv,Caltech101,"The two images depict the same object, a nautilus shell, but they are oriented differently. The first image shows the shell from the side, while the second image shows it from the top. The orientation difference is the primary difference between the two images.",1,,,,,,,,
3425,4545,DINO,0.9536676,SigLIP,0.35722083,CLIP,0.86591816,dino_caltech_blind_spots.csv,Caltech101,"The two images depict the same object, a nautilus shell, but they are oriented differently. The first image shows the shell from the side, while the second image shows it from the top. The orientation difference is the primary difference between the two images.",1,,,,,,,,
3449,5634,DINO,0.9506795,SigLIP,0.4885782,CLIP,0.9573813,dino_caltech_blind_spots.csv,Caltech101,"The two images depict the same white lotus flower, but they are taken from different angles. The first image is taken from a frontal view, while the second image is taken from a side view. The petals and the central part of the flower are visible in both images, but the overall perspective is different.",1,0.0,0.0,0.0,0.0,0.0,0.0,0.0,1.0
3451,8049,DINO,0.96907157,SigLIP,0.5886611,CLIP,0.9329212,dino_caltech_blind_spots.csv,Caltech101,"The two images depict the same motorcycle, but they are in different orientations and positions. The first image is a frontal view, while the second image is a side view. The orientation and position of the motorcycle have changed, but the overall appearance and details are the same.",1.0,0.0,0.0,0.0,0.0,0.0,0.0,0.0,0.0
3478,8192,DINO,0.95992154,SigLIP,0.22533077,CLIP,0.95619047,dino_caltech_blind_spots.csv,Caltech101,"The two images depict the same tick, but they are taken from different angles and perspectives. The first image shows the tick from a side view, while the second image shows it from a top-down view. The orientation and direction of the tick are different in the two images.",1.0,,,,,,,,1.0
3490,6126,DINO,0.9561629,SigLIP,0.39444488,CLIP,0.9625388,dino_caltech_blind_spots.csv,Caltech101,The two images are identical. There are no differences between them.,,,,,,,,,
3513,4052,DINO,0.9676594,SigLIP,0.52439165,CLIP,0.9390738,dino_caltech_blind_spots.csv,Caltech101,"The two images are identical. There are no differences in the objects, their states, or their positions.",,,,,,,,,
3527,8601,DINO,0.96171355,SigLIP,0.5697154,CLIP,0.923268,dino_caltech_blind_spots.csv,Caltech101,"The two images appear to be identical. There are no differences in the objects, their states, or their positions. The colors, lighting, and overall appearance of the objects are also the same.",,,,,,,,,
3534,6573,DINO,0.9768727,SigLIP,0.52737164,CLIP,0.9210782,dino_caltech_blind_spots.csv,Caltech101,"The two images depict the same piano, but they are taken from different angles. The first image shows the piano from the front, while the second image shows it from the side. The orientation and direction of the image are different, but the overall appearance of the piano remains the same.",1.0,0.0,0.0,0.0,0.0,0.0,0.0,0.0,0.0
3557,5152,DINO,0.9673708,SigLIP,-0.13295126,CLIP,0.8584325,dino_caltech_blind_spots.csv,Caltech101,"The two images depict the same grand piano, but they are presented in different orientations and perspectives. The first image is a close-up view of the piano, showing its details and features, while the second image is a wider view of the piano, showing its overall appearance. The orientation and perspective of the images differ, with the first image being more detailed and the second image being more comprehensive.",1.0,1.0,1.0,1.0,1.0,1.0,1.0,0.0,1.0
1719,3557,DINO,0.96648407,SigLIP,0.4324492,CLIP,0.88938195,dino_caltech_blind_spots.csv,Caltech101,"The two images depict the same piano, but they are taken from different angles and perspectives. The first image shows the piano from a front view, while the second image shows it from a side view. The orientation and direction of the piano are different in the two images. The presence of features such as the keys, strings, and body of the piano is the same in both images. The state and condition of the piano are the same in both images. The quantity and count of objects are the same. The positional context of the piano is the same. The color and appearance of the piano are the same. The structural characteristics of the piano are the same. There are no differences in written words, numbers, or logos. The viewpoint perspective is different. There are no differences in the camera angle, zoom level, or framing.",1.0,0.0,0.0,0.0,0.0,0.0,0.0,0.0,1.0
2085,3557,DINO,0.96574664,SigLIP,0.47537366,CLIP,0.91467226,dino_caltech_blind_spots.csv,Caltech101,"The two images depict the same piano, but they are taken from different angles and perspectives. The first image shows the piano from a front view, while the second image shows it from a side view. The orientation and direction of the piano are different in the two images. The presence of features such as the keys, pedals, and the overall shape of the piano is the same in both images. The state and condition of the piano are also the same in both images. The quantity and count of objects are the same. The positional context is the same. The color and appearance of the piano are the same. The structural characteristics of the piano are the same. There are no differences in written words, numbers, or logos. The viewpoint perspective is the same. There are no differences in the camera angle, zoom level, or framing.",1.0,0.0,0.0,0.0,0.0,0.0,0.0,0.0,0.0
3557,7561,DINO,0.96064144,SigLIP,0.42091635,CLIP,0.88243604,dino_caltech_blind_spots.csv,Caltech101,"The two images depict the same piano, but they are taken from different angles. The first image is a frontal view, while the second image is a side view. The orientation and direction of the piano are different in the two images.",1.0,,,,,,,,1.0
3640,6619,DINO,0.9510411,SigLIP,0.39167196,CLIP,0.88948417,dino_caltech_blind_spots.csv,Caltech101,"The two images depict the same dinosaur, but they are in different orientations and positions. The first image is a frontal view of the dinosaur, while the second image is a side view. The orientation and position of the dinosaur in the two images are different.",1.0,,,,,,,,
3646,8550,DINO,0.9514061,SigLIP,0.44072628,CLIP,0.96430993,dino_caltech_blind_spots.csv,Caltech101,"The two images depict the same symbol, the Yin-Yang symbol, which represents balance and harmony. The differences between the two images are minimal and do not affect the overall meaning or interpretation of the symbol.",,,,,,,,,
3649,6443,DINO,0.96761596,SigLIP,0.29920882,CLIP,0.94566,dino_caltech_blind_spots.csv,Caltech101,"The two images depict the same airplane, but they are taken from different angles and perspectives. The first image shows the airplane from the side, while the second image shows it from the front. The orientation and direction of the airplane are different in the two images. The presence of features such as the tail, wings, and engines is the same in both images. The state and condition of the airplane are the same, as it is in mid-flight. The number of objects is the same, as there are no additional objects in the second image. The positional context is the same, as the airplane is flying in the same direction and altitude. The color and appearance of the airplane are the same, with no changes in lighting or vibrancy. The structural characteristics of the airplane are the same, with no fundamental differences in shape, material, or build. The text is the same, as there are no written words or logos present. The viewpoint perspective is the same, as the camera angle is the same in both images. There are no differences in the quantity or count of objects.",1,0.0,0.0,0.0,0.0,0.0,0.0,0.0,0.0
3649,4975,DINO,0.9564457,SigLIP,0.5961851,CLIP,0.90906394,dino_caltech_blind_spots.csv,Caltech101,"The two images depict the same airplane, but they are taken from different angles. The first image shows the airplane from the side, while the second image shows it from the front. The orientation and direction of the airplane are different in the two images.",1,,,,,,,,
3416,3676,DINO,0.95887077,SigLIP,0.5355527,CLIP,0.87346804,dino_caltech_blind_spots.csv,Caltech101,"The two images depict the same firearm, but they are taken from different angles and perspectives. The first image shows the firearm from a side view, while the second image shows it from a front view. The orientation and direction of the firearm are different in the two images.",1,0.0,0.0,0.0,0.0,0.0,0.0,0.0,1.0
2616,3676,DINO,0.9552827,SigLIP,0.35070944,CLIP,0.82328,dino_caltech_blind_spots.csv,Caltech101,"The two images depict the same revolver, but they are taken from different angles and perspectives. The first image shows the revolver from a side view, while the second image shows it from a front view. The orientation and direction of the revolver are different in the two images.",1,0.0,0.0,0.0,0.0,0.0,0.0,0.0,1.0
3685,4475,DINO,0.965661,SigLIP,0.57247937,CLIP,0.9283367,dino_caltech_blind_spots.csv,Caltech101,"The man in the first image has a beard, while the man in the second image does not. Additionally, the man in the first image has a mustache, while the man in the second image does not. The man in the first image has a more pronounced beard and mustache compared to the man in the second image.",,1.0,,,,,,,
3689,6276,DINO,0.97462595,SigLIP,0.5276501,CLIP,0.9418379,dino_caltech_blind_spots.csv,Caltech101,"The two images appear to be identical. There are no differences in the objects, their states, or their positions.",,,,,,,,,
3698,3699,DINO,0.9883801,SigLIP,0.50102556,CLIP,0.9364453,dino_caltech_blind_spots.csv,Caltech101,"{
  ""Explanation"": ""The two images depict the same Joshua tree, but they are taken from different angles and perspectives. The first image is taken from a low angle, while the second image is taken from a higher angle. The tree appears to be in the same location, but the perspective changes the way it is viewed."",
  ""Orientation_And_Direction"": 1,  // The image is taken from a different angle.
  ""Presence_Of_Features"": 0,  // No specific part or small detail added or missing.
  ""State_And_Condition"": 0,  // The object is in the same state and condition.
  ""Quantity_And_Count"": 0,  // The number of objects is the same.
  ""Positional_Context"": 0,  // Objects are placed in the same relative positions.
  ""Color_And_Appearance"": 0,  // The colors and appearance are the same.
  ""Structural_Characteristics"": 0,  // The core shape, material, or physical build of the object is the same.
  ""Text"": 0,  // There are no differences in written words, numbers, or logos.
  ""Viewpoint_Perspective"": 1,  // The camera angle is different.
}",,,,,,,,,
3698,5339,DINO,0.9557184,SigLIP,0.35799837,CLIP,0.7819483,dino_caltech_blind_spots.csv,Caltech101,"The two images depict the same Joshua tree, but they are taken from different angles and perspectives. The first image is taken from a low angle, while the second image is taken from a higher angle. The tree appears to be in the same location, but the perspective changes the way it is viewed.",1.0,0.0,0.0,0.0,0.0,0.0,0.0,0.0,1.0
3699,5339,DINO,0.9518423,SigLIP,0.42844558,CLIP,0.83362794,dino_caltech_blind_spots.csv,Caltech101,"The two images depict the same Joshua tree in different orientations and perspectives. The first image is taken from a lower angle, showing the tree from the side, while the second image is taken from a higher angle, showing the tree from the front. The background and other objects in the image are also different.",1.0,0.0,0.0,0.0,1.0,0.0,0.0,0.0,1.0
3792,6535,DINO,0.95938075,SigLIP,0.5925267,CLIP,0.79042137,dino_caltech_blind_spots.csv,Caltech101,"The two images depict the same revolver, but they are taken from different angles and perspectives. The first image shows the revolver from the side, while the second image shows it from the front. The orientation and direction of the objects are different, with the first image being more angled and the second image being more frontal. The presence of features such as the barrel, trigger, and grip is the same in both images. The state and condition of the revolver are the same in both images. The quantity and count of objects are the same. The positional context is the same. The color and appearance of the revolver are the same. The structural characteristics of the revolver are the same. There are no differences in text. The viewpoint perspective is the same. There are no differences in the camera angle, zoom level, or framing.",1.0,0.0,0.0,0.0,0.0,0.0,0.0,0.0,0.0
3792,6180,DINO,0.95486206,SigLIP,0.38958597,CLIP,0.75336385,dino_caltech_blind_spots.csv,Caltech101,"The two images depict the same revolver, but they are taken from different angles and perspectives. The first image shows the revolver from the side, while the second image shows it from the front. The orientation and direction of the objects are different, with the first image being more angled and the second image being more frontal. The presence of features such as the barrel, trigger, and grip is the same in both images. The state and condition of the revolver are the same in both images. The quantity and count of objects are the same. The positional context is the same. The color and appearance of the revolver are the same. The structural characteristics of the revolver are the same. There are no differences in text. The viewpoint perspective is the same. There are no differences in the camera angle, zoom level, or framing.",1.0,1.0,1.0,1.0,1.0,1.0,1.0,0.0,1.0
3824,4467,DINO,0.968202,SigLIP,0.5332434,CLIP,0.96762836,dino_caltech_blind_spots.csv,Caltech101,"The two images depict the same animal, a mountain lion. However, the background in the second image appears to be a different color, possibly due to lighting or a different camera setting. The mountain lion's fur color and overall appearance are identical in both images.",,,,,,,,,
3890,7035,DINO,0.9771626,SigLIP,0.5063088,CLIP,0.9472143,dino_caltech_blind_spots.csv,Caltech101,"The two images depict the same piano, but they are taken from different angles and perspectives. The first image shows the piano from a front view, while the second image shows it from a side view. The orientation and direction of the piano are different in the two images. The presence of features such as the keys, pedals, and the stool is the same in both images. The state and condition of the piano are the same in both images. The number of objects is the same in both images. The colors and appearance of the piano are the same in both images. The structural characteristics of the piano are the same in both images. There are no differences in written words, numbers, or logos. The camera angle and framing are the same in both images. There are no differences in the viewpoint or perspective.",1.0,0.0,0.0,0.0,0.0,0.0,0.0,0.0,0.0
3890,7364,DINO,0.9758212,SigLIP,0.41996855,CLIP,0.9435911,dino_caltech_blind_spots.csv,Caltech101,"The two images depict the same piano, but they are taken from different angles and perspectives. The first image shows the piano from the front, while the second image shows it from the side. The orientation and direction of the piano are different in the two images. The presence of features such as the keys, pedals, and the stool is the same in both images. The state and condition of the piano are the same, as it is a well-maintained instrument. The quantity and count of objects are the same. The positional context is the same, as they are both placed in front of a black background. The color and appearance of the piano are the same. The structural characteristics of the piano are the same. There are no differences in text. The viewpoint perspective is the same, as both images are taken from the same angle. There are no differences in the quantity and count of objects.",1.0,0.0,0.0,0.0,0.0,0.0,0.0,0.0,0.0
3890,5709,DINO,0.96738124,SigLIP,0.49688867,CLIP,0.9308703,dino_caltech_blind_spots.csv,Caltech101,"The two images depict the same piano, but they are taken from different angles. The first image shows the piano from the front, while the second image shows it from the side. The orientation and direction of the image are different, but the overall appearance of the piano remains the same.",1.0,0.0,0.0,0.0,0.0,0.0,0.0,0.0,0.0
3900,5387,DINO,0.9850577,SigLIP,0.23734567,CLIP,0.950199,dino_caltech_blind_spots.csv,Caltech101,The two images are identical. They depict the same person with the same hairstyle and facial features.,,,,,,,,,
3949,8273,DINO,0.9721247,SigLIP,0.5321862,CLIP,0.9799705,dino_caltech_blind_spots.csv,Caltech101,"The two images are identical. They depict the same symbol, the Yin-Yang symbol, which consists of two circles connected by a diagonal line. The circles are black and white, and the line is black. The symbol represents balance, harmony, and duality.",,,,,,,,,
3949,4583,DINO,0.95753527,SigLIP,0.42332503,CLIP,0.97337663,dino_caltech_blind_spots.csv,Caltech101,"The two images are identical. They depict the same symbol, the Yin-Yang symbol, which consists of two intersecting circles with a dot in the center. The symbol represents balance, harmony, and duality.",,,,,,,,,
3997,8305,DINO,0.9808961,SigLIP,0.30382952,CLIP,0.94960374,dino_caltech_blind_spots.csv,Caltech101,"The two images are identical. They depict the same person with the same hair color and hairstyle, wearing the same clothing, and in the same setting. The background and lighting are also the same in both images. There are no differences in the objects or their states, and the camera angle and framing are consistent. The person is facing the camera, and the image is a frontal view. There are no changes in the color, appearance, or structural characteristics of the objects or the person. The viewpoint and perspective are also the same in both images.",,,,,,,,,
4122,4280,DINO,0.9627572,SigLIP,0.5824411,CLIP,0.8674431,dino_caltech_blind_spots.csv,Caltech101,"The two images depict the same motorcycle, but with different color schemes and details. The first image shows a red and black motorcycle, while the second image shows a black and silver motorcycle. The first image has a more vibrant red color, while the second image has a more muted silver color. Additionally, the first image has a more detailed and realistic rendering, while the second image appears to be a more stylized or simplified rendering.",1.0,1.0,1.0,1.0,1.0,1.0,1.0,0.0,0.0
4126,4269,DINO,0.9589197,SigLIP,0.42793244,CLIP,0.80000013,dino_caltech_blind_spots.csv,Caltech101,"The two images depict the same butterfly, but they are oriented differently. The first image is a frontal view, while the second image is a side view. The orientation difference is the primary difference between the two images.",1.0,,,,,,,,
4184,6342,DINO,0.9721515,SigLIP,0.5478799,CLIP,0.94801503,dino_caltech_blind_spots.csv,Caltech101,"The two images depict the same turtle, but they are taken from different angles. The first image is taken from a top-down perspective, while the second image is taken from a side perspective. The turtle's position and orientation are the same in both images, but the angle of the camera provides a different view.",1.0,,,,,,,,1.0
4188,4234,DINO,0.9521295,SigLIP,0.57878894,CLIP,0.9202507,dino_caltech_blind_spots.csv,Caltech101,The two images are identical. They depict the same person with the same hairstyle and background. The person is wearing a red shirt and has a neutral expression. The background features a wooden lattice pattern.,,,,,,,,,
4190,4583,DINO,0.9619344,SigLIP,0.29745317,CLIP,0.94172335,dino_caltech_blind_spots.csv,Caltech101,"The two images are identical. They depict the same symbol, the Yin-Yang symbol, which consists of two circles connected by a line, with one circle being black and the other white. The symbol represents balance, harmony, and duality.",,,,,,,,,
179,4190,DINO,0.95540196,SigLIP,0.3798524,CLIP,0.94582856,dino_caltech_blind_spots.csv,Caltech101,"The two images are identical. They depict the same symbol, the Yin-Yang symbol, which represents balance and harmony. The symbol consists of two circles, one black and one white, with a dot in the center. The orientation and direction are the same, and there are no differences in the presence of features, state and condition, quantity and count, positional context, structural characteristics, text, viewpoint perspective, or color appearance. The core shape, material, and physical build of the object are also the same.",,,,,,,,,
4258,5079,DINO,0.9721669,SigLIP,0.32091862,CLIP,0.9475399,dino_caltech_blind_spots.csv,Caltech101,"The two images appear to be identical. There are no differences in the objects, their states, or their positions. The lighting and colors are also consistent between the two images.",,,,,,,,,
4349,6888,DINO,0.9585495,SigLIP,0.45623755,CLIP,0.95157796,dino_caltech_blind_spots.csv,Caltech101,"The two images are of the same character, Snoopy, from the Peanuts comic strip. The differences between the two images are minimal and do not affect the overall appearance of the character.",,,,,,,,,
4364,6475,DINO,0.9556428,SigLIP,0.31237435,CLIP,0.9524322,dino_caltech_blind_spots.csv,Caltech101,"The two images depict the same object, a menorah, but they are in different orientations and positions. The first image shows the menorah with its arms extended, while the second image shows it with its arms folded. The orientation and position of the menorah are the only differences between the two images.",1.0,0.0,0.0,0.0,0.0,0.0,0.0,0.0,0.0
4379,5360,DINO,0.9577141,SigLIP,0.19881377,CLIP,0.7978145,dino_caltech_blind_spots.csv,Caltech101,"The two images depict identical inline skates. They have the same design, color scheme, and features. The skates are black with red accents, and they have a four-wheel design with yellow wheels. The skates are positioned in the same orientation and direction, and there are no differences in the state or condition of the objects. The presence of features, such as the wheels and the brand name, is the same in both images. The number of objects is the same, and the objects are placed in the same contextual position relative to each other and the background. The colors, appearance, structural characteristics, and text are also the same. The camera angle and framing are the same in both images. There are no differences in the orientation or direction of the objects, the presence of features, the state or condition of the objects, the number of objects, the contextual position, the colors, appearance, structural characteristics, text, or viewpoint perspective.",,1.0,1.0,1.0,1.0,1.0,1.0,1.0,1.0
4379,6529,DINO,0.9501997,SigLIP,0.22223863,CLIP,0.80844325,dino_caltech_blind_spots.csv,Caltech101,"The two images depict identical inline skates. They have the same design, color scheme, and features. The skates are black with red accents, and they have four wheels with yellow rims. The skates are positioned in the same orientation and direction, and there are no differences in the state or condition of the objects. The presence of features, such as the wheels and the brand name, is the same in both images. The number of objects is the same, and the objects are placed in the same contextual position relative to each other and the background. The colors and appearance are identical, and there are no structural characteristics that differ. The text is also the same in both images. The camera angle, zoom level, and framing are the same. There are no differences in the viewpoint perspective.",,,,,,,,,
4533,4632,DINO,0.96470237,SigLIP,0.15248217,CLIP,0.89444494,dino_caltech_blind_spots.csv,Caltech101,"The two images depict the same menorah, but they are in different orientations and positions. The menorah in the first image is standing upright, while the menorah in the second image is lying on its side. Additionally, the menorah in the first image is facing forward, while the menorah in the second image is facing to the left.",1.0,0.0,0.0,0.0,1.0,0.0,0.0,0.0,1.0
4537,8440,DINO,0.9594724,SigLIP,0.5290593,CLIP,0.8995718,dino_caltech_blind_spots.csv,Caltech101,"The two images depict the same revolver, but they are taken from different angles and perspectives. The first image shows the revolver from a side view, while the second image shows it from a front view. The orientation and direction of the revolver are different in the two images.",1.0,0.0,0.0,0.0,0.0,0.0,0.0,0.0,1.0
2880,4537,DINO,0.95165527,SigLIP,0.35651496,CLIP,0.92941386,dino_caltech_blind_spots.csv,Caltech101,"The two images depict the same revolver, but they are taken from different angles and perspectives. The first image shows the revolver from a side view, while the second image shows it from a front view. The orientation and direction of the image are different, but the overall appearance of the revolver remains the same.",1,0,0,0,0,0,0,0,0
4537,6742,DINO,0.9503324,SigLIP,0.5513965,CLIP,0.9046612,dino_caltech_blind_spots.csv,Caltech101,"The two images depict the same firearm, but they are taken from different angles and perspectives. The first image shows the firearm from a side view, while the second image shows it from a front view. The orientation and direction of the firearm are different in the two images.",1,0,0,0,0,0,0,0,1
4545,7331,DINO,0.97736883,SigLIP,0.56726843,CLIP,0.9187205,dino_caltech_blind_spots.csv,Caltech101,"The two images depict the same object, a nautilus shell, but they are oriented differently. The first image shows the shell open, revealing the spiral pattern of the chambers inside. The second image shows the shell closed, with the spiral pattern still visible but not as prominently displayed. The orientation of the shell in the two images is different, with the first image showing the shell open and the second image showing it closed.",1,0,0,0,0,0,0,0,0
1719,4562,DINO,0.96702766,SigLIP,0.5815574,CLIP,0.94179696,dino_caltech_blind_spots.csv,Caltech101,"The two images depict the same piano, but they are taken from different angles and perspectives. The first image shows the piano from a front view, while the second image shows it from a side view. The orientation and direction of the piano are different in the two images. The presence of features such as the keys, strings, and body of the piano is the same in both images. The state and condition of the piano are the same in both images. The quantity and count of objects are the same. The positional context is the same. The color and appearance of the piano are the same. The structural characteristics of the piano are the same. There are no differences in written words, numbers, or logos. The viewpoint perspective is the same. There are no differences in the camera angle, zoom level, or framing.",1,0,0,0,0,0,0,0,0
519,4562,DINO,0.9623693,SigLIP,0.53703976,CLIP,0.8882718,dino_caltech_blind_spots.csv,Caltech101,"The two images depict the same piano, but they are taken from different angles and perspectives. The first image shows the piano from a front view, while the second image shows it from a side view. The orientation and direction of the piano are different in the two images. The presence of features such as the keys, strings, and pedals is the same in both images. The state and condition of the piano are the same in both images. The number of objects is the same in both images. The colors and appearance of the piano are the same in both images. The structural characteristics of the piano are the same in both images. There are no differences in the text or viewpoint perspective between the two images. The camera angle and zoom level are the same in both images. There are no differences in the written words or logos between the two images.",1.0,0.0,0.0,0.0,0.0,0.0,0.0,0.0,0.0
4562,6573,DINO,0.961925,SigLIP,0.52355516,CLIP,0.8987305,dino_caltech_blind_spots.csv,Caltech101,"The two images depict the same piano, but they are taken from different angles and perspectives. The first image shows the piano from a front view, while the second image shows it from a side view. The orientation and direction of the piano are different in the two images. The presence of features such as the keys, pedals, and the overall shape of the piano is the same in both images. The state and condition of the piano are also the same in both images. The quantity and count of objects are the same. The positional context is the same. The color and appearance of the piano are the same. The structural characteristics of the piano are the same. There are no differences in written words, numbers, or logos. The viewpoint perspective is the same. There are no differences in the camera angle, zoom level, or framing.",1.0,0.0,0.0,0.0,0.0,0.0,0.0,0.0,0.0
4563,4903,DINO,0.9509414,SigLIP,0.38811165,CLIP,0.9519377,dino_caltech_blind_spots.csv,Caltech101,"{
  ""Explanation"": ""The two images depict a dinosaur, but they differ in their orientation and direction. The first image is facing the viewer from the side, while the second image is facing the viewer from the front. Additionally, the first image is rotated 90 degrees clockwise, while the second image is not. The other features, such as the color, state, and condition, as well as the quantity and count, are the same in both images. The structural characteristics, such as the core shape and material, are also the same. The viewpoint perspective is the same in both images. There are no differences in the text or the presence of features. The color and appearance are the same. The structural characteristics are the same. The quantity and count are the same. The positional context is the same. The color and appearance are the same. The structural characteristics are the same. The quantity and count are the same. The viewpoint perspective is the same. The text is the same. The presence of features is the same. The color and appearance are the same. The structural characteristics are the same. The quantity and count are the same. The positional context is the same. The color and appearance are the same. The structural characteristics are the same. The quantity and count are the same. The viewpoint perspective is the same. The text is the same. The presence of features is the same. The color and appearance are the same. The structural characteristics are the same. The quantity and count are the same. The positional context is the same. The color and appearance are the same. The structural characteristics are the same. The quantity and count are the same. The viewpoint perspective is the same. The text is the same. The presence of features is the same. The color and appearance are the same. The structural characteristics are the same. The quantity and count are the same. The positional context is the same. The color and appearance are the same. The structural characteristics are the same. The quantity and count are the same. The viewpoint perspective is the same. The text is the same. The presence of features is the same. The color and appearance are the same. The structural characteristics are the same. The quantity and count are the same. The positional context is the same. The color and appearance are the same. The structural characteristics are the same. The quantity and count are the same. The viewpoint perspective is the same. The text is the same. The presence of features is the same. The color and appearance are the same.",,,,,,,,,
4564,6980,DINO,0.9713553,SigLIP,0.18436357,CLIP,0.87775576,dino_caltech_blind_spots.csv,Caltech101,"The two images depict the same animal, an okapi, but they are taken from different angles and perspectives. The first image is a frontal view, while the second image is a side view. The animal appears to be standing in a grassy area with trees in the background. The differences in orientation and perspective are the main differences between the two images.",1.0,0.0,0.0,0.0,0.0,0.0,0.0,0.0,1.0
4583,8550,DINO,0.9565811,SigLIP,0.34485903,CLIP,0.95536697,dino_caltech_blind_spots.csv,Caltech101,"The two images are identical. They depict the same symbol, the Yin-Yang symbol, which represents balance and harmony.",,,,,,,,,
4642,4862,DINO,0.9731959,SigLIP,0.57208925,CLIP,0.95939887,dino_caltech_blind_spots.csv,Caltech101,The two images are identical. They depict the same woman with the same hairstyle and facial features.,,,,,,,,,
4658,5495,DINO,0.9670985,SigLIP,0.14965135,CLIP,0.94533145,dino_caltech_blind_spots.csv,Caltech101,The two images are identical. They show the same man with the same facial features and background.,,,,,,,,,
4700,4838,DINO,0.9553174,SigLIP,0.3918764,CLIP,0.79703665,dino_caltech_blind_spots.csv,Caltech101,"The two images depict the same firearm, but they are taken from different angles and perspectives. The first image shows the firearm from a side view, while the second image shows it from a front view. The orientation and direction of the firearm are different in the two images.",1.0,0.0,0.0,0.0,0.0,0.0,0.0,0.0,1.0
4700,6180,DINO,0.95439065,SigLIP,0.3583299,CLIP,0.8639277,dino_caltech_blind_spots.csv,Caltech101,"The two images depict the same firearm, but they are taken from different angles and perspectives. The first image shows the firearm from a side view, while the second image shows it from a front view. The orientation and direction of the firearm are different in the two images.",1.0,0.0,0.0,0.0,0.0,0.0,0.0,0.0,1.0
275,4700,DINO,0.9531083,SigLIP,0.34962615,CLIP,0.8386519,dino_caltech_blind_spots.csv,Caltech101,"The two images depict the same revolver, but they are presented in different orientations and with different lighting conditions. The first image shows the revolver with the barrel pointing upwards, while the second image shows it with the barrel pointing downwards. The lighting in the first image is brighter, while the second image has a darker background. The overall vibrancy of the images is also different, with the first image having a more vivid color palette, while the second image has a more muted tone.",1.0,0.0,0.0,0.0,0.0,1.0,0.0,0.0,0.0
4727,6239,DINO,0.9557295,SigLIP,0.06748812,CLIP,0.9121131,dino_caltech_blind_spots.csv,Caltech101,"The two images are identical. They depict the same person standing in front of a whiteboard with mathematical equations and formulas written on it. The person's appearance, including their hair and facial features, is the same in both images. The background and the person's position relative to the whiteboard are also the same.",,,,,,,,,
4732,6047,DINO,0.9685248,SigLIP,0.54206854,CLIP,0.9115596,dino_caltech_blind_spots.csv,Caltech101,"The two images depict the same firearm, but they are rotated 90 degrees clockwise. The orientation and direction of the firearm are the only differences between the two images.",1.0,0.0,0.0,0.0,0.0,0.0,0.0,0.0,0.0
4732,5357,DINO,0.9619587,SigLIP,0.4587536,CLIP,0.9335242,dino_caltech_blind_spots.csv,Caltech101,"The two images depict the same firearm, but they are in different orientations and positions. The first image shows the firearm from the side, while the second image shows it from the front. The orientation and position of the firearm are the only differences between the two images.",1,0.0,0.0,0.0,0.0,0.0,0.0,0.0,0.0
4584,4770,DINO,0.96375763,SigLIP,0.5916676,CLIP,0.848306,dino_caltech_blind_spots.csv,Caltech101,"The two images depict the same motorcycle, but they are in different positions and orientations. The first image shows the motorcycle from a front angle, while the second image shows it from a side angle. The orientation and direction of the motorcycle are different in the two images.",1,0.0,0.0,0.0,0.0,0.0,0.0,0.0,0.0
4584,4791,DINO,0.9577552,SigLIP,0.59713036,CLIP,0.8866331,dino_caltech_blind_spots.csv,Caltech101,"The two images depict the same motorcycle, but they are in different positions and orientations. The first image shows the motorcycle from a front angle, while the second image shows it from a side angle. The orientation and direction of the motorcycle are different in the two images.",1,0.0,0.0,0.0,0.0,0.0,0.0,0.0,0.0
4807,5818,DINO,0.9626498,SigLIP,0.29810888,CLIP,0.8788153,dino_caltech_blind_spots.csv,Caltech101,"The two images depict the same airplane, but they are taken from different angles. The first image shows the airplane from the side, while the second image shows it from the front. The orientation and direction of the airplane are different in the two images.",1,,,,,,,,
4838,6180,DINO,0.97192985,SigLIP,0.59133476,CLIP,0.85770565,dino_caltech_blind_spots.csv,Caltech101,"The two images depict the same firearm, but they are in different orientations and positions. The first image shows the firearm from the side, while the second image shows it from the front. The orientation and position of the firearm are the only differences between the two images.",1,0.0,0.0,0.0,0.0,0.0,0.0,0.0,0.0
4838,8440,DINO,0.96271926,SigLIP,0.51154405,CLIP,0.8804883,dino_caltech_blind_spots.csv,Caltech101,"The two images depict the same firearm, but they are taken from different angles and perspectives. The firearm is shown in a frontal view in the first image and in a side view in the second image. The orientation and direction of the firearm are different in the two images.",1,0.0,0.0,0.0,0.0,0.0,0.0,0.0,1.0
1341,4843,DINO,0.95952606,SigLIP,-0.021174477,CLIP,0.82823205,dino_caltech_blind_spots.csv,Caltech101,"The two images depict the same piano, but they are rotated 90 degrees. The orientation and direction of the piano are different in the two images.",1,,,,,,,,
4843,5427,DINO,0.9579289,SigLIP,0.0031243116,CLIP,0.8446553,dino_caltech_blind_spots.csv,Caltech101,"The two images depict the same piano, but they are rotated 90 degrees. The orientation and direction of the image are different, but the piano itself remains the same.",1,0.0,0.0,0.0,0.0,0.0,0.0,0.0,
1837,4843,DINO,0.95386016,SigLIP,-0.07064593,CLIP,0.8342807,dino_caltech_blind_spots.csv,Caltech101,"The two images depict the same piano, but they are rotated 90 degrees. The orientation and direction of the piano are different in the two images.",1.0,,,,,,,,
3289,4843,DINO,0.95278543,SigLIP,-0.015753105,CLIP,0.8278967,dino_caltech_blind_spots.csv,Caltech101,"The two images depict the same piano, but they are rotated 90 degrees. The orientation and direction of the image are different, but the piano itself remains the same.",1.0,0.0,0.0,0.0,0.0,0.0,0.0,0.0,
4846,6047,DINO,0.9650004,SigLIP,0.58206594,CLIP,0.8783663,dino_caltech_blind_spots.csv,Caltech101,"The two images depict the same firearm, but they are in different orientations and positions. The first image shows the firearm with the barrel pointing upwards, while the second image shows it with the barrel pointing downwards. The orientation and position of the firearm are the only differences between the two images.",1.0,0.0,0.0,0.0,0.0,0.0,0.0,0.0,0.0
4846,7941,DINO,0.9609573,SigLIP,0.46741024,CLIP,0.8400077,dino_caltech_blind_spots.csv,Caltech101,"{
  ""Explanation"": ""The two images depict the same firearm, but they are in different states of preservation and display. The first image shows the firearm in a worn and weathered condition, while the second image shows it in a pristine condition. The second image also has a different angle and perspective, with the firearm being viewed from the side rather than the front. Additionally, the second image has a different background color, which is a light gray, while the first image has a darker background. The third image shows the firearm with a different handle, which is a wooden grip, while the first image does not show any handle. The fourth image shows the firearm with a different grip, which is a wooden grip, while the first image does not show any grip. The fifth image shows the firearm with a different grip, which is a wooden grip, while the first image does not show any grip. The sixth image shows the firearm with a different grip, which is a wooden grip, while the first image does not show any grip. The seventh image shows the firearm with a different grip, which is a wooden grip, while the first image does not show any grip. The eighth image shows the firearm with a different grip, which is a wooden grip, while the first image does not show any grip. The ninth image shows the firearm with a different grip, which is a wooden grip, while the first image does not show any grip. The tenth image shows the firearm with a different grip, which is a wooden grip, while the first image does not show any grip. The eleventh image shows the firearm with a different grip, which is a wooden grip, while the first image does not show any grip. The twelfth image shows the firearm with a different grip, which is a wooden grip, while the first image does not show any grip. The thirteenth image shows the firearm with a different grip, which is a wooden grip, while the first image does not show any grip. The fourteenth image shows the firearm with a different grip, which is a wooden grip, while the first image does not show any grip. The fifteenth image shows the firearm with a different grip, which is a wooden grip, while the first image does not show any grip. The sixteenth image shows the firearm with a different grip, which is a wooden grip, while the first image does not show any grip. The seventeenth image shows the firearm with a different grip, which is a wooden grip, while the first image does not show any grip",,,,,,,,,
3416,4846,DINO,0.96002996,SigLIP,0.5675117,CLIP,0.8889253,dino_caltech_blind_spots.csv,Caltech101,"The two images depict the same firearm, but they are in different orientations and positions. The first image is a frontal view, while the second image is a side view. The firearm is also in a different state, with the barrel pointing upwards in the first image and downwards in the second image. The background is also different, with the first image having a green background and the second image having a gray background.",1.0,0.0,0.0,0.0,0.0,0.0,0.0,0.0,0.0
4876,7175,DINO,0.968305,SigLIP,0.5736853,CLIP,0.91068906,dino_caltech_blind_spots.csv,Caltech101,"The two images depict the same airplane, but they are taken from different angles. The first image is taken from a side angle, while the second image is taken from a front angle. The orientation and direction of the airplane are different in the two images.",1.0,,,,,,,,1.0
4876,6443,DINO,0.96807307,SigLIP,0.41864353,CLIP,0.9646364,dino_caltech_blind_spots.csv,Caltech101,"The two images depict the same airplane, but they are taken from different angles and perspectives. The first image shows the airplane from the side, while the second image shows it from the front. The orientation and direction of the airplane are different in the two images. The presence of features such as the tail, wings, and engines is the same in both images. The state and condition of the airplane appear to be the same in both images. The number of objects is the same in both images. The color and appearance of the airplane are the same in both images. The structural characteristics of the airplane are the same in both images. There are no differences in written words, numbers, or logos. The camera angle and framing are different in the two images. The viewpoint perspective is the same in both images.",1.0,0.0,0.0,0.0,0.0,0.0,0.0,0.0,0.0
4900,7685,DINO,0.9616977,SigLIP,0.49477297,CLIP,0.914907,dino_caltech_blind_spots.csv,Caltech101,"The two images are identical. They depict the same soccer ball with black and white stripes. The ball is in the same orientation and has the same features, such as the black and white pattern and the overall shape. There are no differences in the objects' states, quantities, positions, colors, structural characteristics, text, or viewpoints.",,,,,,,,,
4912,8596,DINO,0.9923098,SigLIP,0.18479751,CLIP,0.9787719,dino_caltech_blind_spots.csv,Caltech101,"The two images depict the same tick, but they are in different orientations and positions. The first image is a frontal view of the tick, while the second image is a side view. The orientation and position of the tick in the two images are different.",1,0,0,0,0,0,0,0,0
4938,6364,DINO,0.95436454,SigLIP,0.35604978,CLIP,0.75731975,dino_caltech_blind_spots.csv,Caltech101,"The two images depict the same object, a revolver, but they are taken from different angles and perspectives. The first image shows the revolver from a side view, while the second image shows it from a front view. The orientation and direction of the object are different in the two images. The presence of features such as the barrel, trigger, and grip is the same in both images. The state and condition of the object are also the same in both images. The quantity and count of the object are the same in both images. The positional context of the objects is the same in both images. The color and appearance of the object are the same in both images. The structural characteristics of the object are the same in both images. There are no differences in written words, numbers, or logos in the two images. The viewpoint perspective is the same in both images. There are no differences in the camera angle, zoom level, or framing in the two images.",1,0,0,0,0,0,0,0,0
275,4938,DINO,0.95245993,SigLIP,0.25800073,CLIP,0.77667296,dino_caltech_blind_spots.csv,Caltech101,"The two images depict the same object, a revolver, but they are presented in different orientations and with different lighting conditions. The first image shows the revolver with the barrel pointing upwards and the magazine attached, while the second image shows the revolver with the barrel pointing downwards and the magazine detached. The background and lighting in the second image are different from the first image, which may affect the perception of the object's appearance.",1,0,0,0,0,0,0,0,0
3534,4942,DINO,0.971117,SigLIP,0.47071314,CLIP,0.88460815,dino_caltech_blind_spots.csv,Caltech101,"The two images depict the same piano, but they are taken from different angles and perspectives. The first image shows the piano from the front, while the second image shows it from the side. The orientation and direction of the image are different, but the overall appearance of the piano remains the same.",1,0,0,0,0,0,0,0,0
4942,6573,DINO,0.96918476,SigLIP,0.37476885,CLIP,0.8925758,dino_caltech_blind_spots.csv,Caltech101,"The two images depict the same piano, but they are taken from different angles. The first image shows the piano from the front, while the second image shows it from the side. The orientation and direction of the image are different, but the overall appearance of the piano remains the same.",1.0,0.0,0.0,0.0,0.0,0.0,0.0,0.0,0.0
4942,5709,DINO,0.9667827,SigLIP,0.5585655,CLIP,0.91107213,dino_caltech_blind_spots.csv,Caltech101,"The two images depict the same piano, but they are taken from different angles. The first image shows the piano from the front, while the second image shows it from the side. The orientation and direction of the image are different, but the overall appearance of the piano remains the same.",1.0,0.0,0.0,0.0,0.0,0.0,0.0,0.0,0.0
4971,7561,DINO,0.9744965,SigLIP,0.53818405,CLIP,0.91787165,dino_caltech_blind_spots.csv,Caltech101,"The two images depict the same piano, but they are taken from different angles and perspectives. The first image shows the piano from the front, while the second image shows it from the side. The orientation and direction of the piano are different in the two images. The presence of features such as the keys, pedals, and the overall shape of the piano is the same in both images. The state and condition of the piano are also the same in both images. The quantity and count of objects are the same. The positional context is the same. The color and appearance of the piano are the same. The structural characteristics of the piano are the same. There are no differences in written words, numbers, or logos. The viewpoint perspective is the same. There are no differences in the camera angle, zoom level, or framing.",1.0,0.0,0.0,0.0,0.0,0.0,0.0,0.0,0.0
4971,6450,DINO,0.96989,SigLIP,0.5210355,CLIP,0.6489136,dino_caltech_blind_spots.csv,Caltech101,"{
  ""Explanation"": ""The two images depict a grand piano with the lid open. The differences between the two images are as follows: 
  - The image on the left has a black piano with a gold trim, while the image on the right has a black piano with a gold trim.
  - The image on the left has a logo on the lid, while the image on the right does not have a logo.
  - The image on the left has a white and black keyboard, while the image on the right has a white and black keyboard with a gold trim.
  - The image on the left has a black and gold piano stand, while the image on the right does not have a piano stand.
  - The image on the left has a black and gold piano lid, while the image on the right has a black and gold piano lid with a gold trim.
  - The image on the left has a black and gold piano keyboard, while the image on the right has a black and gold piano keyboard with a gold trim.
  - The image on the left has a black and gold piano stand, while the image on the right does not have a piano stand.
  - The image on the left has a black and gold piano lid, while the image on the right has a black and gold piano lid with a gold trim.
  - The image on the left has a black and gold piano keyboard, while the image on the right has a black and gold piano keyboard with a gold trim.
  - The image on the left has a black and gold piano stand, while the image on the right does not have a piano stand.
  - The image on the left has a black and gold piano lid, while the image on the right has a black and gold piano lid with a gold trim.
  - The image on the left has a black and gold piano keyboard, while the image on the right has a black and gold piano keyboard with a gold trim.
  - The image on the left has a black and gold piano stand, while the image on the right does not have a piano stand.
  - The image on the left has a black and gold piano lid, while the image on the right has a black and gold piano lid with a gold trim.
  - The image on the left has a black and gold piano keyboard, while the image on the right has a black and gold piano keyboard with a gold trim.
  - The image on the left has a black and gold piano stand, while the image on",,,,,,,,,
4975,7175,DINO,0.9701474,SigLIP,0.5341925,CLIP,0.9353745,dino_caltech_blind_spots.csv,Caltech101,"The two images depict the same airplane, but they are taken from different angles. The first image shows the airplane from the side, while the second image shows it from the front. The orientation and direction of the airplane are different in the two images.",1.0,,,,,,,,
4975,6443,DINO,0.96504116,SigLIP,0.4233591,CLIP,0.9238862,dino_caltech_blind_spots.csv,Caltech101,"The two images depict the same airplane, but they are taken from different angles. The first image shows the airplane from the front, while the second image shows it from the side. The orientation and direction of the airplane are different in the two images.",1.0,,,,,,,,
3390,4975,DINO,0.95674026,SigLIP,0.5121352,CLIP,0.9264015,dino_caltech_blind_spots.csv,Caltech101,"The two images depict the same airplane, but they are taken from different angles. The first image is taken from the side, while the second image is taken from the front. The orientation and direction of the airplane are different in the two images.",1.0,,,,,,,,
5051,7735,DINO,0.957551,SigLIP,0.5337617,CLIP,0.9220162,dino_caltech_blind_spots.csv,Caltech101,"{
  ""Explanation"": ""The two images depict a grand piano with a black finish. The differences between the two images are as follows: 

1. The piano in the first image has a closed lid, while the piano in the second image has an open lid.
2. The piano in the first image has a black bench to its left, while the piano in the second image has a black stool to its left.
3. The piano in the first image has a black bench to its right, while the piano in the second image has a black stool to its right.
4. The piano in the first image has a black lid, while the piano in the second image has a black lid with a gold trim.
5. The piano in the first image has a black finish, while the piano in the second image has a black finish with a gold trim.
6. The piano in the first image has a black finish, while the piano in the second image has a black finish with a gold trim.
7. The piano in the first image has a black finish, while the piano in the second image has a black finish with a gold trim.
8. The piano in the first image has a black finish, while the piano in the second image has a black finish with a gold trim.
9. The piano in the first image has a black finish, while the piano in the second image has a black finish with a gold trim.
10. The piano in the first image has a black finish, while the piano in the second image has a black finish with a gold trim.
11. The piano in the first image has a black finish, while the piano in the second image has a black finish with a gold trim.
12. The piano in the first image has a black finish, while the piano in the second image has a black finish with a gold trim.
13. The piano in the first image has a black finish, while the piano in the second image has a black finish with a gold trim.
14. The piano in the first image has a black finish, while the piano in the second image has a black finish with a gold trim.
15. The piano in the first image has a black finish, while the piano in the second image has a black finish with a gold trim.
16. The piano in the first image has a black finish, while the piano in the second image has a black finish with a gold trim.
17. The piano in the first image has a black",,,,,,,,,
5065,5462,DINO,0.95498013,SigLIP,0.3844896,CLIP,0.8888967,dino_caltech_blind_spots.csv,Caltech101,"The two images depict the same firearm, but they are presented in different orientations and with different backgrounds. The first image shows the firearm with a red background, while the second image has a black background. The orientation and direction of the firearm are also different in the two images. The presence of features such as the barrel, trigger, and grip is the same in both images. The state and condition of the firearm are the same in both images. The number of objects is the same in both images. The positional context is the same in both images. The color and appearance of the firearm are the same in both images. The structural characteristics of the firearm are the same in both images. There are no differences in the text in the two images. The viewpoint perspective is the same in both images. There are no differences in the camera angle, zoom level, or framing in the two images.",1.0,0.0,0.0,0.0,0.0,0.0,0.0,0.0,0.0
5093,6644,DINO,0.9811115,SigLIP,0.3477201,CLIP,0.91727567,dino_caltech_blind_spots.csv,Caltech101,"The two images depict the same motorcycle, but they are taken from different angles and perspectives. The first image shows the motorcycle from the side, while the second image shows it from the front. The orientation and direction of the motorcycle are different in the two images. There are no specific parts or small details added or missing, the state and condition of the motorcycle are the same, the number of objects is the same, the colors and appearance are the same, the structural characteristics are the same, there are no differences in written words, numbers, or logos, and the camera angle and framing are the same.",1.0,0.0,0.0,0.0,0.0,0.0,0.0,0.0,0.0
5152,7561,DINO,0.9734186,SigLIP,-0.12094332,CLIP,0.87066305,dino_caltech_blind_spots.csv,Caltech101,"The two images depict the same grand piano, but they are rotated 90 degrees clockwise. The orientation and direction of the piano are the only differences.",1.0,0.0,0.0,0.0,0.0,0.0,0.0,0.0,
5152,6450,DINO,0.9704302,SigLIP,-0.111176886,CLIP,0.6829138,dino_caltech_blind_spots.csv,Caltech101,"The two images depict different models of grand pianos. The first image shows a Yamaha RX-7 Semi-Concert Grand Piano, while the second image shows a Yamaha RX-7 Grand Piano. The only difference between the two images is the brand and model of the piano.",,,,,,,,,
2085,5152,DINO,0.9696609,SigLIP,-0.13312869,CLIP,0.8802194,dino_caltech_blind_spots.csv,Caltech101,"The two images depict the same grand piano, but they are presented in different orientations and with different lighting conditions. The first image is a close-up view of the piano with the lid open, while the second image is a side view of the piano with the lid closed. The orientation and lighting affect the visibility of the piano's features and the overall appearance.",1.0,1.0,1.0,1.0,1.0,1.0,1.0,0.0,1.0
943,5196,DINO,0.9640348,SigLIP,0.4506998,CLIP,0.60909975,dino_caltech_blind_spots.csv,Caltech101,The two images depict a grand piano with a black finish and a stool. The first image has a black piano with a white keyboard and a stool with a black seat and legs. The second image has a black piano with a white keyboard and a stool with a black seat and legs. The only difference is the color of the piano keys (white in the first image and black in the second image).,,1.0,1.0,1.0,1.0,1.0,1.0,1.0,1.0
5196,7735,DINO,0.96255946,SigLIP,0.3620366,CLIP,0.63629985,dino_caltech_blind_spots.csv,Caltech101,"{
  ""Explanation"": ""The two images depict a grand piano with a black finish. The first image has a caption that reads, ""Got a grand piano to prop up my mortal remains,"" while the second image has a caption that reads, ""Nobody home."" The captions suggest a humorous or ironic tone, but there are no differences in the objects themselves. Both images show a grand piano with a black finish and a stool in front of it. The piano is positioned against a plain background, and there are no other objects present in the images. The captions are the only differences between the images."",
  ""Orientation_And_Direction"": null,
  ""Presence_Of_Features"": 0,
  ""State_And_Condition"": 0,
  ""Quantity_And_Count"": 0,
  ""Positional_Context"": 0,
  ""Color_And_Appearance"": 0,
  ""Structural_Characteristics"": 0,
  ""Text"": 1,
  ""Viewpoint_Perspective"": 0
}",,,,,,,,,
5196,5632,DINO,0.9552121,SigLIP,0.41891876,CLIP,0.595543,dino_caltech_blind_spots.csv,Caltech101,"The two images depict a grand piano with a stool and a bench. The piano is in the same position and orientation in both images. There are no differences in the features, state, condition, quantity, position, color, structural characteristics, text, viewpoint, or perspective between the two images.",0.0,0.0,0.0,0.0,0.0,0.0,0.0,0.0,0.0
5196,5850,DINO,0.95502424,SigLIP,0.3364873,CLIP,0.610653,dino_caltech_blind_spots.csv,Caltech101,"The two images depict a grand piano with a black finish. The first image has a black piano with a black stool and a black bench. The second image has a black piano with a black stool and a black bench. Both images have a black piano with a black finish and a black stool and bench. The only difference is the background color of the piano in the second image, which is white, while the piano in the first image has a black background. The rest of the objects and their positions are identical.",,,,,,,,,
5220,7369,DINO,0.96779525,SigLIP,0.5527199,CLIP,0.92206883,dino_caltech_blind_spots.csv,Caltech101,"The two images are identical. They depict the same woman standing in front of a bookshelf with books and a framed picture. The woman's position, the bookshelf, and the objects within the frame are all the same in both images.",,,,,,,,,
5240,8194,DINO,0.95913106,SigLIP,0.26408762,CLIP,0.9572967,dino_caltech_blind_spots.csv,Caltech101,The two images are identical. They depict the same woman with the same hairstyle and background.,,,,,,,,,
5268,8578,DINO,0.97446305,SigLIP,0.3951963,CLIP,0.96200037,dino_caltech_blind_spots.csv,Caltech101,"The two images are identical. They depict the same person with the same hairstyle and facial features, wearing the same clothing, and with the same expression. The background and lighting are also the same in both images.",,,,,,,,,
3534,5271,DINO,0.97044444,SigLIP,0.41213688,CLIP,0.7011,dino_caltech_blind_spots.csv,Caltech101,"The two images depict the same piano, but they are oriented differently. The first image shows the piano from the front, while the second image shows it from the side. The orientation difference is the main difference between the two images.",1,,,,,,,,
835,5271,DINO,0.96894705,SigLIP,0.4958228,CLIP,0.70234615,dino_caltech_blind_spots.csv,Caltech101,"The two images depict the same piano, but they are oriented differently. The first image shows the piano from the front, while the second image shows it from the side. The orientation difference is the main difference between the two images.",1,,,,,,,,
5271,6573,DINO,0.96820056,SigLIP,0.40382814,CLIP,0.7109319,dino_caltech_blind_spots.csv,Caltech101,"The two images depict the same piano, but they are in different orientations and positions. The first image shows the piano from a front view, while the second image shows it from a side view. The orientation and position of the piano are the only differences between the two images.",1,0.0,0.0,0.0,0.0,0.0,0.0,0.0,0.0
5271,5915,DINO,0.9655796,SigLIP,0.43495184,CLIP,0.7740288,dino_caltech_blind_spots.csv,Caltech101,"The two images depict the same piano, but they are presented in different orientations and with different lighting. The first image is a close-up of the piano with the lid open, while the second image is a wider view of the piano with the lid closed. The orientation and lighting of the images differ, but the overall appearance of the piano remains the same.",1,0.0,0.0,0.0,0.0,0.0,0.0,0.0,0.0
5277,7663,DINO,0.9889192,SigLIP,0.5929406,CLIP,0.9690244,dino_caltech_blind_spots.csv,Caltech101,"The two images depict the same cheetah in different positions and orientations. The cheetah is walking through a forest, and its posture and direction of movement are different in the two images. The first image shows the cheetah walking towards the right, while the second image shows it walking towards the left. The cheetah's body posture and the direction of its legs are also different in the two images. The cheetah's fur pattern and overall appearance are the same in both images.",1,0.0,0.0,0.0,1.0,0.0,0.0,0.0,1.0
5283,6431,DINO,0.97961986,SigLIP,0.47638693,CLIP,0.95415705,dino_caltech_blind_spots.csv,Caltech101,"The two images depict the same tick, but they are in different orientations and positions. The first image is a frontal view of the tick, while the second image is a side view. The orientation and position of the tick in the two images differ significantly.",1,0.0,0.0,0.0,1.0,0.0,0.0,0.0,0.0
5357,8580,DINO,0.963325,SigLIP,0.5061939,CLIP,0.94341373,dino_caltech_blind_spots.csv,Caltech101,"The two images depict the same firearm, but they are oriented differently. The first image shows the firearm from the side, while the second image shows it from the front. The orientation difference is the primary difference between the two images.",1,,,,,,,,
5357,8257,DINO,0.95681715,SigLIP,0.58696973,CLIP,0.87811136,dino_caltech_blind_spots.csv,Caltech101,"The two images depict the same firearm, but they are presented in different orientations and with different lighting conditions. The first image is a frontal view, while the second image is a side view. The firearm is also shown in a different color in the second image, with a black grip and a red barrel, while the first image has a black grip and a black barrel. The background is white in both images, but the lighting is different, with the first image having a more shadowed appearance, while the second image has a brighter, more reflective surface.",1,0.0,0.0,0.0,0.0,1.0,0.0,0.0,0.0
5379,7471,DINO,0.9542118,SigLIP,0.2863132,CLIP,0.94240534,dino_caltech_blind_spots.csv,Caltech101,"The two images appear to be identical. There are no differences in the objects, their states, or their positions. The lighting and colors are also consistent between the two images.",,,,,,,,,
5409,6147,DINO,0.9692699,SigLIP,0.3004194,CLIP,0.7969527,dino_caltech_blind_spots.csv,Caltech101,"The two images depict a saxophone, but they differ in orientation and position. The image on the left is a close-up view of the saxophone, showing the top and bottom parts, while the image on the right is a diagram showing the parts of the saxophone in a more horizontal orientation. The saxophone is also shown in a different position in the diagram, with the neck and bell facing the viewer, while in the close-up, the neck and bell are shown from the side.",1.0,0.0,0.0,0.0,1.0,0.0,1.0,0.0,
2880,5462,DINO,0.9500079,SigLIP,0.3683,CLIP,0.8763105,dino_caltech_blind_spots.csv,Caltech101,"The two images depict the same revolver, but they are oriented differently. The first image shows the revolver from the side, while the second image shows it from the front. The orientation difference is the main difference between the two images.",1.0,,,,,,,,
5523,5573,DINO,0.97701716,SigLIP,0.5719162,CLIP,0.9506545,dino_caltech_blind_spots.csv,Caltech101,"The two images are identical. There are no differences in the objects, their states, or their positions.",,,,,,,,,
5583,7503,DINO,0.96006274,SigLIP,0.43854398,CLIP,0.89155614,dino_caltech_blind_spots.csv,Caltech101,"The two images depict the same Rolex Explorer II watch, but they are presented in different orientations and with different lighting conditions. The first image shows the watch from a side angle, while the second image shows it from a front angle. The lighting in the second image is brighter, which highlights the watch's features more clearly. The first image has a more shadowed appearance, which makes the details less visible.",1,1,1,1,1,1,1,0,1
5599,6414,DINO,0.9501543,SigLIP,0.28757793,CLIP,0.8359105,dino_caltech_blind_spots.csv,Caltech101,"The two images depict the same piano, but they are taken from different angles and perspectives. The first image shows the piano from a front view, while the second image shows it from a side view. The orientation and direction of the piano are different in the two images. The presence of features such as the keys, pedals, and bench is the same in both images. The state and condition of the piano are the same in both images. The number of objects is the same in both images. The colors and appearance of the piano are the same in both images. The structural characteristics of the piano are the same in both images. There are no differences in the text or viewpoint perspective between the two images. The camera angle and framing are the same in both images.",1,0,0,0,0,0,0,0,0
5632,6573,DINO,0.9653967,SigLIP,0.49429098,CLIP,0.91999435,dino_caltech_blind_spots.csv,Caltech101,"The two images depict the same piano, but they are in different orientations and positions. The first image shows the piano with its lid open, while the second image shows the piano with its lid closed. Additionally, the first image shows the piano with its seat and stool in view, while the second image does not show the seat and stool. The orientation and position of the piano are the only differences between the two images.",1,0,0,0,0,0,0,0,0
2909,5632,DINO,0.9649855,SigLIP,0.58996177,CLIP,0.9059689,dino_caltech_blind_spots.csv,Caltech101,"The two images depict the same piano, but they are in different orientations and positions. The first image shows the piano with the lid open, while the second image shows the piano with the lid closed. Additionally, the first image shows the piano with the bench in front of it, while the second image shows the piano with the bench behind it. The orientation and position of the piano and the bench are different in the two images.",1,0,0,0,1,0,0,0,1
5709,7561,DINO,0.98388577,SigLIP,0.57467043,CLIP,0.9350486,dino_caltech_blind_spots.csv,Caltech101,"The two images depict the same piano, but they are taken from different angles and perspectives. The first image shows the piano from a front view, while the second image shows it from a side view. The orientation and direction of the piano are different in the two images. The presence of features such as the keys, strings, and pedals is the same in both images. The state and condition of the piano are the same in both images. The number of objects is the same in both images. The colors and appearance of the piano are the same in both images. The structural characteristics of the piano are the same in both images. There are no differences in written words, numbers, or logos. The camera angle and framing are the same in both images. The viewpoint perspective is different in the two images.",1,0.0,0.0,0.0,0.0,0.0,0.0,0.0,1.0
5709,6573,DINO,0.98257124,SigLIP,0.44681475,CLIP,0.9293755,dino_caltech_blind_spots.csv,Caltech101,"The two images depict the same piano, but they are taken from different angles. The first image shows the piano from the front, while the second image shows it from the side. The orientation and direction of the image are different, but the overall appearance of the piano remains the same.",1,0.0,0.0,0.0,0.0,0.0,0.0,0.0,0.0
5796,8124,DINO,0.9556993,SigLIP,0.41991693,CLIP,0.8708627,dino_caltech_blind_spots.csv,Caltech101,"The two images depict a saxophone, but they differ in orientation and position. The saxophone in the first image is oriented with the bell facing the viewer, while the saxophone in the second image is oriented with the bell facing away from the viewer. Additionally, the saxophone in the second image is positioned closer to the viewer, while the saxophone in the first image is positioned further away.",1,0.0,0.0,0.0,0.0,0.0,0.0,0.0,0.0
4975,5835,DINO,0.9525039,SigLIP,0.52514315,CLIP,0.8704673,dino_caltech_blind_spots.csv,Caltech101,"The two images depict the same airplane, but they are taken from different angles. The first image shows the airplane from the front, while the second image shows it from the side. The orientation and direction of the airplane are different in the two images.",1,,,,,,,,
5835,6777,DINO,0.9510607,SigLIP,0.59718716,CLIP,0.870194,dino_caltech_blind_spots.csv,Caltech101,"The two images depict the same British Airways Boeing 757-200 aircraft in flight. However, the image on the left has a different orientation and direction compared to the image on the right. The left image is facing left, while the right image is facing right. Additionally, the left image has a different angle and perspective, with the aircraft appearing to be flying at a higher altitude. The right image has a more direct and straightforward angle, with the aircraft flying at a lower altitude.",1.0,,,,,,,,1.0
5890,6239,DINO,0.9768584,SigLIP,0.12531719,CLIP,0.89518774,dino_caltech_blind_spots.csv,Caltech101,"The two images are identical. They depict the same person standing in front of a whiteboard with mathematical equations written on it. The person's appearance, including their hair and facial features, is the same in both images. The whiteboard has the same content and layout as the previous image. There are no differences in the objects, their states, or their positions relative to each other or the background.",,,,,,,,,
519,5915,DINO,0.96123266,SigLIP,0.5206296,CLIP,0.8023585,dino_caltech_blind_spots.csv,Caltech101,"The two images depict the same piano, but they are presented in different orientations and perspectives. The first image shows the piano from a frontal view, while the second image shows it from a side view. The orientation and perspective differences are the only differences between the two images.",1.0,0.0,0.0,0.0,0.0,0.0,0.0,0.0,1.0
3534,5915,DINO,0.95752966,SigLIP,0.46118537,CLIP,0.83743453,dino_caltech_blind_spots.csv,Caltech101,"The two images depict the same piano, but they are presented in different orientations and perspectives. The first image shows the piano from a front view, while the second image shows it from a side view. The orientation and perspective differences are the only differences between the two images.",1.0,0.0,0.0,0.0,0.0,0.0,0.0,0.0,1.0
4975,5921,DINO,0.95153975,SigLIP,0.5540173,CLIP,0.78575915,dino_caltech_blind_spots.csv,Caltech101,"The two images depict the same airplane, but they are taken from different angles. The first image shows the airplane from the front, while the second image shows it from the side. The orientation and direction of the airplane are different in the two images.",1,,,,,,,,
5923,7593,DINO,0.95015025,SigLIP,0.59294915,CLIP,0.7877091,dino_caltech_blind_spots.csv,Caltech101,"The two images depict the same airplane, but they are taken from different angles and perspectives. The first image shows the airplane from the side, while the second image shows it from the front. The orientation and direction of the airplane are different in the two images.",1,,,,,,,,1.0
5936,7860,DINO,0.95947933,SigLIP,0.3254766,CLIP,0.7287488,dino_caltech_blind_spots.csv,Caltech101,"The two images depict the same airplane, but they are taken from different angles and perspectives. The first image shows the airplane from the side, while the second image shows it from the front. The orientation and direction of the airplane are different in the two images. The presence of features such as the tail, wings, and engines is the same in both images. The state and condition of the airplane appear to be the same in both images. The number of objects and their positioning relative to each other are the same. The colors and appearance of the airplane are the same. The structural characteristics of the airplane are the same. There are no differences in written words, numbers, or logos. The camera angle and framing are the same. There are no differences in the viewpoint or perspective.",1,0.0,0.0,0.0,0.0,0.0,0.0,0.0,0.0
5979,8016,DINO,0.9641564,SigLIP,0.4202775,CLIP,0.9746478,dino_caltech_blind_spots.csv,Caltech101,"The two images depict the same lobster, but they are in different orientations and positions. The first image is a 3D rendering of the lobster, while the second image is a photograph of the same lobster. The orientation and position of the lobster are different in the two images.",1,0.0,0.0,0.0,0.0,0.0,0.0,0.0,0.0
5709,5984,DINO,0.963097,SigLIP,0.39888316,CLIP,0.87417865,dino_caltech_blind_spots.csv,Caltech101,"The two images depict the same piano, but they are in different orientations and positions. The first image shows the piano with the lid open, while the second image shows the piano with the lid closed. The orientation and position of the piano are the only differences between the two images.",1.0,0.0,0.0,0.0,0.0,0,0.0,0.0,0.0
3289,6006,DINO,0.9558325,SigLIP,0.54007554,CLIP,0.84873164,dino_caltech_blind_spots.csv,Caltech101,"The two images depict the same piano, but they are taken from different angles and perspectives. The first image shows the piano from the front, while the second image shows it from the side. The orientation and direction of the piano are different in the two images. The presence of features such as the keys, pedals, and bench is the same in both images. The state and condition of the piano are the same in both images. The number of objects is the same in both images. The colors and appearance of the piano are the same in both images. The structural characteristics of the piano are the same in both images. There are no differences in the text or viewpoint perspective between the two images. The camera angle and framing are the same in both images.",1.0,0.0,0.0,0.0,0.0,0,0.0,0.0,0.0
6006,6140,DINO,0.955519,SigLIP,0.53218555,CLIP,0.88688254,dino_caltech_blind_spots.csv,Caltech101,"The two images depict the same piano, but they are in different orientations and positions. The first image shows the piano from a front view, while the second image shows it from a side view. The orientation and position of the piano have changed, but the overall appearance and details remain the same.",1.0,0.0,0.0,0.0,0.0,0,0.0,0.0,0.0
519,6006,DINO,0.9538181,SigLIP,0.5329834,CLIP,0.89043385,dino_caltech_blind_spots.csv,Caltech101,"The two images depict two different grand pianos. The first image shows a black grand piano with a wooden top and a black keyboard. The second image shows a red grand piano with a wooden top and a red keyboard. The main differences are in the color and material of the piano tops. The black piano in the first image has a wooden top, while the red piano in the second image has a wooden top with a red finish. The keyboard of the black piano is black, while the keyboard of the red piano is red. The overall appearance of the pianos is different, with the black piano having a sleek, modern design and the red piano having a more traditional, vintage look.",,,,,,1,,,
6033,7730,DINO,0.95100534,SigLIP,0.58583426,CLIP,0.92426294,dino_caltech_blind_spots.csv,Caltech101,"The two images depict the same motorcycle, but they are in different orientations and positions. The first image is a frontal view, while the second image is a side view. The color scheme and design elements are identical, but the perspective and orientation of the motorcycle change between the two images.",1.0,0.0,0.0,0.0,0.0,0.0,0.0,0.0,0.0
6047,8580,DINO,0.9672581,SigLIP,0.5810281,CLIP,0.90737903,dino_caltech_blind_spots.csv,Caltech101,"The two images depict the same firearm, but they are oriented differently. The first image shows the firearm from the side, while the second image shows it from the front. The orientation difference is the primary difference between the two images.",1.0,,,,,,,,
6088,8141,DINO,0.95063233,SigLIP,0.4549186,CLIP,0.88281715,dino_caltech_blind_spots.csv,Caltech101,"The two images are identical. They depict the same two-dollar bill from the United States, with the same portrait of George Washington and the same denomination and serial number. The orientation, presence of features, state and condition, quantity and count, positional context, color and appearance, structural characteristics, text, viewpoint perspective, and camera angle are all the same in both images.",,,,,,,,,
2616,6092,DINO,0.9534784,SigLIP,0.36777657,CLIP,0.89398813,dino_caltech_blind_spots.csv,Caltech101,"The two images depict the same revolver, but they are taken from different angles and perspectives. The first image shows the revolver from the side, while the second image shows it from the front. The orientation and direction of the image are different, but the overall appearance of the revolver remains the same.",1.0,0.0,0.0,0.0,0.0,0.0,0.0,0.0,0.0
6094,7796,DINO,0.958487,SigLIP,0.38076162,CLIP,0.92707527,dino_caltech_blind_spots.csv,Caltech101,"The two images are identical. They depict the same woman with blonde hair, wearing a white shirt and a pearl necklace. The background and objects in the image are also the same.",,,,,,,,,
6103,7035,DINO,0.991426,SigLIP,0.4522075,CLIP,0.9496664,dino_caltech_blind_spots.csv,Caltech101,"The two images depict the same piano, but they are taken from different angles and perspectives. The first image shows the piano from a front view, while the second image shows it from a side view. The orientation and direction of the piano are different in the two images. The presence of features such as the keys, pedals, and the stool is the same in both images. The state and condition of the piano are the same in both images. The number of objects is the same in both images. The colors and appearance of the piano are the same in both images. The structural characteristics of the piano are the same in both images. There are no differences in the text or viewpoint perspective between the two images. The only difference is the angle and perspective of the image.",1.0,0.0,0.0,0.0,0.0,0.0,0.0,0.0,0.0
6103,7364,DINO,0.98683155,SigLIP,0.3782534,CLIP,0.9472491,dino_caltech_blind_spots.csv,Caltech101,"The two images depict the same piano, but they are taken from different angles and perspectives. The first image is a frontal view, while the second image is a side view. The orientation and direction of the piano are different in the two images. The presence of features such as the keys, pedals, and the stool is the same in both images. The state and condition of the piano are the same, as it is a fully functional instrument. The quantity and count of objects are the same. The positional context is the same, as they are both placed in front of a white background. The color and appearance of the piano are the same. The structural characteristics of the piano are the same. There are no differences in written words, numbers, or logos. The viewpoint perspective is the same. There are no differences in the camera angle, zoom level, or framing. The differences fall into the category of orientation and direction.",1.0,0.0,0.0,0.0,0.0,0.0,0.0,0.0,0.0
6103,6573,DINO,0.97529924,SigLIP,0.3004101,CLIP,0.92379117,dino_caltech_blind_spots.csv,Caltech101,"The two images depict the same piano, but they are taken from different angles and perspectives. The first image shows the piano from a front view, while the second image shows it from a side view. The orientation and direction of the piano are different in the two images. The presence of features such as the keys, strings, and the piano's overall shape and structure are the same in both images. The state and condition of the piano are also the same in both images. The quantity and count of objects are the same. The positional context is the same. The color and appearance of the piano are the same. The structural characteristics of the piano are the same. There are no differences in written words, numbers, or logos. The viewpoint perspective is the same. There are no differences in the camera angle, zoom level, or framing.",1.0,0.0,0.0,0.0,0.0,0.0,0.0,0.0,0.0
6180,6535,DINO,0.971143,SigLIP,0.44107968,CLIP,0.90725476,dino_caltech_blind_spots.csv,Caltech101,"The two images depict the same firearm, but they are taken from different angles. The first image is a frontal view, while the second image is a side view. The orientation and direction of the firearm are different in the two images.",1.0,0.0,0.0,0.0,0.0,0.0,0.0,0.0,0.0
835,6220,DINO,0.9593353,SigLIP,0.5195215,CLIP,0.8960451,dino_caltech_blind_spots.csv,Caltech101,"The two images depict the same piano, but they are presented in different orientations and perspectives. The first image shows the piano from a front view, while the second image shows it from a side view. The orientation and perspective differences are the only differences between the two images.",1.0,0.0,0.0,0.0,0.0,0.0,0.0,0.0,1.0
6266,7021,DINO,0.968247,SigLIP,0.5217384,CLIP,0.9494772,dino_caltech_blind_spots.csv,Caltech101,The two images are identical. They depict the same person with the same hairstyle and clothing. The background and lighting are also the same.,,,,,,,,,
5152,6269,DINO,0.96365416,SigLIP,-0.11877447,CLIP,0.87099373,dino_caltech_blind_spots.csv,Caltech101,"The two images depict the same grand piano, but they are rotated 90 degrees clockwise. The orientation and direction of the piano are the only differences.",1.0,0.0,0.0,0.0,0.0,0.0,0.0,0.0,
6321,8628,DINO,0.953975,SigLIP,0.36463428,CLIP,0.75809145,dino_caltech_blind_spots.csv,Caltech101,"The two images depict the same airplane, but they are taken from different angles. The first image is taken from the side, while the second image is taken from the front. The orientation and direction of the airplane are different in the two images.",1,,,,,,,,
6354,8120,DINO,0.96602035,SigLIP,0.55686784,CLIP,0.7881532,dino_caltech_blind_spots.csv,Caltech101,"The two images depict the same animal, the platypus, but they are taken from different angles and perspectives. The first image is a frontal view, while the second image is a side view. The platypus is swimming in water, and the background is dark. The second image is rotated 90 degrees clockwise compared to the first image.",1,0.0,0.0,0.0,0.0,0.0,0.0,0.0,1.0
6359,8661,DINO,0.95617723,SigLIP,0.3982059,CLIP,0.8924071,dino_caltech_blind_spots.csv,Caltech101,"The two images depict the same scene of a Joshua tree silhouette against a sunset sky. However, the second image has a different orientation and perspective compared to the first image. The first image is a frontal view of the tree, while the second image is a side view with the tree's silhouette facing away from the viewer. Additionally, the second image has a different angle and framing, making it appear more dynamic and less static than the first image.",1,0.0,0.0,0.0,0.0,0.0,0.0,0.0,1.0
6385,8367,DINO,0.98594964,SigLIP,0.38280517,CLIP,0.9827614,dino_caltech_blind_spots.csv,Caltech101,The two images are identical. They both depict a red octagonal stop sign with the word 'STOP' written in white letters.,1,1.0,1.0,1.0,1.0,1.0,1.0,1.0,1.0
6385,6438,DINO,0.98493266,SigLIP,0.510955,CLIP,0.9848871,dino_caltech_blind_spots.csv,Caltech101,The two images are identical. They both depict a red octagonal stop sign with the word 'STOP' written in white letters.,,,,,,,,,
6443,7175,DINO,0.9706706,SigLIP,0.29077584,CLIP,0.925156,dino_caltech_blind_spots.csv,Caltech101,"The two images depict the same airplane, but they are taken from different angles. The first image shows the airplane from the side, while the second image shows it from the front. The orientation and direction of the airplane are different in the two images.",1.0,,,,,,,,
275,6535,DINO,0.9602089,SigLIP,0.26332325,CLIP,0.8449411,dino_caltech_blind_spots.csv,Caltech101,"The two images depict the same firearm, but they are presented in different orientations and with different lighting conditions. The first image shows the firearm with the barrel pointing upwards, while the second image shows it with the barrel pointing downwards. Additionally, the lighting in the first image is brighter, while the second image has a darker background. The overall appearance of the firearm is the same in both images, but the orientation and lighting have been altered.",1.0,0.0,0.0,0.0,0.0,0.0,0.0,0.0,0.0
5271,6633,DINO,0.96360546,SigLIP,0.3988083,CLIP,0.6285085,dino_caltech_blind_spots.csv,Caltech101,"{
  ""Explanation"": ""The two images depict different models of grand pianos. The first image shows a G42CH model, while the second image shows a RX-2 Classic Grand model. Both models are grand pianos, but they differ in their specific features and design."",
  ""Orientation_And_Direction"": null,
  ""Presence_Of_Features"": {
    ""G42CH"": ""The G42CH model has a dark wood finish with a gold logo on the side."",
    ""RX-2 Classic Grand"": ""The RX-2 Classic Grand model has a black finish with a gold logo on the side.""
  },
  ""State_And_Condition"": {
    ""G42CH"": ""The G42CH model appears to be in good condition, with no visible signs of wear or damage."",
    ""RX-2 Classic Grand"": ""The RX-2 Classic Grand model also appears to be in good condition, with no visible signs of wear or damage.""
  },
  ""Quantity_And_Count"": {
    ""G42CH"": ""There is only one G42CH model shown in the image."",
    ""RX-2 Classic Grand"": ""There is only one RX-2 Classic Grand model shown in the image.""
  },
  ""Positional_Context"": {
    ""G42CH"": ""The G42CH model is positioned in a studio setting with a white background."",
    ""RX-2 Classic Grand"": ""The RX-2 Classic Grand model is positioned in a studio setting with a white background.""
  },
  ""Color_And_Appearance"": {
    ""G42CH"": ""The G42CH model has a dark wood finish with a gold logo on the side."",
    ""RX-2 Classic Grand"": ""The RX-2 Classic Grand model has a black finish with a gold logo on the side.""
  },
  ""Structural_Characteristics"": {
    ""G42CH"": ""The G42CH model is a dark wood grand piano with a gold logo on the side."",
    ""RX-2 Classic Grand"": ""The RX-2 Classic Grand model is a black grand piano with a gold logo on the side.""
  },
  ""Text"": {
    ""G42CH"": ""G42CH"",
    ""RX-2 Classic Grand"": ""RX-2 Classic Grand""
  },
  ""Viewpoint_Perspective"": {
    ""G42CH"": ""The camera angle is facing the",,,,,,,,,
6654,8668,DINO,0.9625857,SigLIP,0.5865904,CLIP,0.9479885,dino_caltech_blind_spots.csv,Caltech101,"The two images appear to be identical. There are no differences in the objects, their states, or their positions.",,,,,,,,,
5709,6722,DINO,0.9626609,SigLIP,0.49186864,CLIP,0.8664509,dino_caltech_blind_spots.csv,Caltech101,"The two images depict the same piano, but they are in different orientations and positions. The first image shows the piano with its lid open, while the second image shows the piano with its lid closed. Additionally, the first image is facing the viewer, while the second image is facing away from the viewer. The orientation and position of the piano are the only differences between the two images.",1.0,0.0,0.0,0.0,0.0,0.0,0.0,0.0,0.0
6735,7901,DINO,0.9649919,SigLIP,0.55795324,CLIP,0.9302914,dino_caltech_blind_spots.csv,Caltech101,"The two images are identical. They depict the same woman with short brown hair, wearing a dark shirt, standing in front of a desk with a computer monitor and a map on the wall. The background and objects in the image are also identical.",,,,,,,,,
1736,6792,DINO,0.9521706,SigLIP,0.593316,CLIP,0.9005271,dino_caltech_blind_spots.csv,Caltech101,"The two images depict the same motorcycle, but they are taken from different angles and perspectives. The first image is taken from a front view, while the second image is taken from a side view. The orientation and direction of the motorcycle are different in the two images. The presence of features such as the handlebars, seat, and wheels is the same in both images. The state and condition of the motorcycle appear to be the same in both images. The quantity and count of objects are the same. The positional context is the same. The color and appearance of the motorcycle are the same. The structural characteristics of the motorcycle are the same. There are no differences in written words, numbers, or logos. The viewpoint perspective is the same. There are no differences in the camera angle, zoom level, or framing.",1.0,0.0,0.0,0.0,0.0,0.0,0.0,0.0,0.0
6839,8651,DINO,0.9689775,SigLIP,0.5690928,CLIP,0.8648435,dino_caltech_blind_spots.csv,Caltech101,"The two images depict the same airplane, but they are taken from different angles and perspectives. The first image shows the airplane from the side, while the second image shows it from the front. The orientation and direction of the airplane are different in the two images. The presence of features such as the tail, wings, and engines is the same in both images. The state and condition of the airplane appear to be the same in both images. The number of objects is the same in both images. The color and appearance of the airplane are the same in both images. The structural characteristics of the airplane are the same in both images. There are no differences in written words, numbers, or logos. The viewpoint perspective is the same in both images. There are no differences in the framing or camera angle.",1.0,0.0,0.0,0.0,0.0,0.0,0.0,0.0,0.0
6945,7251,DINO,0.97236925,SigLIP,0.29390702,CLIP,0.91949093,dino_caltech_blind_spots.csv,Caltech101,"The two images appear to be identical. They show the same person with the same hairstyle and background. There are no differences in the person's appearance, the background, or the objects in the image.",,,,,,,,,
6573,7035,DINO,0.9753236,SigLIP,0.5115796,CLIP,0.9392453,dino_caltech_blind_spots.csv,Caltech101,"The two images depict the same piano, but they are taken from different angles. The first image shows the piano from the front, while the second image shows it from the side. The orientation and direction of the image are different, but the overall appearance of the piano remains the same.",1.0,0.0,0.0,0.0,0.0,0.0,0.0,0.0,0.0
7078,8672,DINO,0.9588984,SigLIP,0.5965116,CLIP,0.9450316,dino_caltech_blind_spots.csv,Caltech101,"The two images depict the same airplane, but they are taken from different angles and perspectives. The first image shows the airplane from the side, while the second image shows it from the front. The orientation and direction of the airplane are different in the two images. The presence of features such as the tail, wings, and engines is the same in both images. The state and condition of the airplane appear to be the same in both images. The number of objects and their arrangement are the same. The color and appearance of the airplane are the same. The structural characteristics of the airplane are the same. There are no differences in the text or viewpoint perspective. The differences fall into the category of orientation and direction.",1.0,0.0,0.0,0.0,0.0,0.0,0.0,0.0,0.0
2616,7190,DINO,0.9567768,SigLIP,0.3001912,CLIP,0.75449157,dino_caltech_blind_spots.csv,Caltech101,"The two images depict the same object, a revolver, but they are presented in different orientations and with different text overlays. The first image is a close-up of the revolver with a wooden grip and a black and gold barrel. The second image is a magazine cover with a magazine and text on it. The orientation and direction of the objects are different, and there is no text present in the second image. Therefore, the differences fall into the category of orientation and direction.",1.0,0.0,0.0,0.0,0.0,0.0,0.0,0.0,0.0
7190,8218,DINO,0.95388186,SigLIP,0.30705783,CLIP,0.7337755,dino_caltech_blind_spots.csv,Caltech101,"The two images depict the same object, a revolver, but they are presented in different orientations and perspectives. The first image shows the revolver from a side view, while the second image shows it from a front view. The orientation and perspective of the revolver are the only differences between the two images.",1.0,0.0,0.0,0.0,0.0,0.0,0.0,0.0,0.0
6180,7190,DINO,0.9530208,SigLIP,0.360245,CLIP,0.74366456,dino_caltech_blind_spots.csv,Caltech101,"The two images depict the same revolver, but they are presented in different orientations and with different backgrounds. The first image is a black and white photograph of the revolver, while the second image is a color photograph of the same revolver. The orientation and direction of the image are different, with the first image being upright and the second image being rotated 90 degrees. The presence of features such as the barrel, trigger, and grip is the same in both images. The state and condition of the object are the same, as it is a photograph of a revolver. The quantity and count of objects are the same. The positional context is the same, as both images show the revolver in the same position relative to the background. The color and appearance of the object are the same, with both images being black and white and color photographs, respectively. The structural characteristics of the object are the same, as it is a revolver. The text is the same, as both images have the same text. The viewpoint perspective is the same, as both images are taken from the same angle. The differences fall into the category of orientation and direction.",1.0,1.0,1.0,1.0,1.0,1.0,1.0,1.0,
184,7190,DINO,0.9525669,SigLIP,0.33266369,CLIP,0.79371357,dino_caltech_blind_spots.csv,Caltech101,"{
  ""Explanation"": ""The two images depict the same firearm, but they are presented in different orientations and with different backgrounds. The first image shows the firearm with a wooden grip and a wooden background, while the second image shows the firearm with a black grip and a newspaper background. The orientation and background of the firearm are the only differences between the two images."",
  ""Orientation_And_Direction"": 1,  // The first image is oriented with the firearm facing forward, while the second image is oriented with the firearm facing sideways.
  ""Presence_Of_Features"": 1,  // Both images show the firearm with a wooden grip.
  ""State_And_Condition"": 1,  // Both images show the firearm in the same state and condition.
  ""Quantity_And_Count"": 1,  // Both images show the firearm as a single object.
  ""Positional_Context"": 1,  // Both images show the firearm in the same context, as a firearm.
  ""Color_And_Appearance"": 1,  // Both images show the firearm with a wooden grip.
  ""Structural_Characteristics"": 1,  // Both images show the firearm as a single object with a wooden grip.
  ""Text"": 0,  // There are no written words, numbers, or logos present in either image.
  ""Viewpoint_Perspective"": 1,  // Both images are taken from the same viewpoint.
}",,,,,,,,,
7275,7941,DINO,0.9526931,SigLIP,0.5308824,CLIP,0.8583177,dino_caltech_blind_spots.csv,Caltech101,"The two images depict the same firearm, but they are in different orientations and have different states of wear. The first image is a side view of the firearm, while the second image is a top-down view. The firearm in the first image is in a more worn state, with visible scratches and wear on the metal and the grip. The firearm in the second image is in a more pristine state, with no visible wear or damage. The orientation and state of wear of the firearm are the only differences between the two images.",1,0,1,0,0,0,0,0,0
6140,7309,DINO,0.9503475,SigLIP,0.45053938,CLIP,0.8647125,dino_caltech_blind_spots.csv,Caltech101,"The two images depict a grand piano, but they differ in their orientation and position. The piano in the first image is upright and facing the viewer, while the piano in the second image is lying on its side. Additionally, the second image shows the piano with its lid open, while the first image shows the lid closed. The overall vibrancy and lighting of the images are similar, but the differences in orientation and position are the most notable differences.",1,0,0,0,1,0,0,0,0
6573,7364,DINO,0.9754538,SigLIP,0.39976138,CLIP,0.9455724,dino_caltech_blind_spots.csv,Caltech101,"The two images depict the same piano, but they are taken from different angles and perspectives. The first image shows the piano from a front view, while the second image shows it from a side view. The orientation and direction of the piano are different in the two images. The presence of features such as the keys, pedals, and stool is the same in both images. The state and condition of the piano are the same in both images. The number of objects is the same in both images. The colors and appearance of the piano are the same in both images. The structural characteristics of the piano are the same in both images. There are no differences in written words, numbers, or logos. The camera angle and framing are the same in both images. There are no differences in the viewpoint or perspective.",1,0,0,0,0,0,0,0,0
7592,7670,DINO,0.96403444,SigLIP,0.4718669,CLIP,0.933876,dino_caltech_blind_spots.csv,Caltech101,"The image on the left shows a person with short hair, while the image on the right shows the same person with long hair. The person's hair is also different in color and length.",1,0,0,0,0,1,0,0,0
7035,7735,DINO,0.97432745,SigLIP,0.53943145,CLIP,0.92482316,dino_caltech_blind_spots.csv,Caltech101,"The two images depict the same piano, but they are taken from different angles and perspectives. The first image shows the piano from a front view, while the second image shows it from a side view. The orientation and direction of the images are different, but the overall appearance of the piano remains the same.",1.0,0.0,0.0,0.0,0.0,0.0,0.0,0.0,0.0
7364,7735,DINO,0.9720645,SigLIP,0.4530049,CLIP,0.926321,dino_caltech_blind_spots.csv,Caltech101,"{
  ""Explanation"": ""The two images depict a grand piano with a black finish. The differences between the two images are as follows: 

1. The piano in the first image has a closed lid, while the piano in the second image has an open lid.
2. The piano in the first image has a stool next to it, while the piano in the second image does not have a stool next to it.
3. The piano in the first image has a black finish, while the piano in the second image has a black finish as well.
4. The piano in the first image has a black finish, while the piano in the second image has a black finish as well.
5. The piano in the first image has a black finish, while the piano in the second image has a black finish as well.
6. The piano in the first image has a black finish, while the piano in the second image has a black finish as well.
7. The piano in the first image has a black finish, while the piano in the second image has a black finish as well.
8. The piano in the first image has a black finish, while the piano in the second image has a black finish as well.
9. The piano in the first image has a black finish, while the piano in the second image has a black finish as well.
10. The piano in the first image has a black finish, while the piano in the second image has a black finish as well.
11. The piano in the first image has a black finish, while the piano in the second image has a black finish as well.
12. The piano in the first image has a black finish, while the piano in the second image has a black finish as well.
13. The piano in the first image has a black finish, while the piano in the second image has a black finish as well.
14. The piano in the first image has a black finish, while the piano in the second image has a black finish as well.
15. The piano in the first image has a black finish, while the piano in the second image has a black finish as well.
16. The piano in the first image has a black finish, while the piano in the second image has a black finish as well.
17. The piano in the first image has a black finish, while the piano in the second image has a black finish as well.
18. The piano in the first image has a black finish,",,,,,,,,,
2505,7763,DINO,0.98362315,SigLIP,0.53382754,CLIP,0.975449,dino_caltech_blind_spots.csv,Caltech101,"The two images are identical. They both depict a red octagonal stop sign with the word 'STOP' written in white letters. The signs are identical in size, shape, and color, and there are no differences in their orientation, presence of features, state and condition, quantity and count, positional context, structural characteristics, text, viewpoint perspective, or color appearance.",,,,,,,,,
4583,7793,DINO,0.9561559,SigLIP,0.43060884,CLIP,0.9634303,dino_caltech_blind_spots.csv,Caltech101,"The two images are identical. They depict the same symbol, the Yin-Yang symbol, which represents balance and harmony.",,,,,,,,,
2183,7941,DINO,0.95799935,SigLIP,0.58911735,CLIP,0.85864425,dino_caltech_blind_spots.csv,Caltech101,"The two images depict the same firearm, but they are in different orientations and have different lighting conditions. The first image is a frontal view of the firearm, while the second image is a side view. The firearm is also in a different state of wear and tear, with some parts missing or damaged. The background is also different in the two images.",1,0.0,1.0,0.0,1.0,1.0,1.0,0.0,1
2505,7952,DINO,0.98046565,SigLIP,0.52406,CLIP,0.97006404,dino_caltech_blind_spots.csv,Caltech101,"The two images are identical. They both depict a red octagonal stop sign with the word 'STOP' written in white letters. The signs are placed in the same orientation and direction, and there are no differences in the presence or state of the features, the condition of the object, the number of objects, the color and appearance, the structural characteristics, the text, the viewpoint perspective, or the structural characteristics.",1,1.0,1.0,1.0,1.0,1.0,1.0,1.0,1
8124,8354,DINO,0.9619124,SigLIP,0.5721048,CLIP,0.8770408,dino_caltech_blind_spots.csv,Caltech101,"The two images depict the same saxophone, but they are in different orientations and positions. The saxophone is shown in a vertical orientation in the first image and in a horizontal orientation in the second image. Additionally, the saxophone is placed differently in the two images, with the first image showing it leaning against a wall and the second image showing it standing upright on a table.",1,0.0,0.0,0.0,1.0,0.0,0.0,0.0,1
4876,8174,DINO,0.9506677,SigLIP,0.59607446,CLIP,0.92304397,dino_caltech_blind_spots.csv,Caltech101,"The two images depict the same airplane, but they are taken from different angles. The first image is taken from a side angle, while the second image is taken from a front angle. The orientation and direction of the airplane are different in the two images.",1,,,,,,,,1
5271,8182,DINO,0.95732266,SigLIP,0.12092751,CLIP,0.7843119,dino_caltech_blind_spots.csv,Caltech101,,,,,,,,,,"{
  ""Explanation"": ""The two images depict different models of grand pianos. The first image shows a dark-colored grand piano with the brand name ""Vivace"" and the model number ""G42 CH"". The second image shows a white grand piano with the brand name ""Vivace"" and the model number ""G42R CH"". The differences lie in the color and finish of the pianos, with the first image having a dark finish and the second image having a white finish. Additionally, the text on the pianos is different, with the first image having the brand name and model number in gold letters, while the second image has the brand name and model number in black letters."",
  ""Orientation_And_Direction"": null,
  ""Presence_Of_Features"": null,
  ""State_And_Condition"": null,
  ""Quantity_And_Count"": null,
  ""Positional_Context"": null,
  ""Color_And_Appearance"": 1,
  ""Structural_Characteristics"": null,
  ""Text"": null,
  ""Viewpoint_Perspective"": null
}"
917,8182,DINO,0.95005924,SigLIP,0.23185496,CLIP,0.7928527,dino_caltech_blind_spots.csv,Caltech101,1.0,0.0,0.0,0.0,0.0,0.0,0.0,0.0,0.0,"The two images depict a grand piano, but they differ in their orientation and background. The image on the left is a frontal view of the piano with a white background, while the image on the right is a side view of the piano with a green background. The orientation and background of the images are different, which affects the overall appearance and context of the piano."
6573,8191,DINO,0.95683146,SigLIP,0.43715006,CLIP,0.8648943,dino_caltech_blind_spots.csv,Caltech101,1.0,0.0,0.0,0.0,0.0,0.0,0.0,0.0,0.0,"The two images depict the same piano, but they are taken from different angles and perspectives. The first image shows the piano from a front view, while the second image shows it from a side view. The orientation and direction of the piano are different in the two images. The presence of features such as the keys, pedals, and the overall shape of the piano is the same in both images. The state and condition of the piano are also the same in both images. The quantity and count of objects are the same. The positional context is the same. The color and appearance of the piano are the same. The structural characteristics of the piano are the same. There are no differences in written words, numbers, or logos. The viewpoint perspective is the same. There are no differences in the camera angle, zoom level, or framing."
7735,8191,DINO,0.9531539,SigLIP,0.53678596,CLIP,0.87083244,dino_caltech_blind_spots.csv,Caltech101,,,,,,,,,,"{
  ""Explanation"": ""The two images depict a grand piano with a black finish. The differences between the two images are as follows: 

1. The image on the left shows the piano with its lid open, while the image on the right shows the piano with its lid closed. 
2. The image on the left has a black finish, while the image on the right has a silver finish. 
3. The image on the left has a black bench next to the piano, while the image on the right does not have a bench. 
4. The image on the left has a black background, while the image on the right has a gray background. 
5. The image on the left has a white piano, while the image on the right has a silver piano. 
6. The image on the left has a black lid, while the image on the right has a silver lid. 
7. The image on the left has a black keyboard, while the image on the right has a silver keyboard. 
8. The image on the left has a black bench, while the image on the right does not have a bench. 
9. The image on the left has a black finish, while the image on the right has a silver finish. 
10. The image on the left has a black lid, while the image on the right has a silver lid. 
11. The image on the left has a black bench, while the image on the right does not have a bench. 
12. The image on the left has a black finish, while the image on the right has a silver finish. 
13. The image on the left has a black lid, while the image on the right has a silver lid. 
14. The image on the left has a black keyboard, while the image on the right has a silver keyboard. 
15. The image on the left has a black bench, while the image on the right does not have a bench. 
16. The image on the left has a black finish, while the image on the right has a silver finish. 
17. The image on the left has a black lid, while the image on the right has a silver lid. 
18. The image on the left has a black keyboard, while the image on the right has a silver keyboard. 
19. The image on the left has a black bench, while the image on the right does not have a bench. 
20"
8206,8588,DINO,0.951112,SigLIP,0.35664135,CLIP,0.91717833,dino_caltech_blind_spots.csv,Caltech101,"The two images appear to be identical. There are no differences in the objects, their states, or their positions. The lighting and colors are also consistent between the two images.",,,,,,,,,
2183,8218,DINO,0.95250857,SigLIP,0.42812672,CLIP,0.8127396,dino_caltech_blind_spots.csv,Caltech101,"The two images depict the same firearm, but they are in different orientations and positions. The first image shows the firearm from the side, while the second image shows it from the front. The orientation and position of the firearm are the only differences between the two images.",1.0,0.0,0.0,0.0,0.0,0.0,0.0,0.0,0.0
319,8257,DINO,0.9585415,SigLIP,0.5489292,CLIP,0.87242174,dino_caltech_blind_spots.csv,Caltech101,"The two images depict the same firearm, but they are in different orientations and positions. The first image shows the firearm from the side, while the second image shows it from the front. The orientation and position of the firearm are the only differences between the two images.",1.0,0.0,0.0,0.0,0.0,0.0,0.0,0.0,0.0
7763,8371,DINO,0.95140207,SigLIP,0.34080184,CLIP,0.9504266,dino_caltech_blind_spots.csv,Caltech101,"The two images are identical. They both depict a red octagonal stop sign with the word 'STOP' written in white letters on a red background. The signs are placed against a green background, and there are no differences in their orientation, presence of features, state and condition, quantity and count, positional context, structural characteristics, text, viewpoint perspective, or color and appearance.",,,,,,,,,
8396,8508,DINO,0.9811982,SigLIP,0.58679855,CLIP,0.9633348,dino_caltech_blind_spots.csv,Caltech101,"The two images are identical. They depict the same person with the same hairstyle and background. The person is wearing a gray shirt and has a slight smile on their face. The background includes a wooden door and some papers with text on them. The person's hair is shoulder-length, and they are wearing earrings. The image is taken indoors, and the lighting is even. There are no differences between the two images.",,1.0,1.0,1.0,1.0,1.0,1.0,1.0,1.0
2505,8445,DINO,0.9682636,SigLIP,0.35122734,CLIP,0.9706989,dino_caltech_blind_spots.csv,Caltech101,The two images are identical. They both depict a red octagonal stop sign with the word 'STOP' written in white letters on a red background.,,,,,,,,,
6438,8445,DINO,0.96795404,SigLIP,0.5279464,CLIP,0.9756575,dino_caltech_blind_spots.csv,Caltech101,"The two images are identical. They both depict a red octagonal stop sign with the word 'STOP' written in white letters. The signs are placed against a grey background, and there are no differences in their orientation, presence of features, state and condition, number and count, positional context, color and appearance, structural characteristics, text, viewpoint perspective, or any other aspect.",,,,,,,,,
8367,8445,DINO,0.9671832,SigLIP,0.39080048,CLIP,0.97267467,dino_caltech_blind_spots.csv,Caltech101,The two images are identical. They both depict a red octagonal stop sign with the word 'STOP' written in white letters.,0.0,1.0,1.0,1.0,1.0,1.0,1.0,1.0,1.0
6174,8545,DINO,0.9518762,SigLIP,0.47542107,CLIP,0.88133556,dino_caltech_blind_spots.csv,Caltech101,"The two images depict two different motorcycles. The first image shows a motorcycle with a red body and black frame, while the second image shows a motorcycle with a black body and red frame. The motorcycles are identical in terms of color and frame, but the body color is different. The motorcycles are also identical in terms of orientation and direction, and there are no differences in the presence of features, state and condition, quantity and count, positional context, structural characteristics, text, viewpoint perspective, or color and appearance.",0.0,0.0,0.0,0.0,0.0,1.0,0.0,0.0,0.0
7884,8550,DINO,0.95166516,SigLIP,0.5183105,CLIP,0.9383482,dino_caltech_blind_spots.csv,Caltech101,"The two images are identical. They both depict the yin-yang symbol, which represents balance and harmony in Chinese philosophy. The yin-yang symbol consists of two circles, one black and one white, with a small circle inside the white circle. The two images are identical in terms of their design and content.",,,,,,,,,
5271,8632,DINO,0.9509268,SigLIP,0.30743545,CLIP,0.79996336,dino_caltech_blind_spots.csv,Caltech101,"{
  ""Explanation"": ""The two images depict the same piano, but with different orientations and lighting. The first image shows the piano from a front view, while the second image shows it from a side view. The lighting in the second image is brighter, which affects the overall appearance of the piano. The first image has a more shadowed appearance, while the second image has a more illuminated appearance. The second image also has a different background, which is a dark green color, while the first image has a lighter background. The first image has a more detailed view of the piano, while the second image has a more simplified view. The first image has a more detailed view of the piano keys, while the second image has a more simplified view of the piano keys. The first image has a more detailed view of the piano body, while the second image has a more simplified view of the piano body. The first image has a more detailed view of the piano legs, while the second image has a more simplified view of the piano legs. The first image has a more detailed view of the piano keys, while the second image has a more simplified view of the piano keys. The first image has a more detailed view of the piano body, while the second image has a more simplified view of the piano body. The first image has a more detailed view of the piano legs, while the second image has a more simplified view of the piano legs. The first image has a more detailed view of the piano keys, while the second image has a more simplified view of the piano keys. The first image has a more detailed view of the piano body, while the second image has a more simplified view of the piano body. The first image has a more detailed view of the piano legs, while the second image has a more simplified view of the piano legs. The first image has a more detailed view of the piano keys, while the second image has a more simplified view of the piano keys. The first image has a more detailed view of the piano body, while the second image has a more simplified view of the piano body. The first image has a more detailed view of the piano legs, while the second image has a more simplified view of the piano legs. The first image has a more detailed view of the piano keys, while the second image has a more simplified view of the piano keys. The first image has a more detailed view of the piano body, while the second image has a more simplified view of the piano body. The first image has a more",,,,,,,,,
84,1732,SigLIP2,0.97938156,CLIP,0.5824605,DINO,0.81261396,siglip2_caltech_blind_spots.csv,Caltech101,"The two images depict the same symbol, the Yin-Yang symbol, which represents balance and harmony. The differences between the two images are minimal and do not affect the overall meaning or interpretation of the symbol.",,,,,,,,,
84,8550,SigLIP2,0.96516687,CLIP,0.35355824,DINO,0.74808514,siglip2_caltech_blind_spots.csv,Caltech101,"The two images depict the same symbol, the Yin-Yang symbol, which represents balance and harmony. The differences between the two images are minimal and do not affect the overall meaning or interpretation of the symbol.",,,,,,,,,
116,5039,SigLIP2,0.9573026,CLIP,0.33013597,DINO,0.98294854,siglip2_caltech_blind_spots.csv,Caltech101,"The two images depict the same scorpion, but they are taken from different angles and perspectives. The scorpion is facing the same direction in both images, but the angle and the way it is positioned on the ground are different. The scorpion in the first image is more upright, while the scorpion in the second image is lying on its side. The scorpion in the second image also has a different orientation of its legs and tail compared to the scorpion in the first image.",1.0,0.0,0.0,0.0,0.0,0.0,0.0,0.0,0.0
124,7259,SigLIP2,0.9560412,CLIP,0.37529156,DINO,0.8222045,siglip2_caltech_blind_spots.csv,Caltech101,The two images are identical. There are no differences between them.,,,,,,,,,
124,7137,SigLIP2,0.9553415,CLIP,0.38882822,DINO,0.8273601,siglip2_caltech_blind_spots.csv,Caltech101,"The two images appear to be identical. There are no differences in the objects, their states, or their positions. The lighting and colors are also consistent between the two images.",,,,,,,,,
124,616,SigLIP2,0.9514035,CLIP,0.51534307,DINO,0.85843694,siglip2_caltech_blind_spots.csv,Caltech101,The two images are identical. There are no differences between them.,,,,,,,,,
124,199,SigLIP2,0.9507735,CLIP,0.5809232,DINO,0.7209327,siglip2_caltech_blind_spots.csv,Caltech101,"The two images are of the same person, but the second image has a different lighting condition, resulting in a darker appearance. The person's hair is also slightly different in the second image.",,,,,,,,,
126,4065,SigLIP2,0.9634925,CLIP,0.5716374,DINO,0.9598066,siglip2_caltech_blind_spots.csv,Caltech101,"The two images depict the same motorcycle, but they are in different orientations and positions. The first image is a frontal view, while the second image is a side view. The orientation and position of the motorcycle are different in the two images.",1.0,0.0,0.0,0.0,1.0,0.0,0.0,0.0,0.0
279,5645,SigLIP2,0.9540168,CLIP,0.44077352,DINO,0.46902937,siglip2_caltech_blind_spots.csv,Caltech101,"The two images appear to be identical. There are no differences in the objects, their states, or their positions. The lighting and colors are also consistent between the two images.",,,,,,,,,
327,4900,SigLIP2,0.9564229,CLIP,0.4928444,DINO,0.96654963,siglip2_caltech_blind_spots.csv,Caltech101,"The two images are identical. They depict the same soccer ball with black and white sections. The ball is in the same orientation and has the same features, such as the black and white pattern and the overall shape. There are no differences in the objects' states, quantities, positions, colors, structural characteristics, text, or viewpoints.",,,,,,,,,
331,5925,SigLIP2,0.9547839,CLIP,0.42806816,DINO,0.708989,siglip2_caltech_blind_spots.csv,Caltech101,"The two images are identical. They depict the same man with the same hairstyle, facial hair, and background. The only difference is in the lighting and shadows, which are the same in both images.",,,,,,,,,
331,7507,SigLIP2,0.9535178,CLIP,0.5081909,DINO,0.7718295,siglip2_caltech_blind_spots.csv,Caltech101,"The two images appear to be identical. There are no differences in the objects, their states, or their positions. The lighting and colors are also consistent between the two images.",,,,,,,,,
331,1864,SigLIP2,0.95197326,CLIP,0.47097367,DINO,0.70758355,siglip2_caltech_blind_spots.csv,Caltech101,The two images are identical. There are no differences between them.,,,,,,,,,
349,5246,SigLIP2,0.95907176,CLIP,0.37471402,DINO,0.96917963,siglip2_caltech_blind_spots.csv,Caltech101,"The two images appear to be identical. There are no differences in the objects, their states, or their positions. The lighting and colors are also consistent between the two images.",,,,,,,,,
414,8035,SigLIP2,0.95453787,CLIP,0.47329894,DINO,0.86841553,siglip2_caltech_blind_spots.csv,Caltech101,"The two images appear to be identical. There are no differences in the objects, their states, or their positions. The lighting and colors are also consistent between the two images.",,,,,,,,,
442,548,SigLIP2,0.95702446,CLIP,0.38860136,DINO,0.88898736,siglip2_caltech_blind_spots.csv,Caltech101,"The two images are identical. They depict the same man with a bald head, a beard, and a mustache, wearing a plaid shirt. The background and objects in the image are also identical.",,1.0,1.0,1.0,1.0,1.0,1.0,1.0,1.0
495,6896,SigLIP2,0.9568379,CLIP,0.58328825,DINO,0.9712635,siglip2_caltech_blind_spots.csv,Caltech101,"The two images depict two different stegosaurs, one with a pinkish hue and the other with a reddish hue. The pink stegosaurus has a more pronounced pink coloration, while the reddish stegosaurus has a more reddish hue. The background and other elements in the images are identical, indicating no differences in the overall scene.",,1.0,1.0,1.0,1.0,1.0,1.0,,
539,7116,SigLIP2,0.95549804,CLIP,0.3753518,DINO,0.7507336,siglip2_caltech_blind_spots.csv,Caltech101,"The two images appear to be identical. There are no differences in the objects, their states, or their positions.",,,,,,,,,
566,6443,SigLIP2,0.95875084,CLIP,0.54005957,DINO,0.96954995,siglip2_caltech_blind_spots.csv,Caltech101,"The two images depict the same airplane, but they are taken from different angles. The first image is taken from the side, while the second image is taken from the front. The orientation and direction of the airplane are different in the two images.",1.0,,,,,,,,
688,4900,SigLIP2,0.9834633,CLIP,0.50943696,DINO,0.9892117,siglip2_caltech_blind_spots.csv,Caltech101,"The two images are identical. They depict the same soccer ball with black and white stripes. The ball is in the same orientation and has the same features, such as the black and white pattern and the overall shape. There are no differences in the objects' states, quantities, positions, colors, structural characteristics, text, or viewpoints.",,,,,,,,,
754,8134,SigLIP2,0.9604338,CLIP,0.40865803,DINO,0.5333526,siglip2_caltech_blind_spots.csv,Caltech101,"The two images are identical. They both depict a red stop sign with the word 'STOP' written on it. The signs are the same size and orientation, and there are no differences in their appearance or state. The signs are placed against a black background, and there are no other objects present.",0.0,1.0,1.0,1.0,1.0,1.0,1.0,1.0,1.0
754,4125,SigLIP2,0.9552852,CLIP,0.41428232,DINO,0.62543136,siglip2_caltech_blind_spots.csv,Caltech101,"The two images are identical. They both depict a red stop sign with the word 'STOP' written on it. The signs are identical in terms of shape, color, and text. There are no differences in the orientation, presence of features, state and condition, quantity and count, positional context, structural characteristics, text, viewpoint perspective, or color appearance between the two images.",,,,,,,,,
754,6639,SigLIP2,0.9551976,CLIP,0.63835603,DINO,0.596518,siglip2_caltech_blind_spots.csv,Caltech101,"The two images are identical. They both depict a red stop sign with the word 'STOP' written on it. The signs are placed against a black background, and there are no differences in their orientation, presence of features, state and condition, quantity and count, positional context, structural characteristics, text, viewpoint perspective, or color and appearance.",,,,,,,,,
754,7763,SigLIP2,0.9541671,CLIP,0.39948106,DINO,0.5529653,siglip2_caltech_blind_spots.csv,Caltech101,"The two images are identical. They both depict a red stop sign with the word 'STOP' written on it. The signs are identical in terms of shape, color, and text. There are no differences in the orientation, presence of features, state and condition, quantity and count, positional context, structural characteristics, text, viewpoint perspective, or color appearance between the two images.",,,,,,,,,
766,7848,SigLIP2,0.9506346,CLIP,0.59019965,DINO,0.9770167,siglip2_caltech_blind_spots.csv,Caltech101,The two images are identical. There are no differences between them.,,,,,,,,,
784,6175,SigLIP2,0.97175205,CLIP,0.5762756,DINO,0.9892827,siglip2_caltech_blind_spots.csv,Caltech101,"The two images depict the same leopard, but they are taken from different angles and perspectives. The first image shows the leopard from a side view, while the second image shows it from a front view. The leopard's position and orientation are the same, but the angle and perspective of the image are different.",1.0,0.0,0.0,0.0,0.0,0.0,0.0,0.0,1.0
852,1592,SigLIP2,0.9609768,CLIP,0.33339205,DINO,0.9483126,siglip2_caltech_blind_spots.csv,Caltech101,"The two images depict the same person, but they are taken from different angles. The person is wearing a blue shirt and has dark hair. The first image is taken from a frontal angle, while the second image is taken from a side angle. The person's face is more visible in the first image, while the second image shows more of their shoulders and upper chest.",1.0,0.0,0.0,0.0,1.0,0.0,0.0,0.0,1.0
940,2789,SigLIP2,0.9509007,CLIP,0.57128614,DINO,0.87711996,siglip2_caltech_blind_spots.csv,Caltech101,The two images are identical. There are no differences between them.,,,,,,,,,
1036,1193,SigLIP2,0.9560704,CLIP,0.37508145,DINO,0.66670734,siglip2_caltech_blind_spots.csv,Caltech101,"The two images appear to be identical. They show the same man with red hair, wearing a light-colored shirt, standing in a room with shelves and books. The man's expression and the background are consistent between the two images.",,,,,,,,,
1181,5636,SigLIP2,0.9690923,CLIP,0.5426118,DINO,0.969,siglip2_caltech_blind_spots.csv,Caltech101,"The two images depict the same animal, a mountain lion. However, the background in the second image appears to be a different color, possibly due to lighting or a different camera angle. The animal's fur color and overall appearance are identical in both images.",,,,,,,,,
1193,8178,SigLIP2,0.9512681,CLIP,0.4541042,DINO,0.7243356,siglip2_caltech_blind_spots.csv,Caltech101,"The two images appear to be identical. They show the same person with red hair, wearing a white shirt, standing in a room with shelves and books in the background. The person's hair color, clothing, and the environment are consistent between the two images.",,,,,,,,,
1395,6557,SigLIP2,0.9679518,CLIP,0.5898901,DINO,0.92932355,siglip2_caltech_blind_spots.csv,Caltech101,"The two images depict the same Suzuki 80cc dirt bike, but they are in different orientations and positions. The first image is a frontal view, while the second image is a side view. The bike is yellow with black accents and features a black seat and handlebars. The first image is rotated 90 degrees clockwise, while the second image is not rotated. The bike appears to be in the same state and condition, with no visible differences in its appearance.",1.0,0.0,0.0,0.0,0.0,0.0,0.0,0.0,0.0
1443,8212,SigLIP2,0.95470333,CLIP,0.2887873,DINO,0.94400847,siglip2_caltech_blind_spots.csv,Caltech101,"The two images depict the same saxophone, but they are taken from different angles and perspectives. The first image shows the saxophone from the front, while the second image shows it from the side. The orientation and direction of the saxophone are different in the two images.",1.0,0.0,0.0,0.0,0.0,0.0,0.0,0.0,1.0
1592,6136,SigLIP2,0.96264374,CLIP,0.37679407,DINO,0.87370956,siglip2_caltech_blind_spots.csv,Caltech101,"The two images appear to be identical. There are no differences in the objects, their states, or their positions. The lighting and colors are also consistent between the two images.",,,,,,,,,
1593,6639,SigLIP2,0.962646,CLIP,0.3582179,DINO,0.6353098,siglip2_caltech_blind_spots.csv,Caltech101,The two images are identical. They depict the same stop sign with the word 'STOP' written in white letters on a red octagonal background.,,,,,,,,,
1593,6385,SigLIP2,0.95693994,CLIP,0.48828,DINO,0.659973,siglip2_caltech_blind_spots.csv,Caltech101,The two images are identical. They depict the same stop sign with the word 'STOP' in white letters on a red octagonal background.,,,,,,,,,
1611,4795,SigLIP2,0.9609057,CLIP,0.5895381,DINO,0.8627928,siglip2_caltech_blind_spots.csv,Caltech101,"The two images appear to be identical. There are no differences in the objects, their states, or their positions.",,,,,,,,,
1671,5734,SigLIP2,0.95107913,CLIP,0.346254,DINO,0.8918299,siglip2_caltech_blind_spots.csv,Caltech101,"The man in the second image has a different expression compared to the first image. His eyebrows are raised, and he has a more serious or concerned look on his face. The first image shows him with a neutral expression.",,1.0,,,,,,,
1750,6639,SigLIP2,0.9645437,CLIP,0.33354086,DINO,0.85004985,siglip2_caltech_blind_spots.csv,Caltech101,"The two images are identical. They both depict a red stop sign with white letters. The signs are oriented in the same way, facing the same direction, and have the same text and background color. There are no differences in the objects' states, conditions, quantities, positions, colors, structural characteristics, text, viewpoint, or perspective.",1.0,1.0,1.0,1.0,1.0,1.0,1.0,1.0,1.0
1804,2950,SigLIP2,0.9589294,CLIP,0.90816104,DINO,0.4410429,siglip2_caltech_blind_spots.csv,Caltech101,"The two images are identical. They depict the same man with the same hairstyle, facial hair, and background. The man is wearing a blue shirt and standing in front of a wooden door. There are no differences in the objects, their states, or their positions.",,,,,,,,,
1864,7263,SigLIP2,0.9527987,CLIP,0.5149667,DINO,0.75042725,siglip2_caltech_blind_spots.csv,Caltech101,"The two images are identical. They depict the same man with a bald head, a beard, and a mustache, wearing a patterned shirt. The background and lighting are also the same in both images.",,1.0,1.0,1.0,1.0,1.0,1.0,1.0,1.0
539,1864,SigLIP2,0.9522883,CLIP,0.56076676,DINO,0.7830172,siglip2_caltech_blind_spots.csv,Caltech101,"The two images are identical. They depict the same person with the same hairstyle, facial hair, and background. The person is wearing a striped shirt and standing in front of a bookshelf. The only difference is the slight variation in the lighting and shadows on the person's face, which is a normal variation in lighting conditions.",,1.0,1.0,1.0,1.0,1.0,1.0,0.0,0.0
1929,8445,SigLIP2,0.97834706,CLIP,0.4884888,DINO,0.9633151,siglip2_caltech_blind_spots.csv,Caltech101,The two images are identical. They depict the same stop sign with the word 'STOP' in white letters on a red octagonal background.,1.0,1.0,1.0,1.0,1.0,1.0,1.0,1.0,1.0
1995,4646,SigLIP2,0.9539287,CLIP,0.4671288,DINO,0.983916,siglip2_caltech_blind_spots.csv,Caltech101,"{
  ""Explanation"": ""The two images depict the same jaguar, but the background and the water in the stream have been altered. In the first image, the jaguar is standing in a grassy area with a clear stream, while in the second image, the jaguar is standing in a grassy area with a blurred stream. The jaguar's position and the water in the stream have been changed, but the overall scene remains the same."",
  ""Orientation_And_Direction"": 1,  // The image is facing the same way.
  ""Presence_Of_Features"": 1,  // A specific part or small detail has been added.
  ""State_And_Condition"": 1,  // The object is in the same state.
  ""Quantity_And_Count"": 1,  // The number of objects is the same.
  ""Positional_Context"": 1,  // Objects are placed differently relative to each other.
  ""Color_And_Appearance"": 1,  // The colors and appearance of the objects are the same.
  ""Structural_Characteristics"": 1,  // The core shape, material, or physical build of the objects is the same.
  ""Text"": 0,  // There are no differences in written words, numbers, or logos.
  ""Viewpoint_Perspective"": 1,  // The camera angle, zoom level, or framing is the same.
}",,,,,,,,,
2036,6976,SigLIP2,0.9536917,CLIP,0.3894921,DINO,0.7999239,siglip2_caltech_blind_spots.csv,Caltech101,"The two images appear to be identical. There are no differences in the objects, their states, or their positions. The woman's hair, facial features, and background remain consistent between the two images.",,,,,,,,,
2036,7864,SigLIP2,0.95174265,CLIP,0.5152676,DINO,0.8015654,siglip2_caltech_blind_spots.csv,Caltech101,"The two images appear to be identical. There are no differences in the objects, their states, or their positions. The woman's hair, facial features, and background remain consistent between the two images.",,,,,,,,,
2106,4902,SigLIP2,0.95983756,CLIP,0.46242246,DINO,0.85846853,siglip2_caltech_blind_spots.csv,Caltech101,"The two images appear to be identical. There are no differences in the objects, their states, or their positions. The person's hair and facial features are the same in both images. The background and lighting conditions are also the same.",,,,,,,,,
2106,5573,SigLIP2,0.95332986,CLIP,0.27949405,DINO,0.7838559,siglip2_caltech_blind_spots.csv,Caltech101,"The two images appear to be identical. There are no differences in the objects, their states, or their positions.",,,,,,,,,
2106,8464,SigLIP2,0.9521271,CLIP,0.44436085,DINO,0.72144556,siglip2_caltech_blind_spots.csv,Caltech101,"The two images appear to be identical. There are no differences in the objects, their states, or their positions.",,,,,,,,,
2116,3582,SigLIP2,0.9885813,CLIP,0.55317855,DINO,0.9880253,siglip2_caltech_blind_spots.csv,Caltech101,"The two images depict the same scene of two jaguars standing in a river. However, the second image has a different orientation and perspective compared to the first image. The jaguars in the second image are facing the opposite direction and appear to be in a different position relative to the camera. The first image is a frontal view, while the second image is a side view. The second image also has a different framing, with the jaguars being more centered and the background being more visible.",1.0,0.0,0.0,0.0,0.0,0.0,0.0,0.0,1.0
2176,2591,SigLIP2,0.95937943,CLIP,0.5065714,DINO,0.8956611,siglip2_caltech_blind_spots.csv,Caltech101,"{
  ""Explanation"": ""The two images depict the same sunflower, but they are taken from different angles. The first image is taken from a side angle, while the second image is taken from a front angle. This difference in perspective affects the way the sunflower is viewed."",
  ""Orientation_And_Direction"": 1,  // The image is taken from a different angle.
  ""Presence_Of_Features"": null,       // No specific part or small detail added or missing.
  ""State_And_Condition"": null,        // The object is in the same state and condition.
  ""Quantity_And_Count"": null,         // The number of objects is the same.
  ""Positional_Context"": null,         // The objects are placed in the same contextual setting.
  ""Color_And_Appearance"": null,       // The colors and appearance are the same.
  ""Structural_Characteristics"": null, // The core shape, material, or physical build of the object is the same.
  ""Text"": null,                       // There are no differences in written words, numbers, or logos.
  ""Viewpoint_Perspective"": null       // The camera angle, zoom level, or framing is the same.
}",,,,,,,,,
2176,4158,SigLIP2,0.95191944,CLIP,0.51837885,DINO,0.81826746,siglip2_caltech_blind_spots.csv,Caltech101,"The two images depict the same sunflower, but they are taken from different angles. The first image is taken from a side angle, while the second image is taken from a front angle. The orientation and direction of the sunflower are different in the two images.",1.0,,,,,,,,1.0
2332,7755,SigLIP2,0.9577944,CLIP,0.5738232,DINO,0.9736167,siglip2_caltech_blind_spots.csv,Caltech101,The two images are identical. They depict the same woman with blonde hair wearing a white shirt and a pearl necklace. The background and lighting are also the same.,,,,,,,,,
2349,4269,SigLIP2,0.9601141,CLIP,0.3235102,DINO,0.9924203,siglip2_caltech_blind_spots.csv,Caltech101,"The two images depict the same butterfly, but they are rotated 90 degrees clockwise. The wings are facing in the same direction, but the body is oriented differently. The butterfly is shown in its natural orange color with black markings, and there are no other differences in the features or state of the butterfly.",1.0,0.0,0.0,0.0,0.0,1.0,1.0,0.0,0.0
2391,6128,SigLIP2,0.9569944,CLIP,0.37218034,DINO,0.65513635,siglip2_caltech_blind_spots.csv,Caltech101,"The two images appear to be identical. There are no differences in the objects, their states, or their positions. The colors, lighting, and overall appearance of the objects are also the same.",,,,,,,,,
2391,5165,SigLIP2,0.9543964,CLIP,0.64906526,DINO,0.46934634,siglip2_caltech_blind_spots.csv,Caltech101,"The two images are identical. They depict the same person with the same hairstyle and clothing, and the background is the same as well.",,,,,,,,,
2391,6030,SigLIP2,0.95433164,CLIP,0.6098478,DINO,0.46578345,siglip2_caltech_blind_spots.csv,Caltech101,"The two images appear to be identical. There are no differences in the objects, their states, or their positions. The colors, lighting, and overall appearance of the objects are consistent between the two images.",,,,,,,,,
2391,2740,SigLIP2,0.9534457,CLIP,0.65800154,DINO,0.45484817,siglip2_caltech_blind_spots.csv,Caltech101,The two images are identical. They depict the same person with the same hairstyle and makeup. The background and lighting are also the same.,,,,,,,,,
2471,6659,SigLIP2,0.95035225,CLIP,0.39751995,DINO,0.8618177,siglip2_caltech_blind_spots.csv,Caltech101,The two images are identical. There are no differences between them.,,,,,,,,,
2505,6639,SigLIP2,0.97510195,CLIP,0.3766001,DINO,0.93381953,siglip2_caltech_blind_spots.csv,Caltech101,"The two images are identical. They both depict a red octagonal stop sign with the word 'STOP' written in white letters. The signs are placed in the same orientation and direction, and there are no differences in the presence or state of the features, the condition of the object, the number of objects, the color and appearance, the structural characteristics, the text, the viewpoint perspective, or the structural characteristics.",1.0,1.0,1.0,1.0,1.0,1.0,1.0,1.0,1.0
2505,6385,SigLIP2,0.97228324,CLIP,0.518462,DINO,0.98527074,siglip2_caltech_blind_spots.csv,Caltech101,"The two images are identical. They both depict a red octagonal stop sign with the word 'STOP' written in white letters. The signs are placed against a gray background, and there are no differences in their orientation, presence of features, state and condition, number and count, positional context, color and appearance, structural characteristics, text, viewpoint perspective, or any other aspect.",,,,,,,,,
2537,5240,SigLIP2,0.953673,CLIP,0.41521204,DINO,0.7427118,siglip2_caltech_blind_spots.csv,Caltech101,The two images are identical. They depict the same woman with the same hairstyle and facial features.,,,,,,,,,
2558,5240,SigLIP2,0.95169437,CLIP,0.5097805,DINO,0.88436884,siglip2_caltech_blind_spots.csv,Caltech101,"The two images appear to be identical. They show the same woman with the same hairstyle and background. There are no differences in the woman's appearance, the background, or the objects in the image.",,,,,,,,,
2728,3890,SigLIP2,0.9557396,CLIP,0.41151032,DINO,0.94512856,siglip2_caltech_blind_spots.csv,Caltech101,"The two images depict the same piano, but they are taken from different angles and perspectives. The first image shows the piano from a front view, while the second image shows it from a side view. The orientation and direction of the piano are different in the two images. The presence of features such as the keys, pedals, and the overall shape of the piano is the same in both images. The state and condition of the piano are also the same in both images. The quantity and count of objects are the same. The positional context is the same. The color and appearance of the piano are the same. The structural characteristics of the piano are the same. There are no differences in written words, numbers, or logos. The viewpoint perspective is the same. There are no differences in the camera angle, zoom level, or framing.",1.0,0.0,0.0,0.0,0.0,0.0,0.0,0.0,0.0
2740,3611,SigLIP2,0.956159,CLIP,0.37305424,DINO,0.69921976,siglip2_caltech_blind_spots.csv,Caltech101,"The two images appear to be identical. There are no differences in the objects, their states, or their positions. The lighting and colors are also consistent between the two images.",,,,,,,,,
2924,3256,SigLIP2,0.95493656,CLIP,0.5278965,DINO,0.9065889,siglip2_caltech_blind_spots.csv,Caltech101,"The two images appear to be identical. There are no differences in the objects, their states, or their positions. The lighting and colors are also consistent between the two images.",,,,,,,,,
2983,6639,SigLIP2,0.9539124,CLIP,0.20977771,DINO,0.90569615,siglip2_caltech_blind_spots.csv,Caltech101,The two images are identical. They both depict a red octagonal stop sign with the word 'STOP' written in white capital letters. The sign is placed against a green background.,1.0,1.0,1.0,1.0,1.0,1.0,1.0,1.0,1.0
3195,3719,SigLIP2,0.964161,CLIP,0.41850686,DINO,0.92555416,siglip2_caltech_blind_spots.csv,Caltech101,"The two images appear to be identical. There are no differences in the objects, their states, or their positions. The person's hair and facial features are the same in both images. The background and lighting are also the same.",,,,,,,,,
3256,4795,SigLIP2,0.9645611,CLIP,0.59761876,DINO,0.9148296,siglip2_caltech_blind_spots.csv,Caltech101,"The two images appear to be identical. There are no differences in the objects, their states, or their positions.",,,,,,,,,
3307,8464,SigLIP2,0.95978177,CLIP,0.39403814,DINO,0.78088975,siglip2_caltech_blind_spots.csv,Caltech101,"The two images appear to be identical. There are no differences in the objects, their states, or their positions.",,,,,,,,,
3390,6443,SigLIP2,0.9561913,CLIP,0.55344105,DINO,0.9580136,siglip2_caltech_blind_spots.csv,Caltech101,"The two images depict the same airplane, but they are taken from different angles. The first image is taken from the side, while the second image is taken from the front. The orientation and direction of the airplane are different in the two images.",1.0,,,,,,,,
3394,7142,SigLIP2,0.95844233,CLIP,0.31693733,DINO,0.9459273,siglip2_caltech_blind_spots.csv,Caltech101,"The two images appear to be identical. There are no differences in the objects, their states, or their positions relative to each other or the background.",,,,,,,,,
3449,5634,SigLIP2,0.95738196,CLIP,0.5310064,DINO,0.9506793,siglip2_caltech_blind_spots.csv,Caltech101,"The two images depict the same white lotus flower, but they are taken from different angles. The first image is taken from a frontal view, while the second image is taken from a side view. The petals and the central part of the flower are visible in both images, but the overall perspective is different.",1.0,0.0,0.0,0.0,0.0,0.0,0.0,0.0,1.0
3478,8192,SigLIP2,0.9561904,CLIP,0.37222415,DINO,0.9599217,siglip2_caltech_blind_spots.csv,Caltech101,"The two images depict the same tick, but they are taken from different angles. The first image is a frontal view, while the second image is a side view. The orientation and direction of the tick are different in the two images.",1.0,,,,,,,,
3518,6226,SigLIP2,0.960847,CLIP,0.5994791,DINO,0.9589004,siglip2_caltech_blind_spots.csv,Caltech101,"The two images depict the same motorcycle, but they are in different orientations and positions. The first image is a frontal view, while the second image is a side view. The orientation and position of the motorcycle have changed, but the overall appearance and details are the same.",1.0,0.0,0.0,0.0,0.0,0.0,0.0,0.0,0.0
3531,7424,SigLIP2,0.9747497,CLIP,0.5090258,DINO,0.97334254,siglip2_caltech_blind_spots.csv,Caltech101,"The image on the right shows a rhinoceros grazing in a grassy field, while the image on the left shows a rhinoceros standing in the same field. The rhinoceros on the right is in a more relaxed posture, while the rhinoceros on the left is standing with its head lowered, possibly indicating a different state of alertness or rest.",1.0,1.0,1.0,1.0,1.0,1.0,1.0,0.0,0.0
3625,8464,SigLIP2,0.9541755,CLIP,0.41960967,DINO,0.83300525,siglip2_caltech_blind_spots.csv,Caltech101,"The two images appear to be identical. There are no differences in the objects, their states, or their positions. The colors, lighting, and overall appearance of the objects are also the same.",,,,,,,,,
3719,6857,SigLIP2,0.95558834,CLIP,0.53635716,DINO,0.9494297,siglip2_caltech_blind_spots.csv,Caltech101,"The two images appear to be identical. There are no differences in the objects, their states, or their positions. The person's hair and facial features are the same in both images. The background and lighting conditions are also the same.",,,,,,,,,
3719,4052,SigLIP2,0.9555341,CLIP,0.4207793,DINO,0.94505143,siglip2_caltech_blind_spots.csv,Caltech101,"The two images appear to be identical. There are no differences in the objects, their states, or their positions. The colors, lighting, and overall appearance of the objects are also the same.",,,,,,,,,
3307,3719,SigLIP2,0.9502995,CLIP,0.40943316,DINO,0.9353552,siglip2_caltech_blind_spots.csv,Caltech101,"The two images appear to be identical. There are no differences in the objects, their states, or their positions.",,,,,,,,,
3780,8445,SigLIP2,0.96068764,CLIP,0.4775686,DINO,0.9056697,siglip2_caltech_blind_spots.csv,Caltech101,The two images are identical. They depict the same stop sign with the word 'STOP' in bold white letters on a red octagonal background.,,,,,,,,,
3888,5996,SigLIP2,0.9548819,CLIP,0.49061978,DINO,0.92571497,siglip2_caltech_blind_spots.csv,Caltech101,"The two images are identical. They depict the same cartoon character, Garfield, in the same pose and background.",,,,,,,,,
3900,5387,SigLIP2,0.9501991,CLIP,0.36024272,DINO,0.98505783,siglip2_caltech_blind_spots.csv,Caltech101,"The two images appear to be identical. There are no differences in the objects, their states, or their positions. The lighting and colors are also consistent between the two images.",,,,,,,,,
4349,6888,SigLIP2,0.95157814,CLIP,0.52472997,DINO,0.95854914,siglip2_caltech_blind_spots.csv,Caltech101,"The two images depict the same character, Snoopy, from the Peanuts comic strip. However, the background and the position of the character on the red roof are different in the two images. In the first image, Snoopy is sitting on the red roof with a blue sky and white clouds in the background. In the second image, the background is blue with white clouds, and Snoopy is sitting on the red roof with a blue sky and white clouds in the background as well. The only difference is the background color and the position of the character.",1.0,0.0,0.0,0.0,1.0,1.0,1.0,0.0,0.0
4426,7507,SigLIP2,0.9570528,CLIP,0.40407765,DINO,0.8527317,siglip2_caltech_blind_spots.csv,Caltech101,"The two images are identical. They depict the same man with a bald head, a beard, and a mustache. The background and lighting are also the same in both images. There are no differences in the objects or their states, and the man's position and orientation are consistent between the two images.",,1.0,1.0,1.0,1.0,1.0,1.0,0.0,0.0
4468,6976,SigLIP2,0.9555795,CLIP,0.44374844,DINO,0.87216234,siglip2_caltech_blind_spots.csv,Caltech101,"The two images appear to be identical. There are no differences in the objects, their states, or their positions. The woman's hair, clothing, and background are all the same in both images.",,,,,,,,,
4560,5996,SigLIP2,0.9578377,CLIP,0.49579912,DINO,0.92996085,siglip2_caltech_blind_spots.csv,Caltech101,"The two images are identical. They depict the same cartoon character, Garfield, in the same pose and color scheme.",,,,,,,,,
4563,4903,SigLIP2,0.9519377,CLIP,0.465581,DINO,0.95094144,siglip2_caltech_blind_spots.csv,Caltech101,"The two images depict the same dinosaur, but they are in different orientations and positions. The first image is a frontal view of the dinosaur, while the second image is a side view. The orientation and position of the dinosaur in the two images are different.",1.0,,,,,,,,
1732,4779,SigLIP2,0.95301163,CLIP,0.57056284,DINO,0.8432335,siglip2_caltech_blind_spots.csv,Caltech101,"The two images are identical. They depict the same symbol, the Yin-Yang symbol, which represents balance and harmony. The symbol consists of two circles, one black and one white, with a dot in the center of each circle. The orientation and direction of the symbol are the same in both images. There are no specific parts or small details added or missing, no state or condition differences, no quantity or count differences, no positional context differences, no structural characteristics differences, no text differences, no viewpoint perspective differences. The color and appearance are the same, and there are no changes in colors, lighting, or overall vibrancy. The core shape, material, and physical build of the object are the same. The camera angle, zoom level, and framing are the same.",,,,,,,,,
4792,6557,SigLIP2,0.9665257,CLIP,0.55790234,DINO,0.91472745,siglip2_caltech_blind_spots.csv,Caltech101,"The two images depict the same Suzuki RM-Z 450 motorcycle, but they are taken from different angles and perspectives. The first image is a frontal view, while the second image is a side view. The color and appearance of the motorcycle remain the same, but the angle and perspective change the way the motorcycle is presented.",1.0,0.0,0.0,0.0,0.0,0.0,0.0,0.0,1.0
4825,6005,SigLIP2,0.9520088,CLIP,0.4517017,DINO,0.90367055,siglip2_caltech_blind_spots.csv,Caltech101,"The two images are identical. They depict the same cartoon character, Garfield, in the same pose and color. The character is standing with one arm extended and the other arm bent at the elbow, and he is wearing a yellow shirt with a black collar. The background is a solid yellow color. There are no differences in the objects, their states, or their positions relative to each other or the background.",,,,,,,,,
3888,4825,SigLIP2,0.9502108,CLIP,0.45388818,DINO,0.9089297,siglip2_caltech_blind_spots.csv,Caltech101,"The two images are identical. They depict the same cartoon character, Garfield, in the same pose and orientation.",,,,,,,,,
4876,6443,SigLIP2,0.9646363,CLIP,0.37045646,DINO,0.96807295,siglip2_caltech_blind_spots.csv,Caltech101,"The two images depict the same airplane, but they are taken from different angles and perspectives. The first image shows the airplane from the side, while the second image shows it from the front. The orientation and direction of the airplane are different in the two images. The presence of features such as the tail, wings, and engines is the same in both images. The state and condition of the airplane appear to be the same in both images. The number of objects is the same in both images. The color and appearance of the airplane are the same in both images. The structural characteristics of the airplane are the same in both images. There are no differences in written words, numbers, or logos. The camera angle and framing are the same in both images. There are no differences in the viewpoint or perspective.",1.0,0.0,0.0,0.0,0.0,0.0,0.0,0.0,0.0
4902,5795,SigLIP2,0.95328635,CLIP,0.41365302,DINO,0.8384435,siglip2_caltech_blind_spots.csv,Caltech101,"The two images are identical. They depict the same person with the same hairstyle, facial features, and clothing. The background and objects in the image are also the same.",,,,,,,,,
3307,4902,SigLIP2,0.9505466,CLIP,0.3961467,DINO,0.8572502,siglip2_caltech_blind_spots.csv,Caltech101,"The two images appear to be identical. There are no differences in the objects, their states, or their positions. The colors, lighting, and overall appearance of the objects are also the same.",,,,,,,,,
4912,8596,SigLIP2,0.9787719,CLIP,0.3181005,DINO,0.99230975,siglip2_caltech_blind_spots.csv,Caltech101,"The two images depict the same tick, but they are in different orientations and positions. The first image is a frontal view of the tick, while the second image is a side view. The orientation and position of the tick in the two images are different.",1.0,0.0,0.0,0.0,0.0,0.0,0.0,0.0,0.0
5015,6866,SigLIP2,0.95081973,CLIP,0.5502457,DINO,0.825135,siglip2_caltech_blind_spots.csv,Caltech101,"The two images appear to be identical. There are no differences in the objects, their states, or their positions. The person's hair, clothing, and background are consistent between the two images.",,,,,,,,,
5240,8194,SigLIP2,0.9572969,CLIP,0.3474627,DINO,0.959131,siglip2_caltech_blind_spots.csv,Caltech101,The two images are identical. They depict the same woman with the same hairstyle and background.,,,,,,,,,
5268,8578,SigLIP2,0.9620005,CLIP,0.58297336,DINO,0.97446275,siglip2_caltech_blind_spots.csv,Caltech101,"The two images are identical. They depict the same person with the same hairstyle and facial features, wearing the same clothing, and with the same expression. The background and lighting are also the same in both images.",,,,,,,,,
5283,6431,SigLIP2,0.95415694,CLIP,0.5858145,DINO,0.97962004,siglip2_caltech_blind_spots.csv,Caltech101,"The two images depict the same tick, but they are oriented differently. The first image shows the tick from the side, while the second image shows it from the top. This difference in orientation affects the way the tick is perceived and can be considered a structural characteristic.",1.0,,,,,,1.0,,
5536,5548,SigLIP2,0.95181036,CLIP,0.15729755,DINO,0.8452049,siglip2_caltech_blind_spots.csv,Caltech101,"The two images appear to be identical. There are no differences in the objects, their states, or their positions. The background and the lighting are also the same in both images.",,,,,,,,,
5573,8464,SigLIP2,0.9520974,CLIP,0.34297097,DINO,0.75292796,siglip2_caltech_blind_spots.csv,Caltech101,"The two images appear to be identical. There are no differences in the objects, their states, or their positions. The colors, lighting, and overall appearance of the objects are also the same.",,,,,,,,,
5795,8464,SigLIP2,0.9505935,CLIP,0.36245048,DINO,0.7947273,siglip2_caltech_blind_spots.csv,Caltech101,"The two images are identical. They depict the same person with the same hairstyle, facial features, and clothing. The background and objects in the image are also the same.",,,,,,,,,
5850,7735,SigLIP2,0.97191894,CLIP,0.5975964,DINO,0.99576926,siglip2_caltech_blind_spots.csv,Caltech101,"{
  ""Explanation"": ""The two images depict a grand piano and a bench, respectively. The differences between them are as follows: 
  - The piano in the first image is black and has a shiny finish, while the piano in the second image is also black but has a matte finish.
  - The piano in the first image has a polished top and a polished bottom, while the piano in the second image has a matte top and a polished bottom.
  - The piano in the first image has a black bench, while the piano in the second image has a black bench with a wooden top.
  - The piano in the first image has a black stool, while the piano in the second image has a black stool with a wooden top.
  - The piano in the first image has a black keyboard, while the piano in the second image has a black keyboard with a white key.
  - The piano in the first image has a black bench, while the piano in the second image has a black bench with a wooden top.
  - The piano in the first image has a black stool, while the piano in the second image has a black stool with a wooden top.
  - The piano in the first image has a black keyboard, while the piano in the second image has a black keyboard with a white key.
  - The piano in the first image has a black bench, while the piano in the second image has a black bench with a wooden top.
  - The piano in the first image has a black stool, while the piano in the second image has a black stool with a wooden top.
  - The piano in the first image has a black keyboard, while the piano in the second image has a black keyboard with a white key.
  - The piano in the first image has a black bench, while the piano in the second image has a black bench with a wooden top.
  - The piano in the first image has a black stool, while the piano in the second image has a black stool with a wooden top.
  - The piano in the first image has a black keyboard, while the piano in the second image has a black keyboard with a white key.
  - The piano in the first image has a black bench, while the piano in the second image has a black bench with a wooden top.
  - The piano in the first image has a black stool, while the piano in the second image has a black stool with a wooden top.
  - The piano in the first image has a black keyboard,",,,,,,,,,
5926,5996,SigLIP2,0.9563905,CLIP,0.48895812,DINO,0.9220815,siglip2_caltech_blind_spots.csv,Caltech101,"The two images are identical. They depict the same cartoon character, Garfield, in the same pose and background.",,,,,,,,,
5979,8016,SigLIP2,0.97464764,CLIP,0.4119376,DINO,0.96415627,siglip2_caltech_blind_spots.csv,Caltech101,"The two images depict the same lobster, but they are in different orientations and positions. The first image is a 3D rendering of the lobster, while the second image is a photograph of the same lobster. The orientation and position of the lobster are different in the two images.",1.0,0.0,0.0,0.0,1.0,0.0,0.0,0.0,0.0
5996,6005,SigLIP2,0.9615197,CLIP,0.48275536,DINO,0.9171312,siglip2_caltech_blind_spots.csv,Caltech101,"The two images are identical. They depict the same cartoon character, Garfield, standing upright with his arms outstretched. The background is the same yellow color, and there are no differences in the character's appearance or the objects in the image.",,,,,,,,,
6030,6128,SigLIP2,0.95554477,CLIP,0.29231858,DINO,0.6147915,siglip2_caltech_blind_spots.csv,Caltech101,"The two images appear to be identical. They show the same person with the same hairstyle and makeup, wearing the same clothing, and in the same setting. There are no differences in the objects, their states, or their positions relative to each other or the background.",,,,,,,,,
6136,6857,SigLIP2,0.9560039,CLIP,0.35692436,DINO,0.85200965,siglip2_caltech_blind_spots.csv,Caltech101,"The two images appear to be identical. There are no differences in the objects, their states, or their positions. The colors, lighting, and overall appearance of the objects are also the same.",,,,,,,,,
6249,7263,SigLIP2,0.953949,CLIP,0.5328516,DINO,0.75739586,siglip2_caltech_blind_spots.csv,Caltech101,"The two images appear to be identical. There are no differences in the objects, their states, or their positions. The man's hairstyle, facial hair, and background remain unchanged.",,,,,,,,,
6385,6438,SigLIP2,0.98488814,CLIP,0.49896067,DINO,0.98493314,siglip2_caltech_blind_spots.csv,Caltech101,The two images are identical. They both depict a red octagonal stop sign with the word 'STOP' written in white letters.,1.0,1.0,1.0,1.0,1.0,1.0,1.0,1.0,1.0
6385,8367,SigLIP2,0.982761,CLIP,0.45605248,DINO,0.98594993,siglip2_caltech_blind_spots.csv,Caltech101,The two images are identical. They both depict a red octagonal stop sign with the word 'STOP' written in white letters.,,,,,,,,,
6385,7763,SigLIP2,0.98069197,CLIP,0.5025664,DINO,0.96862996,siglip2_caltech_blind_spots.csv,Caltech101,The two images are identical. They both depict a red octagonal stop sign with the word 'STOP' written in white letters.,,,,,,,,,
6443,7940,SigLIP2,0.95089006,CLIP,0.51364416,DINO,0.9453569,siglip2_caltech_blind_spots.csv,Caltech101,"The two images depict the same airplane, but they are taken from different angles. The first image shows the airplane from the side, while the second image shows it from the front. The orientation and direction of the airplane are different in the two images.",1.0,,,,,,,,
6584,8550,SigLIP2,0.97543013,CLIP,0.41615695,DINO,0.89416516,siglip2_caltech_blind_spots.csv,Caltech101,"The two images depict the same symbol, the Yin-Yang symbol, which represents balance and harmony. The differences between the two images are minimal and do not affect the overall meaning or interpretation of the symbol.",,,,,,,,,
6639,8445,SigLIP2,0.9850812,CLIP,0.33701354,DINO,0.941694,siglip2_caltech_blind_spots.csv,Caltech101,"The two images are identical. They both depict a red octagonal stop sign with white text. The signs are placed against a gray background, and there are no differences in their orientation, presence of features, state and condition, quantity and count, positional context, structural characteristics, text, viewpoint perspective, or color and appearance.",,,,,,,,,
6639,7763,SigLIP2,0.98166406,CLIP,0.32172287,DINO,0.9264667,siglip2_caltech_blind_spots.csv,Caltech101,"The two images are identical. They both depict a red octagonal stop sign with white text. The sign is placed against a black background, and there are no differences in the objects' states, conditions, or quantities. The orientation and direction are consistent, and the text and background color are the same. The structural characteristics, color, appearance, and viewpoint perspective are also identical.",0.0,0.0,0.0,0.0,0.0,0.0,0.0,0.0,0.0
6385,6639,SigLIP2,0.9794484,CLIP,0.34695244,DINO,0.93308216,siglip2_caltech_blind_spots.csv,Caltech101,The two images are identical. They both depict a red octagonal stop sign with the word 'STOP' written in white letters.,,,,,,,,,
6639,7952,SigLIP2,0.9789685,CLIP,0.3508976,DINO,0.9244282,siglip2_caltech_blind_spots.csv,Caltech101,"The two images are identical. They both depict a red octagonal stop sign with white text. The sign is placed against a black background, and there are no differences in the objects' states, conditions, or quantities. The orientation and direction of the sign are consistent, and there are no specific parts or small details added or missing. The state and condition of the sign is the same, and there is no difference in the number of objects. The colors and appearance of the sign are the same, and there are no structural characteristics differences. The text is the same, and there is no difference in the camera angle or framing. Therefore, the differences fall into the category of no difference.",,,,,,,,,
6857,8464,SigLIP2,0.9585161,CLIP,0.51445055,DINO,0.76930106,siglip2_caltech_blind_spots.csv,Caltech101,"The two images appear to be identical. There are no differences in the objects, their states, or their positions. The colors, lighting, and overall appearance of the objects are also the same.",,,,,,,,,
6866,8464,SigLIP2,0.9660812,CLIP,0.5605613,DINO,0.7796003,siglip2_caltech_blind_spots.csv,Caltech101,"The two images appear to be identical. There are no differences in the objects, their states, or their positions. The colors, lighting, and overall appearance of the objects are also the same.",,,,,,,,,
6857,6866,SigLIP2,0.95101035,CLIP,0.47800693,DINO,0.91273427,siglip2_caltech_blind_spots.csv,Caltech101,"The two images appear to be identical. There are no differences in the objects, their states, or their positions. The colors, lighting, and overall appearance of the objects are also the same.",,,,,,,,,
7259,8637,SigLIP2,0.9543183,CLIP,0.30398875,DINO,0.79944825,siglip2_caltech_blind_spots.csv,Caltech101,"The two images appear to be identical. There are no differences in the objects, their states, or their positions. The lighting and colors are also consistent between the two images.",,,,,,,,,
7670,8035,SigLIP2,0.95799565,CLIP,0.48002684,DINO,0.8678276,siglip2_caltech_blind_spots.csv,Caltech101,"The two images appear to be identical. There are no differences in the objects, their states, or their positions. The lighting and colors are also consistent between the two images.",,,,,,,,,
7763,8445,SigLIP2,0.9843992,CLIP,0.48470512,DINO,0.95405805,siglip2_caltech_blind_spots.csv,Caltech101,The two images are identical. They depict the same stop sign with the word 'STOP' in white letters on a red octagonal background.,,,,,,,,,
6385,7952,SigLIP2,0.9772605,CLIP,0.5346077,DINO,0.9607689,siglip2_caltech_blind_spots.csv,Caltech101,The two images are identical. They both depict a red octagonal stop sign with the word 'STOP' written in white letters on a red background.,1.0,1.0,1.0,1.0,1.0,1.0,1.0,1.0,1.0
6385,8134,SigLIP2,0.97138226,CLIP,0.4813683,DINO,0.8732776,siglip2_caltech_blind_spots.csv,Caltech101,The two images are identical. They both depict a red octagonal stop sign with the word 'STOP' written in white letters.,,,,,,,,,
8206,8637,SigLIP2,0.9513691,CLIP,0.4414485,DINO,0.80690885,siglip2_caltech_blind_spots.csv,Caltech101,"The two images appear to be identical. There are no differences in the objects, their states, or their positions. The lighting and colors are also consistent between the two images.",,,,,,,,,
8367,8445,SigLIP2,0.97267413,CLIP,0.41897568,DINO,0.9671836,siglip2_caltech_blind_spots.csv,Caltech101,The two images are identical. They both depict a red octagonal stop sign with the word 'STOP' written in white letters.,0.0,1.0,1.0,1.0,1.0,1.0,1.0,1.0,1.0
8134,8371,SigLIP2,0.9596498,CLIP,0.38097948,DINO,0.8791876,siglip2_caltech_blind_spots.csv,Caltech101,"The two images are identical. They both contain a red octagonal stop sign with the word 'STOP' written in white letters. The signs are placed against a green background, and there are no differences in their orientation, presence of features, state and condition, number and count, positional context, color and appearance, structural characteristics, text, viewpoint perspective, or any other aspect.",,,,,,,,,
8371,8445,SigLIP2,0.9581535,CLIP,0.371728,DINO,0.94526947,siglip2_caltech_blind_spots.csv,Caltech101,The two images are identical. They both depict a red stop sign with a white border and a green background.,1.0,1.0,1.0,1.0,1.0,1.0,1.0,1.0,1.0
1929,8371,SigLIP2,0.9574866,CLIP,0.3908248,DINO,0.9419998,siglip2_caltech_blind_spots.csv,Caltech101,"The two images are identical. They both depict a red octagonal stop sign with the word 'STOP' written in white letters. The signs are placed against a green background, and there are no differences in their orientation, presence of features, state and condition, number and count, positional context, color and appearance, structural characteristics, text, viewpoint perspective, or any other aspect.",,,,,,,,,
6639,8371,SigLIP2,0.9527323,CLIP,0.29513854,DINO,0.9312255,siglip2_caltech_blind_spots.csv,Caltech101,The two images are identical. They both depict a red octagonal stop sign with white text. The sign is placed against a green background.,,,,,,,,,
3609,8550,SigLIP2,0.9676878,CLIP,0.41290927,DINO,0.8915771,siglip2_caltech_blind_spots.csv,Caltech101,"The two images are identical. They depict the same symbol, the Yin-Yang symbol, which represents balance and harmony.",,,,,,,,,
1732,8550,SigLIP2,0.96657455,CLIP,0.37780684,DINO,0.92461485,siglip2_caltech_blind_spots.csv,Caltech101,"The two images are identical. They depict the same symbol, the Yin-Yang symbol, which represents balance and harmony.",,,,,,,,,
3949,8550,SigLIP2,0.9664993,CLIP,0.4155951,DINO,0.9378996,siglip2_caltech_blind_spots.csv,Caltech101,"The two images are identical. They depict the same symbol, the Yin-Yang symbol, which consists of two circles with a dot in the center, representing the balance and harmony between yin and yang forces.",,,,,,,,,
6005,8663,SigLIP2,0.95295334,CLIP,0.51045966,DINO,0.919711,siglip2_caltech_blind_spots.csv,Caltech101,"The two images are identical. They depict the same cartoon character, Garfield, in the same pose and color scheme.",,,,,,,,,
3888,8663,SigLIP2,0.95092607,CLIP,0.51543224,DINO,0.91952264,siglip2_caltech_blind_spots.csv,Caltech101,"The two images are identical. They depict the same cartoon character, Garfield, in the same pose and background.",,,,,,,,,
561,4776,SigLIP,0.9551352,CLIP,0.68415654,DINO,0.25177938,siglip_caltech_blind_spots.csv,Caltech101,"The two images depict the same airplane, but they are from different times. The first image is from the 1980s, while the second image is from the 1990s. The differences include the color scheme, the logo, and the overall design of the airplane. The first image has a red and green color scheme, while the second image has a more muted color scheme. The logo on the first image is a stylized bird, while the logo on the second image is a more traditional design. The overall design of the airplane in the first image is more streamlined and modern, while the second image has a more vintage look.",,,,,,1.0,,,
5264,5818,SigLIP,0.9539683,CLIP,0.6500058,DINO,-0.010897517,siglip_caltech_blind_spots.csv,Caltech101,"The two images depict the same airplane, but they are taken from different angles. The first image shows the airplane from the side, while the second image shows it from the front. The orientation and direction of the airplane are different in the two images.",1.0,,,,,,,,
5818,6132,SigLIP,0.9518752,CLIP,0.6428739,DINO,-0.00031297863,siglip_caltech_blind_spots.csv,Caltech101,"{
  ""Explanation"": ""The two images depict the same airplane, but they are from different airlines. The first image shows a plane from the airline ""Jerez Aerolíneas"", while the second image shows a plane from the airline ""American Airlines"". The main difference is the airline logo and branding, which are different in each image."",
  ""Orientation_And_Direction"": null,
  ""Presence_Of_Features"": null,
  ""State_And_Condition"": null,
  ""Quantity_And_Count"": null,
  ""Positional_Context"": null,
  ""Color_And_Appearance"": null,
  ""Structural_Characteristics"": null,
  ""Text"": null,
  ""Viewpoint_Perspective"": null
}",,,,,,,,,
