;id_1;id_2;base_name;score_base;ref_1_name;score_ref_1;ref_2_name;score_ref_2
0;561;4776;SigLIP;0.9551352;CLIP;0.68415654;DINO;0.25177938
1;5264;5818;SigLIP;0.9539683;CLIP;0.6500058;DINO;-0.010897517
2;5818;6132;SigLIP;0.9518752;CLIP;0.6428739;DINO;-0.00031297863
