id_1;id_2;base_name;score_base;ref_1_name;score_ref_1;ref_2_name;score_ref_2;qwen_description;source_file
37210;40880;CLIP;0.9509709;SigLIP;0.46811828;DINO;0.5597956;"The image on the left depicts a monkey sitting on a tree branch in a forested area. The monkey has a black and brown fur pattern, with a black face and ears. The background is filled with green foliage, indicating a dense forest environment. The lighting is natural, with sunlight filtering through the leaves, creating a bright and clear image.

The image on the right appears to be a duplicate of the first image, but it has been altered in a way that makes it look different. The monkey's fur pattern has been altered to have a more uniform black color, and the background has been changed to a more blurred and less detailed image. The lighting and shadows have also been altered, making the image appear less clear and more abstract. Additionally,";similarity_results\clip_imagenet_test_blind_spots.csv
45298;67844;CLIP;0.9510962;SigLIP;0.5838065;DINO;0.5189403;The image on the left is a close-up of a spider, while the image on the right is a similar scene but with a different perspective. The spider in the left image is positioned in the center of the frame, with its body and legs clearly visible. The spider in the right image is slightly tilted, with its body and legs appearing to be in a different orientation. Additionally, the background in the right image is more blurred, which makes it difficult to discern any specific details. The colors and saturation of the spider in the left image are more vibrant, with a clear distinction between the spider and the background. In contrast, the spider in the right image has a more muted color palette, with less contrast between the spider and the background. The;similarity_results\clip_imagenet_test_blind_spots.csv
4627;97117;DINO;0.9658226;SigLIP;0.21919316;CLIP;0.563776;"The two images provided are of the same object, a single-action Army revolver, but they are presented in different orientations and with different backgrounds. The first image shows the revolver with its barrel pointing upwards, while the second image shows it with its barrel pointing downwards. The background in the first image is a wooden surface, while in the second image, it is a leather surface with a watch and coins on it. Additionally, the text on the cover of the book is different in the two images. The first image has the text ""A Study of the Colt Single Action Army Revolver"" and ""A Thirty Year Anniversary Edition,"" while the second image has the text ""A Study of the Colt Single Action Army Revolver"" and ""A Thirty Year Anniversary";similarity_results\dino_imagenet_test_blind_spots.csv
20276;97117;DINO;0.95963824;SigLIP;0.18290946;CLIP;0.5962899;"The image on the left is a photograph of a revolver and its accessories, while the image on the right is a book cover. The differences between the two images are as follows:

1. **Background Details**: The background in the left image is a wooden floor with a pattern, while the background in the right image is a leather surface with a pattern.
2. **Lighting and Shadows**: The lighting and shadows in the left image are more even, with no harsh shadows, while the shadows in the right image are more pronounced and create a more dramatic effect.
3. **Colors and Saturation**: The colors in the left image are more muted, with a cooler tone, while the colors in the right image are more saturated, with a warmer";similarity_results\dino_imagenet_test_blind_spots.csv
22944;26759;DINO;0.951725;SigLIP;0.5175375;CLIP;0.63925993;"The image on the left is a close-up of a white and blue iron with a green steam release valve. The iron has a white handle with a blue knob and a white dial with a blue center. The steam release valve is located on the left side of the iron, and the dial is located on the right side. The iron is placed on a wooden surface with a brown background.

The image on the right is a close-up of the same iron, but it is placed on a wooden table with a brown background. The iron is still white and blue, but the steam release valve is missing. The dial is also missing, and the iron is placed on a wooden surface with a brown background. The background details, lighting, colors, and";similarity_results\dino_imagenet_test_blind_spots.csv
23023;26759;DINO;0.95602655;SigLIP;0.56233907;CLIP;0.6373043;The image on the left is a white and green iron with a green handle and a white soleplate. The image on the right is a white and green iron with a green handle and a white soleplate. The main difference is the color of the handle and soleplate. The left image has a green handle and soleplate, while the right image has a white handle and soleplate. Additionally, the left image has a white soleplate, while the right image has a green soleplate. The rest of the image, including the background, lighting, colors, and small details, are identical.;similarity_results\dino_imagenet_test_blind_spots.csv
25927;59474;DINO;0.9531877;SigLIP;0.5479331;CLIP;0.5901686;"The image on the left is a blue hourglass with a white sand inside, placed on a white background. The hourglass has a clear glass body with a metal frame. The sand is slowly flowing down the hourglass, indicating that it is time to measure the passage of time.

The image on the right is also a blue hourglass with a white sand inside, but it is placed on a white background with a different lighting setup. The lighting is brighter, and the shadows are more pronounced. The colors are slightly different, with the right image having a more vibrant and saturated look.

The hourglass on the right is slightly rotated compared to the hourglass on the left. Additionally, there is a small text label on the right image that is";similarity_results\dino_imagenet_test_blind_spots.csv
26759;74766;DINO;0.9557512;SigLIP;0.48256448;CLIP;0.649453;"The image on the left is a Philips Prima GC 1420 steam iron, while the image on the right is a Tefal Prima steam iron. The most noticeable difference is the brand name and model number. The Philips iron has the brand name ""PHILIPS"" and the model number ""GC 1420"" printed on the front, while the Tefal iron has the brand name ""TEFAL"" and the model number ""Prima"" printed on the front. Additionally, the Tefal iron has a different handle design and a different color scheme. The Tefal iron has a green handle with a white base, while the Philips iron has a white handle with a green base. The";similarity_results\dino_imagenet_test_blind_spots.csv
26759;78094;DINO;0.9528135;SigLIP;0.5153575;CLIP;0.63453245;"The image on the left is a Tefal Prima steam iron, while the image on the right is a different model of Tefal Prima steam iron. The differences between the two images are:

1. The background in the left image is a plain white wall, while the background in the right image is a wooden wall with a textured surface.
2. The lighting in the left image is bright and even, while the lighting in the right image is softer and more diffused.
3. The colors in the left image are more vibrant and saturated, with a blue and green color scheme, while the colors in the right image are more muted and less vibrant.
4. The object positions and sizes are slightly different, with the left image";similarity_results\dino_imagenet_test_blind_spots.csv
36191;41524;DINO;0.9709717;SigLIP;0.4741062;CLIP;0.61723495;"The image on the left is a close-up of a pair of green knitted socks. The socks have a complex, intricate pattern with a combination of vertical and horizontal ribbing, creating a textured and visually appealing design. The background is plain and neutral, which helps to highlight the socks.

The image on the right is a similar pair of green knitted socks, but it is cropped and framed differently. The socks are still green, but the background is now a solid, neutral color, and the framing is more rectangular. The cropping and framing have changed, making the socks appear more like a single image rather than a pair.

The main difference between the two images is the framing and background. The left image has a plain, neutral background, while";similarity_results\dino_imagenet_test_blind_spots.csv
41692;97117;DINO;0.95785844;SigLIP;0.2901374;CLIP;0.52434474;"The image on the left is a photograph of a Colt Single Action Army revolver, while the image on the right is a book cover. The main difference between the two images is the content of the book cover. The book cover features a photograph of the revolver, while the book itself is a book titled ""A Study of the Colt Single Action Army Revolver: A Thirty Year Anniversary Edition."" The book cover also includes a pocket watch, coins, and a leather holster, which are not present in the photograph of the revolver. Additionally, the text on the book cover is different from the text on the photograph of the revolver.";similarity_results\dino_imagenet_test_blind_spots.csv
41825;97117;DINO;0.950397;SigLIP;0.25305256;CLIP;0.5622988;"The image on the left is a photograph of a single-action revolver, while the image on the right is a book cover. The differences between the two images are subtle but noticeable. The photograph shows a revolver with a wooden grip and a wooden background, while the book cover features a different background with a leather pouch, coins, and a pocket watch. The text on the book cover is also different, with the title ""A Study of the Colt Single Action Army Revolver"" and the subtitle ""A Thirty Year Anniversary Edition."" Additionally, the book cover has a different layout and design compared to the photograph. The photograph has a more realistic and detailed representation of the revolver, while the book cover has a more artistic and stylized design.";similarity_results\dino_imagenet_test_blind_spots.csv
45944;70931;DINO;0.95764196;SigLIP;0.090243936;CLIP;0.6394628;"The image on the left is a detailed and realistic depiction of a bookshelf filled with various books. The books are arranged in a neat and organized manner, with the titles and authors clearly visible. The background features a dark, textured wall with a few decorative elements, such as a framed picture and a candle. The lighting is soft and warm, casting gentle shadows that enhance the depth and texture of the books and the shelf.

The image on the right is a digital rendering of the same bookshelf, but it appears to be a more stylized and abstract representation. The books are still present, but they are depicted in a more abstract and less realistic manner. The background is also more minimalistic, with a plain wall and a few abstract shapes.";similarity_results\dino_imagenet_test_blind_spots.csv
52137;97117;DINO;0.9614887;SigLIP;0.2519217;CLIP;0.5974382;"The images provided are a pair of visual blind spots, which are pairs that look similar but contain real, specific differences. In this case, the differences are subtle but noticeable.

The first image shows a revolver with a wooden grip and a plaid background. The second image shows a book cover with a similar revolver on the cover. The main difference between the two images is the background. The first image has a plaid background, while the second image has a brown leather background with a pocket watch and coins on it.

The lighting and shadows in both images are similar, with the revolver being the main focus. The colors and saturation are also similar, with the revolver being a dark metallic color and the background being a muted brown.

The small details,";similarity_results\dino_imagenet_test_blind_spots.csv
53323;97117;DINO;0.95466447;SigLIP;0.2458676;CLIP;0.58714056;"The image on the left is a photograph of a Colt Single Action Army revolver, while the image on the right is a book cover. The main difference between the two images is the content of the book cover. The book cover features a photograph of the revolver, while the book itself is a book titled ""A Study of the Colt Single Action Army Revolver: A Thirty Year Anniversary Edition."" The book cover also includes a photograph of a pocket watch and a pair of boots, which are not present in the photograph of the revolver. Additionally, the book cover has a different layout and design compared to the photograph of the revolver.";similarity_results\dino_imagenet_test_blind_spots.csv
59090;97117;DINO;0.9525174;SigLIP;0.3381502;CLIP;0.60742354;"The two images provided are a pair of images that appear to be identical but contain real, specific differences. The differences are subtle but noticeable, and they are primarily in the background details, lighting, colors, object positions, sizes, and orientations, as well as in the small details such as text, logos, accessories, and decorations.

1. **Background Details**: The background in the first image has a more intricate and detailed pattern, while the second image has a simpler and less detailed pattern. The first image also has a more prominent and detailed background texture, while the second image has a more subtle and less detailed texture.

2. **Lighting and Shadows**: The lighting and shadows in the first image are more pronounced and varied, while the second";similarity_results\dino_imagenet_test_blind_spots.csv
64362;97117;DINO;0.96232074;SigLIP;0.25817445;CLIP;0.57566607;The two images provided are of a single-action Army revolver, but they are different in several ways. The first image shows the revolver with a leather holster and a pocket watch, while the second image shows the revolver without the holster and without the pocket watch. Additionally, the second image has a different background and lighting, with a more muted color palette and a different texture. The text on the cover of the book is also different, with the first image having a more colorful and vibrant text, while the second image has a more subdued and muted text. The cropping and framing of the images are also different, with the first image showing the revolver from a side angle, while the second image shows the revolver from a front angle.;similarity_results\dino_imagenet_test_blind_spots.csv
65621;67212;DINO;0.9586208;SigLIP;0.33363754;CLIP;0.6101877;The image on the left is a thimble with a white ceramic body and a gold rim. The thimble has a red rose and olive branch design on it. The background is a quilted surface with a purple and white pattern. The image on the right is also a thimble, but it is a different design. The thimble has a white ceramic body with a gold rim and a red rose and olive branch design. The background is a quilted surface with a purple and white pattern. The main difference between the two images is the design of the thimble. The image on the left has a red rose and olive branch design, while the image on the right has a different design.;similarity_results\dino_imagenet_test_blind_spots.csv
87021;97117;DINO;0.9505675;SigLIP;0.22169554;CLIP;0.56405586;"The image on the left is a book cover featuring a photograph of a Colt Single Action Army revolver. The cover is titled ""A Study of the Colt Single Action Army Revolver: A Thirty Year Anniversary Edition."" The book appears to be a detailed study or guide on the Colt revolver, likely providing information on its history, design, and use.

The image on the right is a photograph of a pocket watch and a coin. The pocket watch is silver-colored with a white face and black numerals, and it is placed on a brown leather surface. The coin is a quarter, and it is placed on the same surface as the pocket watch.

The differences between the two images are as follows:

1. **Background Details**: The background in the left";similarity_results\dino_imagenet_test_blind_spots.csv
90520;97117;DINO;0.951946;SigLIP;0.3952955;CLIP;0.5672998;The image on the left is a close-up of a single-action revolver, while the image on the right is a book cover. The main difference between the two images is the content and context. The book cover features a detailed illustration of a single-action revolver, while the image on the left shows a close-up of the revolver with additional objects such as a pocket watch, bullets, and coins. The background of the book cover is a collage of various images, including a red and white poster with a political message, while the image on the left has a more muted and less detailed background. The lighting and shadows in the book cover are more even and consistent, while the image on the left has a more dynamic lighting that highlights the textures and details of;similarity_results\dino_imagenet_test_blind_spots.csv
130;35623;SigLIP2;0.9535849;CLIP;0.58107173;DINO;0.17573161;"The image on the left shows a person sitting at a table with a plate of food in front of them. The person is wearing a yellow shirt with a pink and white striped pattern and glasses. The food on the plate includes a burrito with some toppings, a glass of water, and a straw. The background is dark, and the lighting is low, creating a moody atmosphere.

The image on the right shows the same person sitting at the same table with the same plate of food. However, the person is now holding a large, round, yellow object in their hands, which appears to be a pretzel. The background is also dark, and the lighting is similar to the first image, creating a similar moody atmosphere.

The main";similarity_results\siglip2_imagenet_test_blind_spots.csv
572;78263;SigLIP2;0.95882785;CLIP;0.57483;DINO;0.082709774;The image on the left is a clear glass measuring cup with a green handle and a red scale. The cup has markings for measuring cups and a liquid level indicator. The image on the right is a blue magnifying glass with a blue handle and a red logo. The magnifying glass has a circular lens and a handle with a logo on it. The main difference between the two images is the color and design of the objects. The measuring cup is clear and has a green handle, while the magnifying glass is blue and has a red logo. The magnifying glass also has a circular lens and a handle with a logo on it. The background of both images is white, and there are no other objects or details visible in the images.;similarity_results\siglip2_imagenet_test_blind_spots.csv
646;63528;SigLIP2;0.9561007;CLIP;0.26546997;DINO;-0.032665607;"The image on the left is a photograph of two polar bears playing in the snow. The background is a plain, light blue color, and the lighting is natural, suggesting it was taken during the day. The bears are in close proximity to each other, with one bear sitting on top of the other, and they appear to be engaging in a playful interaction.

The image on the right is a digital artwork that appears to be a stylized representation of the same scene. The background is also light blue, and the lighting is consistent with the natural light of the daytime. However, the color palette is more muted and the overall style is more abstract and less detailed compared to the photograph.

The most noticeable difference between the two images is the lack of color";similarity_results\siglip2_imagenet_test_blind_spots.csv
646;84404;SigLIP2;0.9506455;CLIP;0.33122057;DINO;-0.04034052;The two images provided are identical in terms of content and context. They depict two polar bears and a young girl, respectively, in a snowy environment. The background is consistent, with a snowy landscape and a clear sky. The lighting and shadows are also identical, with no noticeable differences in the shadows cast by the subjects or the environment. The colors and saturation are also the same, with no visible color shifts or variations. The object positions, sizes, and orientations are identical, with the polar bears and the girl in the same relative positions and sizes. The small details, such as text, logos, accessories, and decorations, are also identical. The cropping and framing are also identical, with the subjects and background elements in the same relative positions and sizes;similarity_results\siglip2_imagenet_test_blind_spots.csv
1320;67142;SigLIP2;0.95374036;CLIP;0.60280734;DINO;0.288077;"The image on the left is a metallic object with a dome-shaped top and a cylindrical base. The top is smooth and shiny, while the base has a slightly textured surface. The object is placed on a neutral background.

The image on the right is a ceramic object with a similar shape but different details. The top is also dome-shaped but has a more textured surface. The base is cylindrical with a slightly raised rim. The object is also placed on a neutral background.

The main difference between the two images is the material and texture of the objects. The metallic object is shiny and smooth, while the ceramic object has a more textured surface. Additionally, the ceramic object has a different pattern on the top and base, which is not present on the metallic";similarity_results\siglip2_imagenet_test_blind_spots.csv
1320;32903;SigLIP2;0.9514687;CLIP;0.60505974;DINO;0.17258234;The image on the left is a silver-colored object with a dome-shaped top and a cylindrical base. The top is smooth and shiny, while the base has a glossy finish. The object is adorned with a green and white pattern of leaves and branches on a white background. The image on the right is a ceramic object with a similar design but with a different color scheme. The top of the ceramic object is also smooth and shiny, but the base is white with a green and white pattern of leaves and branches on a white background. The two objects are similar in design and color scheme, but there are subtle differences in the texture and finish of the ceramic object.;similarity_results\siglip2_imagenet_test_blind_spots.csv
1370;43200;SigLIP2;0.953222;CLIP;0.54323184;DINO;0.31002027;"The image on the left is a nighttime photograph of a fountain with a three-tiered structure, featuring a large, ornate basin at the bottom and two smaller basins above it. The fountain is illuminated by spotlights, creating a dramatic effect. In the background, there is a tall, slender tower with a pointed top, which appears to be the Space Needle in Seattle, Washington. The tower is illuminated, and its lights are visible in the image.

The image on the right is a nighttime photograph of the same fountain, but with the addition of the Space Needle in the background. The Space Needle is also illuminated, and its lights are visible in the image. The background of the right image includes additional elements, such as a building with a";similarity_results\siglip2_imagenet_test_blind_spots.csv
1487;64191;SigLIP2;0.95199573;CLIP;0.5576972;DINO;-0.0067680553;"The image on the left is a photograph of a bear and a monkey in a natural setting. The bear is standing on its hind legs in the water, while the monkey is sitting on a branch. The background features a river with white water and some trees. The image is labeled with the watermark ""ARKIVE www.arkive.org"".

The image on the right is a photograph of a bear and a monkey in a zoo setting. The bear is standing on its hind legs in the water, while the monkey is sitting on a branch. The background features a zoo enclosure with a tree and some greenery. The image is labeled with the watermark ""Lynn M. Stone www.flpa-images.co.uk"".

The main differences between the two images are";similarity_results\siglip2_imagenet_test_blind_spots.csv
1896;80999;SigLIP2;0.9539339;CLIP;0.54613775;DINO;0.5989179;"The image on the left is of a perfume bottle and box labeled ""Cacharel Noa Perle Women."" The bottle is a translucent blue with a clear top, and the box is also blue with a gradient effect. The text on the bottle and box is in white and black, respectively. The background is a gradient of blue shades.

The image on the right is of a perfume bottle and box labeled ""Davidoff Cool Water Deep Men."" The bottle is a deep blue with a clear top, and the box is also blue with a gradient effect. The text on the bottle and box is in white and black, respectively. The background is a gradient of blue shades.

The main difference between the two images is the brand and the gender of";similarity_results\siglip2_imagenet_test_blind_spots.csv
2651;20900;SigLIP2;0.95934576;CLIP;0.58769935;DINO;0.019615993;"The image on the left is a photograph of a dragonfly perched on a branch. The dragonfly has a black and yellow pattern on its wings and is perched on a dry, brownish branch. The background is a blurred green, suggesting a natural outdoor setting.

The image on the right is a photograph of a goose standing in water. The goose has a brown and white plumage with a black head and neck. The background is a blurred green, indicating a natural outdoor setting as well.

The differences between the two images are subtle but noticeable. The dragonfly has a black and yellow pattern on its wings, while the goose has a brown and white plumage with a black head and neck. The dragonfly is perched on a";similarity_results\siglip2_imagenet_test_blind_spots.csv
4241;93424;SigLIP2;0.9504566;CLIP;0.55416167;DINO;0.028690638;"The image on the left depicts a frog and a weevil on a leaf. The frog is a light brown color with a greenish hue on its back, and it has a long, thin snout. The weevil is green with a metallic sheen and has long, thin legs. The frog is sitting on the leaf, and the weevil is on top of it. The background is a mix of brown and green, with some leaves and dirt visible.

The image on the right shows the same frog and weevil on the same leaf, but the frog is now sitting on a branch. The background is still a mix of brown and green, with some leaves and dirt visible. The lighting and shadows are similar to the first image,";similarity_results\siglip2_imagenet_test_blind_spots.csv
5118;20900;SigLIP2;0.9586444;CLIP;0.6445997;DINO;-0.018631602;The image on the left is a photograph of a butterfly perched on a yellow flower. The butterfly has a green body with black and yellow markings on its wings. The background is blurred, emphasizing the butterfly and the flower. The image on the right is a photograph of a goose standing in water. The goose has a gray and white body with a black head and neck. The background is also blurred, but the goose is clearly visible. The goose is bending down to drink water, and its reflection is visible in the water. The colors and lighting in both images are similar, but there are subtle differences in the positioning and orientation of the goose and the butterfly. The goose is slightly tilted, and the butterfly is facing the opposite direction. Additionally,;similarity_results\siglip2_imagenet_test_blind_spots.csv
5746;55321;SigLIP2;0.95662934;CLIP;0.592006;DINO;0.24987054;"The image on the left is a portable cassette player connected to a laptop via a cable. The player has a rectangular shape with a silver and black color scheme. The front panel features a button and a small screen, and there are two speakers on either side of the player. The laptop in the background has a blue and black color scheme with a visible screen and keyboard.

The image on the right is a laptop with a blue and black color scheme. The laptop has a larger screen and keyboard compared to the portable cassette player. The laptop is open and appears to be turned on, with a visible operating system interface on the screen.

The main difference between the two images is the presence of the portable cassette player in the first image and the laptop in the";similarity_results\siglip2_imagenet_test_blind_spots.csv
6111;46321;SigLIP2;0.9559234;CLIP;0.54499406;DINO;0.017762033;"The image on the left depicts a rugged coastal landscape with a prominent cliff and a lighthouse perched on top. The cliff is covered in vegetation and has a rugged, rocky surface. The lighthouse is white and stands out against the natural surroundings. The background features a clear blue sky and a distant coastline with buildings.

The image on the right shows a similar coastal landscape but with a stark difference in the background. The background is a barren, rocky landscape with no visible buildings or vegetation. The sky is also clear, but the lighting appears to be different, with a more pronounced shadow cast by the cliff. The overall color palette is different, with a more muted and earthy tone.

The most noticeable difference is the absence of the lighthouse and";similarity_results\siglip2_imagenet_test_blind_spots.csv
6347;6509;SigLIP2;0.9508369;CLIP;0.61949575;DINO;0.10821606;"The image on the left is a ceramic vase with a handle and a greenish-blue glaze. The vase has intricate patterns and designs, including floral and geometric motifs. The background is a plain, neutral color, and the lighting is even, casting soft shadows on the vase.

The image on the right is a bronze breastplate with a muscular torso design. The breastplate is also greenish-blue and has a similar pattern of floral and geometric motifs. However, the background is a different color, and the lighting is harsher, casting more pronounced shadows. The overall color saturation is lower, and there are more visible details, such as the texture of the bronze and the slight variations in color.

The main difference between the two images is the background";similarity_results\siglip2_imagenet_test_blind_spots.csv
8015;48019;SigLIP2;0.9660553;CLIP;0.62142694;DINO;0.088089086;The image on the left is of a wolf, while the image on the right is of a hare. The wolf has a more rugged and textured coat with a mix of brown and gray colors, while the hare has a smoother and more uniform coat with a lighter brown color. The wolf's ears are pointed and upright, while the hare's ears are more rounded and floppy. The wolf's eyes are a darker green, while the hare's eyes are a lighter green. The wolf's nose is black, while the hare's nose is white. The wolf's fur is more dense and thick, while the hare's fur is more sparse and fine. The wolf's mouth is closed, while the hare's mouth is open. The wolf's tail is;similarity_results\siglip2_imagenet_test_blind_spots.csv
9059;95458;SigLIP2;0.9645169;CLIP;0.64716196;DINO;0.085383564;The image on the left is a photograph of a bear in a river, while the image on the right is a digital painting of the same bear. The differences between the two images are subtle but noticeable. The bear in the photograph has a more realistic appearance, with detailed fur and a more natural color palette. The bear in the painting has a more stylized appearance, with less detail in the fur and a more muted color palette. Additionally, the bear in the painting is sitting on a rock, while the bear in the photograph is standing in the water. The background in the painting is more abstract, with a blue sky and a red rock formation, while the background in the photograph is more natural, with a river and a mountain. The lighting;similarity_results\siglip2_imagenet_test_blind_spots.csv
9526;16982;SigLIP2;0.95084155;CLIP;0.34603983;DINO;-0.016098408;"The image on the left is a photograph of a slow cooker and two plates of food. The slow cooker is placed on a wooden surface, and the plates are filled with food that appears to be cooked in the slow cooker. The slow cooker has a black lid and a silver body with the word ""CrockPot"" written on it. The plates are white with various types of food, including what looks like chicken and vegetables.

The image on the right is a photograph of a ceramic piggy bank with the word ""THUNDER"" written on it. The piggy bank is placed on a stone surface, and it has a blue and white color scheme. The piggy bank is sitting on a table with a plate of food in front of it";similarity_results\siglip2_imagenet_test_blind_spots.csv
9645;80658;SigLIP2;0.9898088;CLIP;0.59158176;DINO;0.11729674;The image on the left shows a child eating a chocolate ice cream bar while holding a large water bottle. The child is wearing a striped shirt and has a red sweater over it. The background includes a red toolbox and some other objects. The image on the right shows a different child, also eating a chocolate ice cream bar, but this time holding a bottle of water. The child is wearing a red and white striped shirt and has a blue sweater over it. The background includes a window and some other objects. The main difference between the two images is the type of food being eaten and the presence of a water bottle in the right image.;similarity_results\siglip2_imagenet_test_blind_spots.csv
9645;15738;SigLIP2;0.98325205;CLIP;0.39638734;DINO;0.05034457;The image on the left shows a child eating a chocolate ice cream pop, while the image on the right shows a cooked lobster in a white container. The main difference between the two images is the content of the images. The child in the left image is eating a chocolate ice cream pop, while the lobster in the right image is cooked and placed in a white container. The background and lighting in both images are similar, but the content of the images is different.;similarity_results\siglip2_imagenet_test_blind_spots.csv
9645;96859;SigLIP2;0.9807192;CLIP;0.43884376;DINO;0.030593548;The image on the left shows a young child eating a chocolate ice cream bar. The child is wearing a striped shirt and has a red toolbox in the background. The image on the right shows a wooden clock hanging on the wall with a picture of a child on it. The clock has a wooden frame and a white face with black numbers and hands. The clock is positioned against a white wall, and there is a blue picture of a child on the wall next to it. The clock is slightly tilted to the right. The child in the picture on the right is wearing a blue shirt and has blonde hair. The clock on the left is slightly tilted to the left. The child in the picture on the right is slightly larger than the child in the;similarity_results\siglip2_imagenet_test_blind_spots.csv
9645;88803;SigLIP2;0.97565126;CLIP;0.44078165;DINO;0.06310129;"The image on the left shows a child eating a chocolate popsicle with a red and white striped shirt. The popsicle has a bite taken out of it, and the child is holding it in their mouth. The background includes a red toolbox and some other objects.

The image on the right shows a hand holding a small, crocheted doll with a blue dress and pink hair. The doll is wearing a red bow and has a necklace with a small pendant. The background includes a book and some other objects.

The main differences between the two images are the objects being held and the positions of the hands. The child in the left image is holding the popsicle in their mouth, while the hand in the right image is holding the doll. Additionally";similarity_results\siglip2_imagenet_test_blind_spots.csv
10114;13422;SigLIP2;0.95194155;CLIP;0.6440177;DINO;-0.013701568;The two images provided are of a bird, but they are of different species and are taken in different environments. The bird in the first image is a ruddy turnstone, while the bird in the second image is a pelican. The ruddy turnstone is a small bird with a brown and white plumage, while the pelican is a large bird with a gray and white plumage. The ruddy turnstone is standing on a sandy beach, while the pelican is standing in water. The background of the first image is a sandy beach, while the background of the second image is a body of water. The lighting and shadows in the first image are different from the second image. The first image has a brighter and more vibrant lighting;similarity_results\siglip2_imagenet_test_blind_spots.csv
10665;88894;SigLIP2;0.9667182;CLIP;0.45047736;DINO;0.01806321;"The image on the left is a polaroid-style photograph of a person snorkeling underwater. The person is wearing a black wetsuit and goggles, and they are holding a snorkel. The background shows a clear blue water with some rocks and a few trees visible. The image has a vintage, grainy quality to it.

The image on the right is a photograph of a person standing next to a dog in a backyard. The person is wearing a gray and white checkered shorts and a black t-shirt. The dog is standing on its hind legs, and the person is holding the dog's collar. The background shows a brick patio and some trees in the distance. The image has a more modern, clear quality to it.

The main differences";similarity_results\siglip2_imagenet_test_blind_spots.csv
11325;12521;SigLIP2;0.958907;CLIP;0.54268026;DINO;0.08957367;"The image on the left depicts a serene beach scene with a wooden structure, possibly a boat, lying on the shore. The sky is filled with a gradient of colors, transitioning from warm oranges and pinks near the horizon to cooler blues and purples as it ascends. A rainbow arches over the water, adding a magical element to the scene. The stone wall in the foreground adds a rustic touch to the landscape.

The image on the right shows a different scene, likely a different location, with a stone wall running parallel to the water. The sky is overcast, with a mix of dark clouds and a hint of a rainbow. The colors are muted, and the overall mood is more somber and less vibrant compared to the first";similarity_results\siglip2_imagenet_test_blind_spots.csv
11671;36876;SigLIP2;0.9547035;CLIP;0.45335242;DINO;0.13694423;The image on the left shows a man kneeling next to a light pole at night. The man is holding a stick, and there is a fire hydrant visible in the background. The image on the right shows a turtle on a sandy beach at night. The turtle is larger and more detailed, and the background is darker and more shadowy. The lighting and shadows are different, with the turtle being more illuminated and the background being darker. The colors and saturation are also different, with the turtle being more vibrant and the background being more muted. The image on the right also appears to be cropped and framed differently, with the turtle being more centered and the background being more visible.;similarity_results\siglip2_imagenet_test_blind_spots.csv
11671;51946;SigLIP2;0.95040905;CLIP;0.6162069;DINO;0.20902123;"The image on the left is a night-time scene featuring a person kneeling next to a tall, cylindrical object with a lit flame at the top. The person is holding a bamboo torch, which is wrapped in a black cloth and stands on a wooden base. The background is dark, suggesting it is nighttime, and there is a chair and a fire hydrant visible in the scene.

The image on the right is also a night-time scene, but it features a similar object with a lit flame at the top. However, the object in the right image is a smaller, cylindrical object with a lighter color and a different texture. The person in the right image is kneeling on the grass, and there is a chair visible in the background. The lighting and";similarity_results\siglip2_imagenet_test_blind_spots.csv
12410;43200;SigLIP2;0.9510406;CLIP;0.46823558;DINO;0.16608325;"The image on the left is a night-time photograph of a planetarium, which is a building designed to display astronomical models and exhibits. The planetarium is illuminated with lights that create a dome-like structure with a pattern of stars and constellations. The image also shows a reflection of the planetarium in a body of water, creating a symmetrical and visually appealing effect.

The image on the right is a photograph of a fountain with a large spherical structure at its center. The fountain appears to be in a park or garden setting, with a large pond or water feature in the foreground. The fountain is illuminated with lights, creating a bright and colorful display. The image also shows a reflection of the fountain in the water, creating a similar symmetrical";similarity_results\siglip2_imagenet_test_blind_spots.csv
13404;19805;SigLIP2;0.96724373;CLIP;0.492535;DINO;0.28235945;"The image on the left is a box of a product called ""Rose Herbal Face Pack."" The box is rectangular with a white background and features a red and white label with the product name and some text. The box is designed to look like a cube with a glossy finish.

The image on the right is a box of a product called ""Victory Frosty."" The box is also rectangular with a white background and features a green and blue label with the product name and some text. The box is designed to look like a cube with a glossy finish.

The most noticeable difference between the two images is the text on the labels. The text on the left image is in English, while the text on the right image is in Chinese. Additionally, the";similarity_results\siglip2_imagenet_test_blind_spots.csv
13404;92904;SigLIP2;0.956844;CLIP;0.49822074;DINO;0.19969265;The two images provided are identical in terms of content and layout. They both feature a product packaging with a white background and a red and white label. The packaging is rectangular and has a white background with a red and white label. The label contains text in both English and Hindi, along with images of rose petals. The packaging also includes a product name and a description of the product. The background of the packaging is white, and the text and images are clearly visible. There are no differences between the two images that can be detected.;similarity_results\siglip2_imagenet_test_blind_spots.csv
13760;17809;SigLIP2;0.9708423;CLIP;0.56571287;DINO;0.34301442;"The image on the left is a book cover titled ""Death on the Files"" by Margaret Penrose. The cover features a woman lying on the floor with her head on her hands, and a man standing next to her. The background is a gradient of purple and brown, with a filing cabinet in the background.

The image on the right is a different book cover titled ""Death on a Pale Horse"" by Bradshaw Jones. This cover features a man and a woman in a conversation, with a man in a suit and a woman in a dress. The background is a gradient of brown and yellow, with a filing cabinet in the background.

The most noticeable difference between the two covers is the text on the cover. ""Death on the Files""";similarity_results\siglip2_imagenet_test_blind_spots.csv
14454;75271;SigLIP2;0.9720485;CLIP;0.4271931;DINO;0.4153791;The two images provided are of the same animal, but they differ in their background details, lighting, and cropping. The animal in the first image has a more detailed background with visible textures and patterns, while the animal in the second image has a simpler background with fewer details. The lighting in the first image is brighter, with more pronounced shadows and highlights, while the lighting in the second image is darker, with less pronounced shadows and highlights. The cropping in the first image is more detailed, with the animal's entire body visible, while the cropping in the second image is more limited, with only the animal's head and upper body visible. Additionally, the second image has a missing small element, which is a small white object on the ground that is;similarity_results\siglip2_imagenet_test_blind_spots.csv
14454;50841;SigLIP2;0.95948887;CLIP;0.47761953;DINO;0.35557774;The image on the left is a close-up of a bird's wing, while the image on the right is a close-up of a bird's wing. The bird on the left has a more pronounced pattern of small, circular shapes, while the bird on the right has a more uniform pattern of larger, rectangular shapes. The bird on the left also has a more pronounced texture, with the small shapes appearing to be raised above the surface of the wing. The bird on the right has a more subtle texture, with the larger shapes appearing to be more evenly distributed across the wing. Additionally, the bird on the left has a more pronounced shadow, while the bird on the right has a more subtle shadow.;similarity_results\siglip2_imagenet_test_blind_spots.csv
14454;17765;SigLIP2;0.95544577;CLIP;0.45122755;DINO;0.43498045;The image on the left is a close-up of a bird's wing, while the image on the right is a close-up of a bird's wing. The bird on the left has a more pronounced pattern of small, circular shapes, while the bird on the right has a more uniform texture. The bird on the left also has a slightly different coloration, with a more pronounced contrast between the different shades of gray. The bird on the right has a slightly different lighting and shadowing, with a more pronounced contrast between the different shades of gray. The bird on the left also has a slightly different cropping and framing, with a more pronounced contrast between the different shades of gray.;similarity_results\siglip2_imagenet_test_blind_spots.csv
14454;16014;SigLIP2;0.9504049;CLIP;0.44197017;DINO;0.10844491;The two images provided are from a dataset of visual blind spots, which are pairs of images that look similar but contain real, specific differences. In this case, the differences are subtle but noticeable. The first image shows a black object with a pattern of U-shaped indentations, while the second image shows the same object but with a different pattern of U-shaped indentations. The background details, lighting, shadows, colors, object positions, sizes, and orientations are all the same in both images. However, the pattern of U-shaped indentations is different in the two images. The first image has a pattern of U-shaped indentations that are more evenly spaced, while the second image has a pattern of U-shaped indentations that are more closely spaced.;similarity_results\siglip2_imagenet_test_blind_spots.csv
15738;80658;SigLIP2;0.9893513;CLIP;0.3616799;DINO;0.050027534;The image on the left is a close-up of a cooked lobster, while the image on the right is a baby holding a large water bottle. The lobster is red and has a shiny, smooth texture, while the baby is wearing a floral-patterned bib and is holding a water bottle. The lobster is positioned on a white surface, while the baby is sitting on a dark surface. The lobster has a large, clawed foot, while the baby has small, delicate fingers. The lobster has a long, slender body, while the baby has a round, chubby body. The lobster has a shiny, smooth texture, while the baby has a rough, wrinkled texture. The lobster has a large, clawed foot, while the baby has small;similarity_results\siglip2_imagenet_test_blind_spots.csv
15738;96859;SigLIP2;0.9790789;CLIP;0.3071256;DINO;-0.04308197;The image on the left is a close-up of a cooked lobster, while the image on the right is a wooden clock hanging on a wall. The lobster is a bright red color with a shiny, smooth texture, while the clock has a dark wooden frame with a white face and black hands. The lobster is positioned on a white surface, while the clock is mounted on a beige wall. The lobster has a large, clawed foot, while the clock has a round face with a clock face. The lobster has a long, slender body, while the clock has a rectangular shape. The lobster has a shiny, smooth texture, while the clock has a dark wooden frame with a white face and black hands. The lobster has a large, clawed;similarity_results\siglip2_imagenet_test_blind_spots.csv
15738;88803;SigLIP2;0.9784601;CLIP;0.33484983;DINO;0.004340508;"The image on the left is a close-up of a person's hand holding a lobster. The lobster is red and has a shiny, smooth texture. The hand is holding a small, colorful pendant necklace with a girl on it. The background is a plain, light-colored surface.

The image on the right is a close-up of a person's hand holding a lobster. The lobster is red and has a shiny, smooth texture. The hand is holding a small, colorful pendant necklace with a girl on it. The background is a plain, light-colored surface.

The only difference between the two images is the background. The background in the left image is a plain, light-colored surface, while the background in the right image is a plain, light-colored";similarity_results\siglip2_imagenet_test_blind_spots.csv
16224;56098;SigLIP2;0.9654985;CLIP;0.46915543;DINO;0.17161414;"The image on the left appears to be a blurry photograph of a person holding a torch in a nighttime setting. The person is wearing a dark-colored shirt and light-colored shorts. The background features a street with several streetlights and a building with a dome. The image is taken from a low angle, looking up at the person and the torch.

The image on the right is a high-resolution photograph of the same scene. The lighting and shadows are much clearer, and the details are sharper. The person is still holding the torch, but the background is much clearer, revealing more details about the setting. The streetlights and the building with the dome are more defined, and the overall image is much clearer than the left image. The colors and saturation appear";similarity_results\siglip2_imagenet_test_blind_spots.csv
16224;60383;SigLIP2;0.95622385;CLIP;0.48917574;DINO;0.14268664;"The image on the left appears to be a blurry photograph of a person holding a torch in a public square at night. The person is wearing a dark shirt and light-colored shorts. The background features a tall clock tower with a clock face and a statue on top. The lighting is dim, with several streetlights and a few other sources of light illuminating the scene.

The image on the right is a high-resolution photograph of the same scene, but it is much clearer and sharper. The person holding the torch is now clearly visible, and the details of the clock tower and the surrounding environment are much more discernible. The lighting is bright and even, with no visible shadows or blurriness.

The differences between the two images are subtle but noticeable";similarity_results\siglip2_imagenet_test_blind_spots.csv
17105;49745;SigLIP2;0.95080405;CLIP;0.32593226;DINO;0.08074785;"The two images provided are indeed from a dataset of visual blind spots, which are pairs that look similar but contain real, specific differences. Upon examining both images pixel by pixel, several differences are noticeable:

1. **Background Details**:
   - The background in the first image is a dark, night-time setting with a boat visible in the distance. In the second image, the background is also dark, but there is a mailbox with a Halloween decoration hanging from it. The mailbox in the second image has a green light, while the one in the first image does not.

2. **Lighting and Shadows**:
   - The lighting in the first image is more even, with no harsh shadows. In the second image, there are shadows cast";similarity_results\siglip2_imagenet_test_blind_spots.csv
19322;78258;SigLIP2;0.95544314;CLIP;0.45925736;DINO;0.10255657;"The two images provided are of a Nokia flip phone and a pair of JBL Control 2P speakers. The Nokia phone is shown in two different orientations: one with the screen facing forward and the other with the screen facing backward. The JBL speakers are also shown in two orientations: one with the front facing forward and the other with the front facing backward. 

In the Nokia phone image, the screen displays the number 09 followed by two dots and the number 17. The phone has a black and silver color scheme with a silver logo on the back. The phone is shown in a side view with the screen facing forward. In the Nokia phone image, the phone is positioned on a white background with a slight shadow cast on";similarity_results\siglip2_imagenet_test_blind_spots.csv
20900;50638;SigLIP2;0.9611752;CLIP;0.6208639;DINO;-0.0046001244;"The image on the left is a photograph of a Canada goose standing in shallow water, with its reflection visible in the water. The goose has a greyish-brown body with a white patch on its chest and a black head and neck. The background is a blurred natural setting, likely a pond or a lake, with some greenery and reflections on the water.

The image on the right is a photograph of a butterfly perched on a white flower. The butterfly has a bright yellow body with black markings and a red head. The flower has white petals with yellow centers. The background is a blurred natural setting, likely a garden or a park, with some greenery and a hint of sunlight.

The main differences between the two images are:

1";similarity_results\siglip2_imagenet_test_blind_spots.csv
20900;58474;SigLIP2;0.9563216;CLIP;0.59671116;DINO;-0.01676144;"The image on the left depicts a Canada goose standing in shallow water, with its head lowered as if it is drinking or searching for food. The goose has a light brown body with a white belly and a black head and neck. The background is a muted, greenish-blue color, suggesting a calm, possibly frozen body of water.

The image on the right shows a butterfly perched on a flower. The butterfly has a white body with black markings and a yellow underside. The flower has white petals with yellow centers, and the background is a blurred, warm brown, indicating a natural outdoor setting.

The main differences between the two images are:

1. **Background and Water**: The left image has a clear, calm water body with a greenish";similarity_results\siglip2_imagenet_test_blind_spots.csv
21453;75123;SigLIP2;0.9565301;CLIP;0.57532406;DINO;0.06680021;"The two images provided are of birds in flight and perched on a branch, respectively. The bird in the first image is a bald eagle, characterized by its large wingspan and distinctive white head and tail feathers. The bird in the second image is a goldfinch, identifiable by its yellow body, black and white striped wings, and distinctive head shape. 

In the first image, the bald eagle is depicted in flight, with its wings spread wide and its body angled slightly downward. The background is a clear blue sky, and the eagle's feathers are a mix of dark and light brown. The second image shows the goldfinch perched on a branch, with its wings slightly folded and its body angled upward. The background is also a";similarity_results\siglip2_imagenet_test_blind_spots.csv
21515;81871;SigLIP2;0.95705056;CLIP;0.5501931;DINO;0.57843786;"The images provided are a collage of four different scenes featuring a doll and a pair of mittens. The first image shows the doll dressed in a red and white polka dot dress with a matching headband. The second image shows a close-up of the doll's dress, highlighting the white polka dots and the red and white stripes. The third image shows a doll wearing a brown outfit with a red and white polka dot dress and a matching headband. The fourth image shows a pair of knitted mittens with a rainbow-colored pattern. 

The differences between the images are subtle but noticeable. The background in the first and third images is plain, while the second and fourth images have a textured black background. The lighting and shadows in the";similarity_results\siglip2_imagenet_test_blind_spots.csv
21524;69789;SigLIP2;0.9507123;CLIP;0.43421;DINO;-0.00014841929;The image on the left is a black hardshell case with a laptop inside, while the image on the right is a digital watch with a heart rate monitor. The most noticeable difference is the color and design of the watch face. The watch on the left has a digital display with a blue and silver color scheme, while the watch on the right has a digital display with a silver and black color scheme. Additionally, the watch on the left has a strap that is not visible in the image, while the watch on the right has a strap that is visible and appears to be made of a different material. The watch on the left also has a logo on the front, while the watch on the right does not have a logo. The watch on the;similarity_results\siglip2_imagenet_test_blind_spots.csv
22225;75235;SigLIP2;0.97338474;CLIP;0.57860494;DINO;0.39436427;"The two images provided are different in several ways. The first image is a book cover titled ""The Dead Men of Eden"" by V. Merle Grayland. The cover features a dramatic scene with a noose hanging from a tree, a person's foot in a red high-heeled shoe, and a figure in a dark suit. The background is dark with a starry sky, and the text is in yellow and white.

The second image is also a book cover titled ""The Fatal Fifth"" by Margaret Penrose. This cover features a man sitting on a rock with a gun in his hand, a woman in a black dress, and a dark, starry background. The text is in white and yellow, and the cover has a";similarity_results\siglip2_imagenet_test_blind_spots.csv
22225;57690;SigLIP2;0.9639716;CLIP;0.5434905;DINO;0.48823497;"The image on the left is a book cover titled ""The Dead Men of Eden"" by V. Merle Grayland. The cover features a dramatic scene with a noose hanging from a noose, a person's foot in a red high-heeled shoe, and a woman in a green dress. The background is a mix of dark and light colors, with a green and white pattern visible.

The image on the right is a book cover titled ""The Siamese Coup Affair"" by Sidney Weintraub. This cover features a woman in a green dress with a green and white pattern, a man in a suit, and a man in a suit with a tie. The background is a mix of dark and light colors, with";similarity_results\siglip2_imagenet_test_blind_spots.csv
22225;69674;SigLIP2;0.95324564;CLIP;0.4930626;DINO;0.3847035;The two images provided are different in several ways. The first image is a book cover with a gothic and eerie theme. The cover features a red high-heeled shoe with a green, devil-like face in the background. The second image is a book cover with a more whimsical and fantastical theme. The cover features a green, horned, demon-like face in the background. The main differences between the two images are the color scheme, the style of the face, and the overall tone of the imagery. The first image has a more somber and ominous tone, while the second image has a more playful and whimsical tone. Additionally, the first image has a more realistic and detailed style, while the second image has a more abstract;similarity_results\siglip2_imagenet_test_blind_spots.csv
23129;78324;SigLIP2;0.9528227;CLIP;0.5895721;DINO;0.32685876;"The image on the left is a close-up of a marine organism, likely a sea slug or a similar type of animal, resting on a coral reef. The organism has a distinctive, somewhat elongated shape with a smooth, almost shiny surface. The background is a mix of various coral colors and textures, with some areas appearing more vibrant and others more muted.

The image on the right is a similar scene, but it is rotated 90 degrees clockwise. The organism's position and orientation have been changed, making it appear as though it is facing the opposite direction. The background remains the same, with the same coral reef and color palette.

The most noticeable difference between the two images is the orientation of the organism. In the left image, the";similarity_results\siglip2_imagenet_test_blind_spots.csv
23129;77947;SigLIP2;0.952377;CLIP;0.561519;DINO;0.14323667;The image on the left is a close-up of a green moray eel, while the image on the right is a similar scene but with a different color scheme. The eel in the left image has a greenish hue, while the eel in the right image has a more muted, earthy tone. Additionally, the eel in the left image has a more pronounced, darker green coloration around its eyes, while the eel in the right image has a more uniform, lighter green coloration. The eel in the left image also has a more pronounced, darker green coloration around its mouth, while the eel in the right image has a more uniform, lighter green coloration around its mouth. The eel in;similarity_results\siglip2_imagenet_test_blind_spots.csv
23129;84713;SigLIP2;0.9512009;CLIP;0.60776544;DINO;0.19680592;"The image on the left is a close-up of a marine organism, likely a sea cucumber or a similar type of sea creature, with a detailed and textured appearance. The organism has a rough, bumpy surface with a variety of colors, including shades of gray, brown, and white. There are several small, circular openings on the surface, which could be eyes or other sensory organs. The background consists of a rocky or coral-like environment, with various textures and patterns visible.

The image on the right is a similar organism, but it appears to be a different species or a different stage of the same species. The organism has a more elongated and streamlined shape, with a smooth, shiny surface. The background is also a rocky or coral-like";similarity_results\siglip2_imagenet_test_blind_spots.csv
23153;49095;SigLIP2;0.9611179;CLIP;0.46437624;DINO;0.022909638;"The first image depicts a black grouse, a type of bird, standing on a snowy surface. The bird has a dark body with a red patch on its head and a white tail. The background is a plain, light-colored snow surface with no visible objects or textures.

The second image shows a green frog sitting on a green leaf. The frog has a green body with white spots and a red eye. The background is a blurred green leafy plant, and the frog is positioned in the foreground, slightly out of focus.

The main differences between the two images are the color and texture of the background and the presence of the frog in the second image. The first image has a plain, light-colored snow background, while the second image has a";similarity_results\siglip2_imagenet_test_blind_spots.csv
23675;38305;SigLIP2;0.957149;CLIP;0.58711535;DINO;-0.008193812;"The two images provided are indeed from a dataset of visual blind spots, which are pairs that look similar but contain real, specific differences. Upon examining both images pixel by pixel, several differences are noticeable:

1. **Background Details**: The background in the first image is a dark, almost black, field, while the background in the second image is a more natural, grassy field with some dry grass and a hint of a blurred background. The contrast between the two backgrounds is significant.

2. **Lighting and Shadows**: The lighting in the first image is more even, with no harsh shadows or highlights, while the second image has more pronounced shadows and highlights, particularly around the edges of the animals' faces and bodies.

3. **Colors and";similarity_results\siglip2_imagenet_test_blind_spots.csv
23675;48574;SigLIP2;0.9542252;CLIP;0.44113147;DINO;0.01885986;"The two images provided are a pair of visual blind spots, which are pairs that look similar but contain real, specific differences. In this case, the differences are subtle but noticeable.

In the first image, there is a jaguar with a black and white patterned fur, looking towards the left side of the frame. The background is a solid black color, and the lighting is even, casting a soft shadow on the jaguar's face.

In the second image, the jaguar is still present, but the background has been changed to a solid red color. The lighting remains even, but the shadow on the jaguar's face is now more pronounced, indicating a change in the lighting conditions.

The most noticeable difference is the color of the background";similarity_results\siglip2_imagenet_test_blind_spots.csv
23922;66846;SigLIP2;0.9639937;CLIP;0.6407466;DINO;0.1276116;The two images provided are very similar, but there are subtle differences that can be observed. The most noticeable difference is the color of the light coming from the projector. In the first image, the light is a bright white, while in the second image, the light is a slightly bluish tint. Additionally, the second image has a slightly different angle of the projector, with the lens being more angled towards the viewer. The background in the second image also appears to have a slightly different texture and pattern. Overall, while the images are very similar, there are subtle differences that can be noticed when examining them pixel by pixel.;similarity_results\siglip2_imagenet_test_blind_spots.csv
25550;47897;SigLIP2;0.9503218;CLIP;0.36289328;DINO;0.02834311;The image on the left shows a man wearing a hairnet and glasses, lying on his back on a green surface. The man appears to be in a relaxed state, with his arms and legs extended. The image on the right shows a similar scene, but the man is wearing a hairnet and glasses, and he is lying on his back on a green surface. The only difference is that the man in the right image has a beard, which is not present in the left image.;similarity_results\siglip2_imagenet_test_blind_spots.csv
25995;99925;SigLIP2;0.95953923;CLIP;0.59557664;DINO;0.04277427;"The image on the left depicts a bald eagle perched on a wooden post against a clear blue sky. The eagle has a white head and back, with black wings and tail feathers. Its beak is orange, and it appears to be looking down towards the ground. The background is a solid blue color, indicating a clear and sunny day.

The image on the right shows a different bird, which appears to be a California scrub jay. This bird has a blue and white plumage, with a long, blue tail and a white face. It is perched on a branch, and its beak is black. The background is also a solid blue color, similar to the first image, but the lighting and shadows are different, giving the";similarity_results\siglip2_imagenet_test_blind_spots.csv
26518;74769;SigLIP2;0.95278084;CLIP;0.4901912;DINO;0.09684789;The two images provided are similar in terms of their overall composition and subject matter, but they differ in several subtle ways. The first image features a single lit candle with a flame that is slightly off-center and has a more pronounced flame shape. The second image shows a group of carved pumpkins with a more uniform and symmetrical arrangement of faces. Additionally, the lighting in the first image is more dramatic, with the candle casting a strong shadow and creating a stark contrast between the lit and unlit areas. In contrast, the second image has a more even and diffused lighting, with the pumpkins evenly illuminated and the faces appearing more evenly spaced. The colors in the first image are more vibrant and saturated, with the pumpkins and candle creating a;similarity_results\siglip2_imagenet_test_blind_spots.csv
29070;87143;SigLIP2;0.9548062;CLIP;0.4486205;DINO;0.008035166;"The image on the left is a nighttime photograph of the Arch of Constantine in Rome, Italy. The photograph captures the iconic structure from a low angle, emphasizing its grandeur and the intricate carvings on its facade. The lighting is dim, with the main source of illumination coming from the arch itself, creating a dramatic and dramatic effect.

The image on the right is a nighttime photograph of a church in a small town, likely in England. The photograph captures the church from a distance, with the focus on the steeple and the surrounding trees. The lighting is softer and more diffused, with the main source of illumination coming from the church's windows and the surrounding area. The photograph is taken from a different angle, providing a more";similarity_results\siglip2_imagenet_test_blind_spots.csv
29070;60383;SigLIP2;0.9525119;CLIP;0.46679074;DINO;0.010218844;"The image on the left appears to be a nighttime photograph of a historic archway, likely the Arch of Constantine in Rome, Italy. The photograph is taken from a low angle, emphasizing the grandeur of the structure. The lighting is dim, with the archway illuminated by a single light source, creating a dramatic effect. The background is dark, which helps to highlight the architectural details of the arch.

The image on the right is a nighttime photograph of a clock tower, which appears to be a modern building. The photograph is taken from a similar angle as the first image, but the lighting is brighter, and the clock tower is illuminated from the front. The background is also dark, but the illumination from the clock tower makes it stand out";similarity_results\siglip2_imagenet_test_blind_spots.csv
29575;76794;SigLIP2;0.9515367;CLIP;0.5533878;DINO;0.17209224;"The image on the left is a Lenovo IdeaCentre all-in-one desktop computer, while the image on the right is a Sony Ericsson Walkman cellular phone. The main differences between the two images are:

1. **Screen and Display**: The Lenovo IdeaCentre all-in-one desktop computer has a large, flat screen with a black bezel, while the Sony Ericsson Walkman cellular phone has a smaller, curved screen with a black bezel.
2. **Front Panel**: The Lenovo IdeaCentre all-in-one desktop computer has a black front panel with a keyboard and a mouse, while the Sony Ericsson Walkman cellular phone has a black front panel with a screen and a speaker.
3. **Color Scheme**: The Lenovo IdeaCentre all-in";similarity_results\siglip2_imagenet_test_blind_spots.csv
30605;63219;SigLIP2;0.9502031;CLIP;0.5412411;DINO;0.07694542;The image on the left is a tool kit, while the image on the right is a stretcher. The most noticeable difference is the presence of the stretcher in the right image. The tool kit contains various tools such as scissors, pliers, and a crimping tool, while the stretcher has a black frame with wheels and a padded seat. The tool kit is open, revealing its contents, while the stretcher is closed and appears to be stationary. The background in both images is plain white, and there are no other objects or textures present. The lighting and shadows are consistent in both images, with no noticeable differences. The colors and saturation are also similar, with the tool kit having a mix of black, orange, and gray;similarity_results\siglip2_imagenet_test_blind_spots.csv
30720;40342;SigLIP2;0.95198774;CLIP;0.6444478;DINO;0.25775504;"The image on the left appears to be a blurry, low-resolution photograph of a pumpkin-shaped object with a lit candle inside, placed on a dark surface. The lighting is dim, and the object is not clearly defined. The background is mostly dark, with some faint shapes and lights visible.

The image on the right is a high-resolution, clear photograph of a similar object, but with a much brighter and more detailed lighting. The object is clearly visible, and the lighting creates a dramatic effect, with the candle casting a bright light that illuminates the object and the surrounding area. The background is also more defined, with visible textures and patterns.

The main difference between the two images is the level of detail and the intensity of the lighting. The left";similarity_results\siglip2_imagenet_test_blind_spots.csv
31032;82568;SigLIP2;0.9541501;CLIP;0.61481893;DINO;0.07128564;"The image on the left depicts two birds perched on a tree branch, with one bird having a predominantly white plumage and the other having a mix of black and white feathers. The bird with white plumage is perched on the branch, while the bird with black and white plumage is perched on top of the white bird. The background is a clear blue sky with no visible objects or textures.

The image on the right shows two birds perched on a tree branch, with one bird having a predominantly white plumage and the other having a mix of black and white feathers. The bird with white plumage is perched on the branch, while the bird with black and white plumage is perched on top of the white bird.";similarity_results\siglip2_imagenet_test_blind_spots.csv
31234;74563;SigLIP2;0.9500706;CLIP;0.5612525;DINO;0.0064268108;The image on the left is a makeup brush, while the image on the right is a baby bib. The main difference between the two images is the content of the objects they represent. The makeup brush is a small, cylindrical object with a black bristle tip and a silver handle, while the baby bib is a larger, rectangular object with a black background and white polka dots. The baby bib also has a red border and a pocket on the front. The makeup brush is positioned upright, while the baby bib is laid flat. The background of the image on the right is plain white, while the background of the image on the left is a solid gray. The lighting and shadows are similar in both images, but the colors and saturation are different;similarity_results\siglip2_imagenet_test_blind_spots.csv
31709;39080;SigLIP2;0.96135056;CLIP;0.601007;DINO;0.060937397;The images provided are of a helmet and a respirator mask, both of which are designed for use in hazardous environments. The helmet in the first image is white with a black strap and has a logo on the side. The respirator mask in the second image is blue with a black strap and has a logo on the side. The main difference between the two images is the color of the helmet, which is white in the first image and black in the second image. Additionally, the respirator mask in the second image is blue, while the respirator mask in the first image is not specified in color. The respirator mask in the second image also has a logo on the side, while the respirator mask in the first image does not have;similarity_results\siglip2_imagenet_test_blind_spots.csv
31709;63219;SigLIP2;0.95692813;CLIP;0.5578041;DINO;0.015343022;"The image on the left is a medical device, specifically a respirator mask, which is used for breathing support in patients who are unable to breathe on their own. The respirator mask is designed to provide oxygen to the patient's lungs, and it is connected to a breathing tube that is attached to the patient's mouth and nose. The respirator mask is blue and black, and it has a strap that is attached to the patient's chest.

The image on the right is a medical stretcher, which is a device used to transport patients from one location to another. The stretcher is black and has wheels, and it is connected to a portable oxygen generator. The stretcher has a padded seat and a backrest, and it is designed";similarity_results\siglip2_imagenet_test_blind_spots.csv
31709;47863;SigLIP2;0.95188415;CLIP;0.56287444;DINO;-0.0059573427;"The image on the left is a gas mask with a strap and a roll of paper. The strap is black and has a buckle on the side. The gas mask is blue and has two filters on it. The strap is attached to the gas mask with a buckle. The strap is also attached to a roll of paper that is beige in color. The roll of paper is rolled up and placed on the strap.

The image on the right is a pencil case with a strap and a roll of paper. The strap is black and has a buckle on the side. The pencil case is beige in color. The strap is attached to the pencil case with a buckle. The strap is also attached to a roll of paper that is beige in color. The";similarity_results\siglip2_imagenet_test_blind_spots.csv
31709;93541;SigLIP2;0.9506211;CLIP;0.5527661;DINO;0.04835034;The image on the left is a piece of exercise equipment, specifically a barbell with a bar and weights. The equipment is designed for weightlifting and includes a belt for securing the weights. The image on the right is a pair of goggles, likely used for safety or protection during exercise or other activities. The goggles are blue and appear to be designed for use with a face mask or respirator. The main difference between the two images is the purpose and function of the objects. The barbell is used for physical exercise, while the goggles are used for safety or protection.;similarity_results\siglip2_imagenet_test_blind_spots.csv
32057;70577;SigLIP2;0.9618542;CLIP;0.47002673;DINO;0.020358901;"The two images provided are of a graduate and a ferret, but they appear to be identical in terms of content and context. However, upon close inspection, there are subtle differences that can be observed.

1. **Background Details**: The background of the images is identical, with a plain white backdrop. There are no visible objects, textures, patterns, or lighting effects that differ between the two images.

2. **Lighting and Shadows**: The lighting and shadows in both images are consistent, with no noticeable differences. The shadows cast by the graduate and the ferret appear similar in terms of shape and intensity.

3. **Colors and Saturation**: The colors in both images are similar, with a neutral white background that does not provide any contrast";similarity_results\siglip2_imagenet_test_blind_spots.csv
32169;72342;SigLIP2;0.955966;CLIP;0.4007469;DINO;0.08230747;"The image on the left is a colorful pinwheel with a button in the center, while the image on the right is a chocolate-covered ice cream bar with nuts on top. The main differences between the two images are:

1. **Color Scheme**: The pinwheel has a rainbow color scheme with various colors such as red, orange, yellow, green, blue, and purple, while the ice cream bar has a brown color with nuts on top.
2. **Shape and Orientation**: The pinwheel is a three-dimensional object with multiple layers of colors, while the ice cream bar is a flat rectangular shape with a single layer of nuts on top.
3. **Background and Lighting**: The background in the pinwheel image is blurred, with a mix";similarity_results\siglip2_imagenet_test_blind_spots.csv
32169;67756;SigLIP2;0.9508968;CLIP;0.5502473;DINO;0.102950454;The image on the left is a colorful pinwheel with a button on it, while the image on the right is a pair of yellow-handled scissors with a sharpener. The main difference between the two images is the objects they represent. The pinwheel is a toy or decoration, while the scissors are a tool for cutting and shaping materials. The pinwheel has a vibrant array of colors, while the scissors have a more muted color palette. Additionally, the pinwheel is a physical object, while the scissors are a tool that can be used to cut and shape materials. The pinwheel is also a toy, while the scissors are a tool for cutting and shaping materials.;similarity_results\siglip2_imagenet_test_blind_spots.csv
33206;95305;SigLIP2;0.96267295;CLIP;0.50048256;DINO;0.11156474;"The images provided are a pair of objects that appear to be similar but contain real, specific differences. The differences are subtle but noticeable, and they are likely to be missed by a human viewer without careful examination.

In the first image, the camera has a silver and black color scheme with a digital display screen that reads ""BE INTERESTING."" The screen is located on the top right side of the camera, and it appears to be a digital display screen, likely used for displaying information or settings.

In the second image, the camera has a black and silver color scheme with a digital display screen that reads ""PENTAX."" The screen is located on the top left side of the camera, and it appears to be a digital display screen, likely";similarity_results\siglip2_imagenet_test_blind_spots.csv
33206;66738;SigLIP2;0.95354486;CLIP;0.4831954;DINO;0.0579589;The two images provided are of a similar design, but they differ in several subtle ways. The main difference is in the placement of the drumsticks on the electronic drum pad. In the first image, the drumsticks are positioned on the pad, while in the second image, they are placed on the pads. Additionally, the second image has a different color scheme, with the drumsticks and the electronic drum pad having a different shade of gray. The background of the second image also appears to be slightly different, with a different pattern or texture. These differences are not immediately obvious from the first image alone, but they are present and can be detected with a keen eye.;similarity_results\siglip2_imagenet_test_blind_spots.csv
33322;39316;SigLIP2;0.9567905;CLIP;0.6227902;DINO;0.03049777;The image on the left is a close-up of a bird perched on a branch, while the image on the right is a similar scene but with a different bird. The bird in the left image has a more pronounced beak and a slightly different feather pattern, while the bird in the right image has a more rounded beak and a more uniform feather pattern. Additionally, the background in the left image is a solid blue color, while the background in the right image is a more muted green color. The lighting and shadows in both images are similar, but the overall color saturation and tone are slightly different. The bird in the left image has a more pronounced shadow on its back, while the bird in the right image has a more subtle shadow.;similarity_results\siglip2_imagenet_test_blind_spots.csv
33601;89426;SigLIP2;0.9502806;CLIP;0.5586733;DINO;0.006744483;"The image on the left depicts a serene marina scene with several sailboats docked on a wooden pier. The scene is characterized by a clear blue sky, calm waters, and a rocky shoreline. The sailboats are primarily blue and red, and the pier extends into the water, providing a pathway for boats to dock. In the background, there are buildings and a lighthouse, suggesting a coastal town or village.

The image on the right appears to be a similar scene but with a notable difference. The colors and lighting in the right image seem slightly different, with a more muted tone and a different distribution of shadows. The water appears slightly more choppy, and the overall composition of the scene is slightly altered. The buildings and the lighthouse";similarity_results\siglip2_imagenet_test_blind_spots.csv
34771;59009;SigLIP2;0.9526806;CLIP;0.53815067;DINO;0.08807513;"The image on the left is a clear, transparent insect with a delicate, lace-like wing structure. The insect is perched on a green leaf, and its wings are spread out, revealing intricate patterns. The background is blurred, emphasizing the insect and the leaf.

The image on the right is a bird with a brown and orange plumage, perched on a similar green leaf. The bird's beak is open, and it appears to be holding a black berry in its beak. The bird's feathers are detailed, and the background is similarly blurred, keeping the focus on the bird and the leaf.

The most noticeable difference between the two images is the color and texture of the wings. The insect's wings are clear and transparent, while";similarity_results\siglip2_imagenet_test_blind_spots.csv
34826;50195;SigLIP2;0.9526385;CLIP;0.6168722;DINO;0.023285225;The image on the left is a chestnut, a seed pod of the horse chestnut tree. It is a brown and yellowish-brown color with a rough, spiky exterior. The chestnut is open, revealing a red interior. The image on the right is a pair of snakes, one yellow and black and the other red. The yellow and black snake is coiled in a S-shape, while the red snake is coiled in a spiral. The yellow and black snake is positioned to the left of the red snake, and the two snakes are oriented in the same direction. The background is white, and the lighting is even. There are no small details or textures visible in the image.;similarity_results\siglip2_imagenet_test_blind_spots.csv
35442;85540;SigLIP2;0.9571458;CLIP;0.60710645;DINO;0.41331366;The image on the left is a red and white jet flying in the sky, while the image on the right is a red and white jet flying in the sky. The main difference between the two images is the orientation of the jet. In the left image, the jet is flying in a straight line, while in the right image, the jet is flying in a curved path. Additionally, the left image has a more defined outline of the jet, while the right image has a more blurred outline. The left image also has a more defined tail section, while the right image has a more blurred tail section. The left image has a more defined wing section, while the right image has a more blurred wing section. The left image has a more defined;similarity_results\siglip2_imagenet_test_blind_spots.csv
36896;53483;SigLIP2;0.9578724;CLIP;0.5195122;DINO;0.07518268;"The image on the left appears to be a nighttime scene of an alleyway with a building on the right side that has a neon sign that reads ""ART."" The building has a distinctive architectural style with a curved facade and large windows. The alleyway is narrow and has metal railings on both sides. The lighting is dim, with a warm, orange glow coming from the building and the streetlights.

The image on the right is a nighttime scene of a city street with a building on the right side that has a neon sign that reads ""IN THE LOOP."" The building has a more modern architectural style with a flat facade and large windows. The street is busy with cars and people, and the lighting is brighter, with a combination of streetlights";similarity_results\siglip2_imagenet_test_blind_spots.csv
38305;84404;SigLIP2;0.953922;CLIP;0.22284195;DINO;-0.024510741;"The two images provided are a pair of visual blind spots, which are pairs that look similar but contain real, specific differences. In this case, the differences are subtle but noticeable.

The first image is a black-and-white photograph of a coyote standing in a field. The coyote is the central focus of the image, and it is positioned in the foreground. The background is a natural, outdoor setting with dry grass and some sparse vegetation. The lighting is natural, with shadows cast by the coyote and the surrounding environment.

The second image is a black-and-white photograph of a young girl sitting at a desk with an open book in front of her. The girl is wearing a graduation cap and glasses, and she appears to be in a classroom";similarity_results\siglip2_imagenet_test_blind_spots.csv
38446;83542;SigLIP2;0.9546664;CLIP;0.5747329;DINO;-0.055272207;"The image on the left is a nighttime scene of a stone fortress with a large archway in the center. The archway is illuminated by several streetlights, casting a warm glow on the stone walls and the surrounding area. The fortress walls are made of rough, weathered stone, and there are intricate carvings and designs on them. The ground is paved with cobblestones, and there are small trees and bushes along the sides of the path leading up to the archway.

The image on the right is a similar scene, but it is taken during the day. The lighting is different, with bright sunlight illuminating the stone walls and creating a more vibrant and natural look. The colors are more saturated, and there are more details visible";similarity_results\siglip2_imagenet_test_blind_spots.csv
38446;87143;SigLIP2;0.95427924;CLIP;0.4660049;DINO;0.022705317;The image on the left is a nighttime scene of a medieval castle with a tall, pointed tower and a stone wall. The image on the right is a nighttime scene of a church with a steeple and a clock tower. The most noticeable difference is the presence of the clock tower in the right image, which is not present in the left image. Additionally, the lighting and shadows in the right image are different, with a more pronounced glow on the clock tower and the surrounding area. The colors and saturation are also slightly different, with the right image having a warmer tone. The background details, such as the trees and the street, are also different between the two images. The cropping and framing are similar, but the overall composition and perspective are;similarity_results\siglip2_imagenet_test_blind_spots.csv
38446;60383;SigLIP2;0.9520048;CLIP;0.49725688;DINO;0.009328002;"The image on the left is a nighttime scene of a historic castle with a large clock tower illuminated by streetlights. The castle walls are made of stone and have a rough, textured appearance. The clock tower is white and has a decorative design with a clock face and a statue of a lion on top. The tower is surrounded by a paved courtyard with a sidewalk and a few trees.

The image on the right is a nighttime scene of a modern building with a clock tower. The building has a modern design with a glass facade and a rectangular shape. The clock tower is white and has a modern design with a clock face and a statue of a lion on top. The tower is surrounded by a paved courtyard with a sidewalk and a few trees.

The";similarity_results\siglip2_imagenet_test_blind_spots.csv
38554;72704;SigLIP2;0.98667204;CLIP;0.6121272;DINO;0.091085926;The image on the left is of a polar bear lying on its side on a rock, while the image on the right is of a squirrel sitting on a cage. The polar bear is white and has a long, bushy tail, while the squirrel is brown and has a short tail. The polar bear is lying on its stomach, while the squirrel is sitting upright. The background of the polar bear image is a rocky surface, while the background of the squirrel image is a cage with bars. The lighting and shadows in both images are similar, but the colors and saturation are different. The polar bear image has a more muted color palette, while the squirrel image has a more vibrant color palette. The squirrel image also has a slightly different texture and pattern;similarity_results\siglip2_imagenet_test_blind_spots.csv
38554;54177;SigLIP2;0.9577422;CLIP;0.6492176;DINO;0.121266544;The image on the left is of a polar bear, while the image on the right is of a tiger. The polar bear is a large, white bear with a long, bushy tail and a short, bushy beard. The tiger is a large, orange and black cat with a long, bushy tail and a short, bushy beard. The polar bear is lying on its back on a rocky surface, while the tiger is lying on its back on a rocky surface. The polar bear has a long, bushy tail and a short, bushy beard, while the tiger has a long, bushy tail and a short, bushy beard. The polar bear has a long, bushy tail and a short, bushy beard;similarity_results\siglip2_imagenet_test_blind_spots.csv
39080;73596;SigLIP2;0.9637338;CLIP;0.6351354;DINO;0.010982649;The image on the left is a white climbing helmet with a logo on the front and a black strap. The image on the right is a navy blue backpack with a black strap and a white trim. The main differences between the two images are the color of the helmet (white) and the color of the backpack (navy blue). The helmet has a logo with a wolf and a triangle, while the backpack has a solid navy blue color without any logos or patterns. Additionally, the helmet has a black strap with a buckle, while the backpack has a black strap with a black and white trim. The background of the image on the right is plain white, while the helmet has a white background. The lighting and shadows are similar in both images,;similarity_results\siglip2_imagenet_test_blind_spots.csv
39080;91162;SigLIP2;0.9556986;CLIP;0.5518665;DINO;0.083485864;The first image is a white helmet with a logo and text on the side, while the second image is a pair of bicycle brake levers and a disc brake rotor. The helmet has a sleek, modern design with a smooth surface and a comfortable fit. The brake levers and disc brake rotor are black and have a more rugged, industrial appearance. The background is plain white, which helps to highlight the details of the objects in the image. The lighting is even, with no harsh shadows or highlights, which allows for clear visibility of the textures and colors. The brake levers and disc brake rotor are positioned in a way that suggests they are part of a bicycle, with the levers attached to the frame and the disc brake rotor attached to the;similarity_results\siglip2_imagenet_test_blind_spots.csv
39182;41966;SigLIP2;0.9652879;CLIP;0.41341275;DINO;-0.01931274;"The first image is a sculpture of a blue lobster, while the second image is a wooden gazebo with a thatched roof. The main differences between the two images are:

1. **Material and Texture**: The lobster sculpture is made of a blue material with a rough, textured surface, while the gazebo is made of wood with a smooth, polished surface.
2. **Color and Saturation**: The lobster sculpture has a vibrant blue color with high saturation, while the gazebo has a more muted, earthy brown color with lower saturation.
3. **Lighting and Shadows**: The lighting and shadows in the lobster sculpture are more dramatic and three-dimensional, with shadows cast on the sculpture's surface, while the gazebo has softer, more";similarity_results\siglip2_imagenet_test_blind_spots.csv
42158;43200;SigLIP2;0.9504515;CLIP;0.48402727;DINO;0.06606382;"The image on the left is a nighttime photograph of a building with a red and gold facade, featuring a large archway and a central dome. The building is illuminated with warm lighting, creating a striking contrast against the dark sky. The image also includes a fountain with water jets and lights, adding to the overall aesthetic.

The image on the right is a nighttime photograph of the Space Needle in Seattle, Washington. The Space Needle is a famous landmark with its distinctive glass and steel structure. The image on the right includes the iconic Space Needle, which is illuminated with lights and is surrounded by palm trees. The lighting on the Space Needle is also warm, but the overall color scheme is different from the building in the first image.

The most significant difference between";similarity_results\siglip2_imagenet_test_blind_spots.csv
42940;76189;SigLIP2;0.9506061;CLIP;0.5229956;DINO;0.033370562;The image on the left is a photograph of a bird on a beach, while the image on the right is a photograph of a bird perched on a branch. The bird in the left image has a black and orange coloration, while the bird in the right image is yellow and black. The bird in the left image has a pink beak, while the bird in the right image has a black beak. The bird in the left image has a black and white tail, while the bird in the right image has a black and yellow tail. The bird in the left image has a black and white head, while the bird in the right image has a black and yellow head. The bird in the left image has a black and white body;similarity_results\siglip2_imagenet_test_blind_spots.csv
43200;60383;SigLIP2;0.9570571;CLIP;0.43343934;DINO;0.09665672;"The image on the left is a nighttime photograph of the Space Needle in Seattle, Washington. The photograph is taken from a low angle, capturing the iconic tower and its surrounding fountain. The fountain is illuminated, creating a striking contrast with the dark night sky. The Space Needle is visible in the background, with its distinctive glass and steel structure.

The image on the right is a nighttime photograph of a clock tower in a city, likely in Malaysia. The photograph is taken from a similar low angle, capturing the clock tower and its surrounding fountain. The clock tower is illuminated, and the fountain is also illuminated, creating a similar effect to the Space Needle photograph. The clock tower has a more traditional architectural style compared to the Space Needle, with a clock face";similarity_results\siglip2_imagenet_test_blind_spots.csv
43200;87143;SigLIP2;0.95640326;CLIP;0.3784823;DINO;0.041858334;"The image on the left is a nighttime scene featuring the Space Needle in Seattle, Washington. The Space Needle is a famous landmark with its distinctive glass-and-steel structure and observation deck. The image captures the tower from a distance, with the fountain in the foreground. The lighting is dim, creating a moody atmosphere.

The image on the right is a nighttime scene featuring a church spire with a clock tower. The church spire is taller and more pointed than the Space Needle, and the clock tower is visible in the background. The lighting is brighter, creating a more vibrant and warmer atmosphere.

The most noticeable difference is the architectural style and height of the structures. The Space Needle is a modern, glass-and-steel structure, while the church";similarity_results\siglip2_imagenet_test_blind_spots.csv
43200;83542;SigLIP2;0.9544177;CLIP;0.42939854;DINO;-0.0061278325;"The image on the left is a nighttime scene featuring the Space Needle, a famous landmark in Seattle, Washington. The Space Needle is a cylindrical tower with a glass dome at the top, and it is illuminated by lights that create a dramatic and eye-catching appearance. The fountain in the foreground is also illuminated, with water spraying upwards in a dynamic pattern. The background features trees and some buildings, adding to the urban atmosphere.

The image on the right is a nighttime scene featuring the Hadrian's Arch in Athens, Greece. The Hadrian's Arch is a large, arched stone structure with a stone column in the center. The arch is surrounded by trees and some buildings, and it is illuminated by lights that create a warm and inviting atmosphere. The";similarity_results\siglip2_imagenet_test_blind_spots.csv
5118;44506;SigLIP2;0.95012856;CLIP;0.5882243;DINO;0.080856554;"The image on the left is a photograph of a butterfly perched on a yellow flower. The butterfly has a green body with black and orange markings, and its wings are spread out. The background is blurred, creating a bokeh effect that highlights the butterfly and the flower.

The image on the right is a photograph of a fish with a blue background. The fish has a brownish-orange body with white spots and is facing forward. The background is solid blue, and there are no other objects or details visible in the image.

The differences between the two images are:

1. **Background**: The background in the left image is blurred, with a bokeh effect that highlights the butterfly and the flower. In the right image, the background is solid";similarity_results\siglip2_imagenet_test_blind_spots.csv
47043;80872;SigLIP2;0.9548143;CLIP;0.5306182;DINO;0.09857031;"The images provided are a pair of polaroid-style photographs that appear to be similar but contain real, specific differences. The differences are subtle but noticeable:

1. **Background Details**: The background in the first image is a dark, textured surface, while the second image has a lighter, more muted background. The first image has a more pronounced texture, while the second image has a smoother surface.

2. **Lighting and Shadows**: The lighting in the first image is more dramatic, with strong shadows and highlights, while the second image has softer lighting with less pronounced shadows. The first image has a more intense contrast, while the second image has a more even light distribution.

3. **Colors and Saturation**: The colors in the first image are";similarity_results\siglip2_imagenet_test_blind_spots.csv
48106;56476;SigLIP2;0.9539465;CLIP;0.43065456;DINO;0.009542588;"The image on the left is a black handbag with a white trim. The bag has a large front pocket with two buckles and a flap that has a white and black design. The bag has a strap with a buckle and a handle with a buckle. The background is plain white.

The image on the right is a graduation cap with a blue tassel. The cap is rolled up and tied with a ribbon. The background is also plain white.

The differences between the two images are:

1. The bag in the left image is black, while the graduation cap in the right image is blue.
2. The bag in the left image has a white trim, while the graduation cap in the right image has a blue tassel.
3.";similarity_results\siglip2_imagenet_test_blind_spots.csv
48596;58007;SigLIP2;0.9665829;CLIP;0.52843237;DINO;0.03485127;"The image on the left is of a tiger resting on the ground near a body of water, surrounded by fallen leaves and grass. The tiger has a brown and black striped pattern, with its head turned slightly to the side. The background is a mix of green grass and brown leaves, with a clear sky visible in the distance.

The image on the right is of two polar bears in a snowy landscape, with tall grasses in the foreground. One polar bear is standing, while the other is sitting on the ground. The background is a snowy field with a clear sky visible in the distance.

The main differences between the two images are:

1. The tiger is resting on the ground, while the polar bears are standing and sitting in the snow.";similarity_results\siglip2_imagenet_test_blind_spots.csv
48596;79143;SigLIP2;0.9658579;CLIP;0.51025623;DINO;0.028334277;The image on the left is of a tiger, while the image on the right is of a shark. The tiger is a large, striped feline with a brown and black coloration, while the shark is a large, blue and white fish with a smooth, streamlined body. The tiger is lying on the ground with its head resting on its front paws, while the shark is swimming in the water with its mouth open, showing its teeth. The tiger's fur is short and dense, while the shark's skin is smooth and shiny. The tiger's eyes are large and alert, while the shark's eyes are small and dark. The tiger's tail is bushy and curved, while the shark's tail is straight and streamlined. The tiger;similarity_results\siglip2_imagenet_test_blind_spots.csv
48596;72411;SigLIP2;0.9522079;CLIP;0.5925964;DINO;0.031027392;"The image on the left is a photograph of a tiger resting on the ground near a water source. The tiger has a brown and black striped pattern, and its eyes are open, showing a focused expression. The background is a natural setting with some grass and leaves scattered around.

The image on the right is a similar photograph, but it appears to be a different angle or perspective. The tiger in this image is lying down on the ground, and its eyes are closed, suggesting it is resting or sleeping. The background is also a natural setting with grass and leaves, but the lighting and shadows are different, giving the image a slightly different mood.

The main difference between the two images is the orientation and lighting of the tiger. In the left image,";similarity_results\siglip2_imagenet_test_blind_spots.csv
48760;76489;SigLIP2;0.95948136;CLIP;0.62153673;DINO;0.013488539;"The image on the left shows a bird in flight against a clear blue sky. The bird has a predominantly white body with yellowish-green wings and tail feathers. Its wings are spread wide, and its tail feathers are also yellowish-green. The bird's head is black with a white beak. The background is a solid blue color, indicating a clear and cloudless sky.

The image on the right shows the same bird in flight against the same blue sky. However, the bird's wings are slightly spread wider, and its tail feathers are more pronounced in their yellowish-green color. The bird's head is still black with a white beak. The background remains a solid blue color, indicating no changes in the sky's appearance.

The main";similarity_results\siglip2_imagenet_test_blind_spots.csv
50191;97709;SigLIP2;0.9522797;CLIP;0.5161697;DINO;0.05199094;The first image is a nighttime scene featuring a large, illuminated fountain with multiple water jets shooting up into the air. The fountain is set against a dark background, and the water appears to be illuminated by various lights, creating a dramatic and visually striking effect. The second image is a nighttime scene featuring a mosque with illuminated minarets and a moon in the sky. The mosque is also illuminated, and the colors and lighting create a warm, orange glow. The two images are similar in terms of their overall composition and lighting, but they differ in the specific details, such as the colors and textures of the water jets and the mosque's facade. The first image has a more vibrant and colorful lighting, while the second image has a more muted and subdued;similarity_results\siglip2_imagenet_test_blind_spots.csv
50555;97379;SigLIP2;0.9519582;CLIP;0.5949799;DINO;0.2062418;"The image on the left is a ceramic pitcher with a woman depicted on it. The pitcher has a white base with a gold rim and a handle. The woman is wearing a green jacket and a long skirt, and she is holding a wooden pestle in her hand. The pitcher has a design of grapes and leaves on it.

The image on the right is a ceramic bowl with an apple design. The bowl has a white base with a gold rim and a handle. The bowl has a design of apples on it, with leaves and branches surrounding them. The bowl also has a wooden pestle inside it.

The main difference between the two images is the subject matter. The pitcher has a woman on it, while the bowl has apples on it.";similarity_results\siglip2_imagenet_test_blind_spots.csv
50789;78263;SigLIP2;0.9513378;CLIP;0.46823794;DINO;0.11640687;The images provided are of a gas mask and a magnifying glass. The gas mask is black and appears to be a military-grade model, while the magnifying glass is blue and has a handle with a logo on it. The gas mask has a filter on the front and a filter on the side, while the magnifying glass has a filter on the front and a lens on the side. The gas mask has a strap across the back, while the magnifying glass has a handle. The gas mask has a strap across the back, while the magnifying glass has a handle. The gas mask has a strap across the back, while the magnifying glass has a handle. The gas mask has a strap across the back, while the magnifying;similarity_results\siglip2_imagenet_test_blind_spots.csv
51019;54872;SigLIP2;0.96602136;CLIP;0.44827798;DINO;0.07801895;"The image on the left is a set of bar tools, including a shaker, a bottle opener, a brush, and a jigger. The image on the right is a watch with a digital display and a strap. The main differences between the two images are:

1. The objects in the left image are all made of metal and are arranged on a wooden stand, while the objects in the right image are all made of plastic and are arranged on a black surface.
2. The left image has a wooden stand with a wooden base, while the right image has a black surface with a black base.
3. The left image has a wooden stand with a wooden base, while the right image has a black surface with a black base.
4";similarity_results\siglip2_imagenet_test_blind_spots.csv
52849;70577;SigLIP2;0.9549254;CLIP;0.49370253;DINO;-0.01282605;"The image on the left is a graduation cap, which is typically worn by individuals who have completed their education. The cap is black and has a blue tassel hanging from the top. The background is white, and the cap is centered in the image.

The image on the right is a ferret standing on its hind legs. The ferret is black and brown with a fur pattern that resembles a raccoon. The ferret is looking up and appears to be in a standing position. The background is also white, and the ferret is centered in the image.

The main difference between the two images is the subject matter. The graduation cap is associated with educational achievements, while the ferret is associated with animal behavior and biology. Additionally, the";similarity_results\siglip2_imagenet_test_blind_spots.csv
53397;54796;SigLIP2;0.95717376;CLIP;0.57033044;DINO;0.017040763;The image on the left shows a scene with three birds perched on a roof, with the sun shining brightly in the background. The image on the right appears to be a blurry photograph of a room with a boxing bag hanging from the ceiling. The birds on the roof in the left image are silhouetted against the sun, while the birds in the right image are not visible. The background in the left image is clear and detailed, while the background in the right image is blurry and indistinct. The lighting in the left image is bright and natural, while the lighting in the right image is artificial and dim. The colors in the left image are vibrant and well-defined, while the colors in the right image are muted and washed out;similarity_results\siglip2_imagenet_test_blind_spots.csv
53483;83542;SigLIP2;0.95997083;CLIP;0.47920346;DINO;0.08364628;"The image on the left is a nighttime scene featuring a neon-lit theater with a large, arched entrance. The theater sign reads ""ART"" and ""COMING SOON IN THE LOOP,"" and there is a statue or sculpture in the background. The image is taken from a street level perspective, and the theater is illuminated by neon lights, creating a vibrant and eye-catching display.

The image on the right is a nighttime scene featuring a stone archway with a sign that reads ""IN THE LOOP."" The archway is surrounded by trees and other buildings, and there are cars driving by on the street. The image is taken from a different angle and perspective, and the lighting is dimmer, creating a more muted and less vibrant atmosphere.";similarity_results\siglip2_imagenet_test_blind_spots.csv
53483;60383;SigLIP2;0.95473367;CLIP;0.47290304;DINO;0.033637892;"The image on the left is a nighttime scene featuring a building with a neon sign that reads ""ART."" The building has a distinctive Art Deco architectural style with a clock tower in the center. The neon sign is illuminated, and the building is surrounded by parked cars and a few people. The image is taken from a low angle, looking up at the building.

The image on the right is also a nighttime scene, but it appears to be a different location. The building in this image has a different architectural style, with a more modern design. The neon sign is not visible, and the building is not illuminated. The image is taken from a higher angle, looking down at the building.

The most significant difference between the two images is the architectural";similarity_results\siglip2_imagenet_test_blind_spots.csv
53483;74175;SigLIP2;0.9506508;CLIP;0.51947975;DINO;0.16927566;"The image on the left is a nighttime scene of a building with a neon sign that reads ""ART."" The building has a distinctive architectural style with a yellow dome and a sign that says ""COMING SOON IN THE LOOP."" The image on the right is a nighttime scene of a building with a neon sign that reads ""Mysteries of the Great Lakes."" The building has a dome with a picture of a lake on it. The two images are similar in terms of the neon signs and the architectural style, but there are subtle differences in the lighting, shadows, and colors. The left image has a warmer, more yellowish lighting, while the right image has a cooler, more blueish lighting. The left image has darker shadows, while";similarity_results\siglip2_imagenet_test_blind_spots.csv
54177;72704;SigLIP2;0.96337986;CLIP;0.642177;DINO;0.110804275;The image on the left is of a tiger, while the image on the right is of a squirrel. The tiger is a large, orange and black striped animal with a long tail and sharp claws. The squirrel is a small, brown and black striped animal with a long tail and small claws. The tiger is standing in a cage with a metal mesh fence, while the squirrel is sitting on a branch with its front paws on the fence. The tiger has a long, curved tail, while the squirrel has a short, bushy tail. The tiger has a long, curved tail, while the squirrel has a short, bushy tail. The tiger has a long, curved tail, while the squirrel has a short, bushy tail. The;similarity_results\siglip2_imagenet_test_blind_spots.csv
54918;88803;SigLIP2;0.98340297;CLIP;0.45086604;DINO;-0.0057997154;"The image on the left is a close-up of a young child holding a small, colorful necklace. The child has short, dark hair and is wearing a white shirt with colorful stripes. The necklace features a small, embroidered doll with pink hair and a red bow. The background is blurred, focusing attention on the child and the necklace.

The image on the right is a close-up of a hand holding a small, colorful necklace. The hand is holding a small, colorful necklace with a small, embroidered doll with pink hair and a red bow. The background is blurred, focusing attention on the hand and the necklace.

The main difference between the two images is the background. In the left image, the background is blurred, while in the right image,";similarity_results\siglip2_imagenet_test_blind_spots.csv
54918;96859;SigLIP2;0.97677696;CLIP;0.38787848;DINO;0.032974694;"The image on the left is a photograph of a young child holding a tube of lipstick. The child has short, dark hair and is wearing a white shirt with colorful stripes. The background features a wooden clock hanging on the wall, which has a dark wooden frame and a white face with black numbers and hands. The clock is positioned against a light-colored wall.

The image on the right is a photograph of a wall with a wooden clock and a painting. The clock has a dark wooden frame and a white face with black numbers and hands. The clock is mounted on the wall, and the painting is hanging on the wall next to it. The painting features a colorful scene with various objects and figures.

The differences between the two images are subtle but noticeable";similarity_results\siglip2_imagenet_test_blind_spots.csv
54918;63089;SigLIP2;0.97620416;CLIP;0.49670836;DINO;0.0554858;The image on the left is a photograph of a young child holding a tube of lipstick. The child has short black hair and is wearing a white shirt with colorful stripes. The background is a plain, light-colored surface. The image on the right is a digital representation of the same scene, but it has been altered to include a pink and blue container of dental floss. The container is open, revealing its contents. The background remains the same, but the child's shirt has been replaced with a white shirt with a blue collar. The lipstick tube is still present in the child's hand. The overall composition and elements within the image are the same, but the background and clothing have been changed.;similarity_results\siglip2_imagenet_test_blind_spots.csv
9645;54918;SigLIP2;0.97457296;CLIP;0.5851042;DINO;0.33715796;"The image on the left shows a young child with short, dark hair, wearing a blue and white striped shirt. The child is holding a chocolate popsicle with nuts on it. The background includes a red toolbox and some other objects, but the focus is on the child and the popsicle.

The image on the right shows a different scene with a person holding a tube of lipstick. The background is blurred, but it appears to be a bathroom setting with a sink and possibly a mirror. The person is wearing a dark jacket or coat. The colors and lighting in the right image are different from the left, with a warmer tone and more saturated colors.

The main differences between the two images are the objects and the background. The left image features a";similarity_results\siglip2_imagenet_test_blind_spots.csv
55087;84404;SigLIP2;0.95079684;CLIP;0.41752008;DINO;-0.02826947;"The two images provided are a pair of visual blind spots, which are pairs that look similar but contain real, specific differences. In this case, the differences are subtle but noticeable.

In the first image, we see a close-up of a bear's face, specifically focusing on its open mouth and teeth. The bear appears to be in a state of aggression or excitement, as indicated by its wide-open mouth and sharp teeth. The background is blurred, and the lighting is soft, creating a gentle glow around the bear's face.

In the second image, we see a young girl sitting at a desk with an open book in front of her. The girl is wearing a graduation cap and glasses, suggesting that she may be in a classroom setting. The";similarity_results\siglip2_imagenet_test_blind_spots.csv
56098;74175;SigLIP2;0.96056306;CLIP;0.6014664;DINO;0.3357334;The image on the left appears to be a nighttime scene, possibly of a cityscape or a park, with a prominent dome structure in the background. The lighting is dim, with streetlights illuminating the area. The image on the right is a daytime scene, likely of a building with a large dome structure in the background. The lighting is bright, with sunlight illuminating the scene. The colors and saturation are different, with the left image having a cooler tone and the right image having a warmer tone. The image on the left contains more shadows and darker areas, while the image on the right has more light and brighter areas. The image on the left contains more details, such as the texture of the building and the trees, while the image;similarity_results\siglip2_imagenet_test_blind_spots.csv
56098;57723;SigLIP2;0.95733464;CLIP;0.5249165;DINO;0.23720905;"The image on the left appears to be a nighttime scene of a cityscape with a prominent dome-shaped building illuminated by numerous small lights. The building has a modern architectural design with a glass facade and a dome that is adorned with numerous small lights, creating a star-like effect. The dome is surrounded by a few trees and a body of water, which reflects the lights of the building and the surrounding city.

The image on the right is a nighttime scene of a similar building, but it is set against a dark background with no visible lights or reflections. The building has a similar dome shape and is surrounded by trees and a body of water. However, the lighting in the right image is much darker, and there are no visible lights or reflections, making";similarity_results\siglip2_imagenet_test_blind_spots.csv
56098;60383;SigLIP2;0.956146;CLIP;0.57334435;DINO;0.13428223;The image on the left appears to be a nighttime scene of a cityscape with a prominent clock tower illuminated by several streetlights. The tower has a white dome and a clock face, and it is surrounded by buildings with various architectural styles. The image on the right is a similar scene, but it is taken from a different angle and shows a different perspective of the same cityscape. The lighting and shadows in the right image are different, with some areas appearing darker and others brighter. The colors and saturation are also slightly different, with the right image having a more muted tone. The image on the left contains more details, such as the texture of the building walls and the reflections on the glass surfaces. The image on the right lacks some of these;similarity_results\siglip2_imagenet_test_blind_spots.csv
57690;75235;SigLIP2;0.96310645;CLIP;0.4681881;DINO;0.4067978;"The two images provided are different in several ways. The first image is a book cover titled ""The Siamese Coup Affair"" by Sidney Weintraub. The cover features a black and white illustration of two women and a man in a doorway. The second image is a book cover titled ""The Fatal Fifth"" by Margaret Penrose. This cover features a black and white illustration of a man sitting on a rock with a gun. The most noticeable difference between the two covers is the color scheme and the type of illustration used. The first cover has a green and black color scheme, while the second cover has a dark blue and black color scheme. Additionally, the first cover has a more detailed illustration of the women and the man, while";similarity_results\siglip2_imagenet_test_blind_spots.csv
57723;95064;SigLIP2;0.9540356;CLIP;0.56229424;DINO;0.08662531;"The image on the left is a night-time photograph of a building with a domed structure, likely a planetarium or observatory, situated near a body of water. The building is illuminated from within, casting a warm glow on the surrounding area. The reflection of the building and lights on the water surface is visible, adding to the overall ambiance of the scene.

The image on the right is a similar scene, but it appears to be a different location or time of day. The lighting is dimmer, and the colors are slightly muted. The building is still illuminated, but the reflections on the water surface are less distinct. The overall atmosphere is darker and more subdued compared to the first image.

The main differences between the two images include:
-";similarity_results\siglip2_imagenet_test_blind_spots.csv
58007;79143;SigLIP2;0.965047;CLIP;0.5034156;DINO;0.0035582222;"The image on the left is of a polar bear and its cub in a snowy landscape. The background is a white, snowy field with tall grasses. The polar bear is standing in the grass, and the cub is sitting on the ground. The image is taken from a low angle, looking up at the bears.

The image on the right is of a shark in the water. The shark is swimming in the dark, with its mouth open, showing its teeth. The background is dark, and the shark is the only visible object in the image. The image is taken from a side angle, looking down at the shark.

The main differences between the two images are the background and the object being depicted. The background in the left image is a";similarity_results\siglip2_imagenet_test_blind_spots.csv
59080;66996;SigLIP2;0.9624105;CLIP;0.57719946;DINO;0.11033467;"The image on the left is a vibrant and colorful scene of a grassy field with a mountain in the background. The sky is filled with clouds, and the sun is setting, casting a warm glow over the landscape. The image has a high dynamic range, with bright highlights and deep shadows, giving it a dramatic and visually striking appearance.

The image on the right is a similar scene, but it has been edited to have a more muted and subdued color palette. The sky is less vibrant, and the overall tone is more subdued. The lighting is also different, with a softer and more diffused light, which gives the image a more serene and calm atmosphere.

The main difference between the two images is the color palette and lighting. The left image";similarity_results\siglip2_imagenet_test_blind_spots.csv
60383;74175;SigLIP2;0.96529114;CLIP;0.51746345;DINO;0.036251485;The image on the left is a nighttime scene featuring a tall, illuminated clock tower with a yellow dome and a clock face. The tower is surrounded by a green, grassy area and a building with a large window and a sign. The image on the right is a nighttime scene featuring a building with a large window and a sign, but the building is not illuminated and the clock tower is not visible. The lighting and shadows in the right image are different, and the colors and saturation are also different. The background details, such as the trees and the street, are also different. The cropping and framing are also different.;similarity_results\siglip2_imagenet_test_blind_spots.csv
60675;78263;SigLIP2;0.95641977;CLIP;0.5948078;DINO;0.03204189;"The image on the left is a silver-colored wine cooler with a decorative design of grapes and leaves around the rim. The design is intricate and detailed, giving it a luxurious appearance. The handle is also silver and has a decorative pattern.

The image on the right is a blue magnifying glass with a blue handle. The magnifying glass has a circular lens and a blue frame. The handle is also blue and has a decorative pattern.

The main difference between the two images is the color and material of the objects. The wine cooler is silver and made of metal, while the magnifying glass is blue and made of plastic. Additionally, the wine cooler has a decorative design, while the magnifying glass has a simple, functional design.";similarity_results\siglip2_imagenet_test_blind_spots.csv
60892;74842;SigLIP2;0.9535463;CLIP;0.3796311;DINO;0.004793521;"The image on the left depicts a serene lakeside scene with a rocky shoreline and a watchtower in the background. The colors are muted, with a soft blue sky and a calm, reflective lake. The lighting is natural, with the sun shining brightly, creating a lens flare effect. The foreground features a pathway leading to the water, and the background includes distant mountains and a clear horizon.

The image on the right shows a different scene, likely a desert or arid landscape with a rocky terrain. The colors are more muted and earthy, with a focus on shades of brown and beige. The lighting is harsher, with deep shadows and a strong contrast between light and dark areas. The foreground features a large, furry animal, possibly a seal";similarity_results\siglip2_imagenet_test_blind_spots.csv
61232;90401;SigLIP2;0.951355;CLIP;0.58430487;DINO;-0.019688452;"The image on the left is a sports bra, while the image on the right is a blender. The main differences between the two images are:

1. The sports bra has a blue background with a black strap and a black hook, while the blender has a white background with a black handle and a black cord.
2. The sports bra has a black hook on the back, while the blender has a black cord on the bottom.
3. The sports bra has a black strap on the front, while the blender has a black handle on the top.
4. The sports bra has a black hook on the back, while the blender has a black cord on the bottom.
5. The sports bra has a blue background with a black strap and a";similarity_results\siglip2_imagenet_test_blind_spots.csv
63089;96859;SigLIP2;0.9879498;CLIP;0.5240657;DINO;0.05866345;"The image on the left is a close-up of a small, open container with a blue lid and a pink base. The container appears to be made of plastic and has a small circular opening at the top. The background is a plain, light-colored surface, possibly a table or countertop.

The image on the right is a photograph of a wooden clock hanging on a wall. The clock has a round face with a black and white dial, and it is mounted on a dark wooden frame. The background is a plain wall with a light-colored texture.

The differences between the two images are subtle but noticeable. The primary difference is the color of the container, which is pink in the first image and black and white in the second image. Additionally,";similarity_results\siglip2_imagenet_test_blind_spots.csv
63089;88803;SigLIP2;0.98314273;CLIP;0.46649125;DINO;0.057657447;"The image on the left is a close-up of a small, open container with a blue lid and a pink base. The container appears to be made of plastic and is designed to hold dental floss. The lid is open, revealing the floss inside. The background is a plain, light-colored surface, possibly a table or countertop.

The image on the right is a close-up of a hand holding a small, colorful pendant necklace. The pendant features a doll-like figure with pink hair and a blue dress adorned with red and green patterns. The necklace is made of metal and has a chain with a small pendant at the end. The background is blurred, making it difficult to discern any specific details.

The main differences between the two images are";similarity_results\siglip2_imagenet_test_blind_spots.csv
15738;63089;SigLIP2;0.97491956;CLIP;0.32654795;DINO;-0.022368878;The image on the left is a close-up of a cooked lobster, while the image on the right is a close-up of a small container of dental floss. The lobster is a bright red color with a shiny, smooth texture, while the dental floss container is a solid pink color with a blue lid. The lobster is positioned on a white surface, while the dental floss container is placed on a wooden surface. The lighting in both images is similar, with a soft, even light that highlights the textures and colors of the objects. The colors in both images are vibrant, with the red lobster and pink dental floss container standing out against the white and wooden backgrounds. The lobster is slightly larger than the dental floss container, and the;similarity_results\siglip2_imagenet_test_blind_spots.csv
63219;93541;SigLIP2;0.95712316;CLIP;0.5903446;DINO;0.06898244;The two images provided are very similar in terms of their overall appearance, but there are subtle differences that can be observed pixel by pixel. The main difference is in the positioning of the barbell and the weights. In the first image, the barbell and weights are positioned in a way that they are not visible, while in the second image, they are clearly visible. Additionally, the second image has a slight color shift in the background, with a more pronounced white background compared to the first image. The lighting and shadows in both images are similar, but the second image has a slightly different shadow cast by the barbell and weights. The cropping and framing of the images are also slightly different, with the second image having a slightly different perspective. Overall;similarity_results\siglip2_imagenet_test_blind_spots.csv
63867;88037;SigLIP2;0.966076;CLIP;0.5688175;DINO;0.11393196;"The image on the left is of a marmoset monkey, while the image on the right is of a red wolf. The main differences between the two images are:

1. **Color and Texture**: The marmoset monkey has a predominantly black and white fur pattern, while the red wolf has a reddish-brown fur pattern. The marmoset monkey has a more pronounced white fur pattern around its eyes and cheeks, while the red wolf has a more uniform reddish-brown fur pattern.
2. **Background**: The background of the marmoset monkey image is a blurred green, while the background of the red wolf image is a solid green. The green background in the marmoset monkey image is more";similarity_results\siglip2_imagenet_test_blind_spots.csv
56098;64557;SigLIP2;0.95164794;CLIP;0.41866976;DINO;0.0762268;"The image on the left is a nighttime scene of a cityscape with a prominent dome structure, likely a mosque or a temple, illuminated by artificial lights. The scene is illuminated by street lamps and other artificial lighting, creating a warm and cozy atmosphere. The background features trees and other buildings, adding depth to the image.

In contrast, the image on the right appears to be a nighttime scene of a racetrack with a car racing on a track. The lighting is bright and focused on the car, creating a high-contrast image. The background is darker and less detailed, with only the track and some distant lights visible. The colors are more muted, with a predominance of blacks and grays.

The most noticeable difference between the two images";similarity_results\siglip2_imagenet_test_blind_spots.csv
64557;74175;SigLIP2;0.95124;CLIP;0.49021438;DINO;0.032758247;"The image on the left appears to be a nighttime scene of a racetrack with a building in the background. The building has a yellow dome and a sign that reads ""Mysteries on Local Lakes."" The image on the right is a nighttime scene of a building with a large window and a sign that reads ""Mysteries on Local Lakes."" The main difference is the color of the dome, which is yellow in the left image and blue in the right image. Additionally, the lighting in the left image is dimmer and more focused on the racetrack, while the lighting in the right image is brighter and more evenly distributed. The colors and saturation of the left image are also different, with a more muted color palette. The image";similarity_results\siglip2_imagenet_test_blind_spots.csv
66605;98340;SigLIP2;0.95101905;CLIP;0.5069438;DINO;0.046481475;The image on the left is a close-up of a rooster's head, showing its distinctive red comb and yellow beak. The background is a rocky surface, likely a gravel or stone path. The image on the right is a close-up of a dung beetle, which is lying on its back with its head down. The beetle is covered in dung, which is a dark brown or black substance. The background is also a rocky surface, similar to the one in the left image. The two images are similar in terms of their subjects and background, but they differ in the presence of the dung beetle in the right image.;similarity_results\siglip2_imagenet_test_blind_spots.csv
52621;66627;SigLIP2;0.9633657;CLIP;0.61009777;DINO;0.3152978;"The image on the left is a ceramic pitcher with a green lid and a handle. The pitcher has a white base with green leaves and flowers painted on it. The background is dark, and the pitcher is centered in the image.

The image on the right is also a ceramic pitcher, but it has a different design. The pitcher has a green lid and a handle. The pitcher has a white base with a different pattern of flowers and leaves painted on it. The background is also dark, and the pitcher is centered in the image.

The main difference between the two images is the design of the pitcher. The pitcher on the left has a simpler design with a white base and green leaves and flowers, while the pitcher on the right has a more complex";similarity_results\siglip2_imagenet_test_blind_spots.csv
66627;97379;SigLIP2;0.95313925;CLIP;0.54228973;DINO;0.17984179;"The image on the left is a salt and pepper shaker with a floral design. The shaker has a white base with a green rim and a wooden pestle inside. The design features a large, colorful flower with geometric patterns and leaves. The background is a solid black color.

The image on the right is also a salt and pepper shaker with a floral design, but it is a different product. This shaker has a white base with a green rim and a wooden pestle inside. The design features a smaller, simpler flower with fewer geometric patterns and leaves. The background is also black, but the overall color scheme is different, with a more muted and less vibrant color palette.

The most noticeable difference between the two images is the size";similarity_results\siglip2_imagenet_test_blind_spots.csv
66738;91162;SigLIP2;0.9502527;CLIP;0.4943806;DINO;0.11647017;"The first image is a digital drum set, while the second image is a pair of bicycle brake levers. The main differences between the two images are:

1. **Drum Set**: The drum set has a digital controller with buttons and a display screen, while the brake levers do not have any such features.
2. **Brake Levers**: The brake levers are designed for bicycles and have a round disc with a pattern of holes, while the drum set has a flat surface with drum pads.
3. **Positioning**: The drum set is placed on a flat surface, while the brake levers are positioned on a bicycle frame.
4. **Orientation**: The drum set is oriented horizontally, while the brake levers are oriented";similarity_results\siglip2_imagenet_test_blind_spots.csv
66738;95305;SigLIP2;0.950078;CLIP;0.38617462;DINO;0.06544317;The image on the left is a digital drum set, while the image on the right is a Pentax camera. The most noticeable difference is the color of the screen. The screen on the left is blue, while the screen on the right is black. Additionally, the Pentax camera has a different logo and branding on the back, as well as a different layout of the buttons and controls. The background of the image on the left is white, while the background of the image on the right is black. The lighting and shadows are also different, with the image on the left having more even lighting and shadows, while the image on the right has more contrast and shadows. The colors and saturation of the image on the left are more vibrant, while;similarity_results\siglip2_imagenet_test_blind_spots.csv
67756;72342;SigLIP2;0.96921885;CLIP;0.49297333;DINO;0.0037449878;"The image on the left shows a pair of yellow-handled scissors with a sharpener on a reflective surface. The scissors have a metallic sheen and the handle is ergonomically designed for comfort. The background is dark, which makes the scissors stand out prominently.

The image on the right appears to be a photograph of a chocolate-covered ice cream bar with nuts on top. The ice cream is placed on a stick, and the background shows a garden with plants and a wooden structure. The ice cream bar is the main focus of the image, and the background is blurred to draw attention to it.

The main difference between the two images is the content of the background. The left image has a dark background with no discernible objects, while the right";similarity_results\siglip2_imagenet_test_blind_spots.csv
67756;98992;SigLIP2;0.95526737;CLIP;0.4944725;DINO;0.014713831;"The image on the left is a close-up of a pair of yellow-handled scissors with a sharpener on a reflective surface. The image on the right is a plate with a sandwich, chips, and a slice of cheese. The main differences between the two images are:

1. **Objects and Arrangement**: The left image shows a pair of scissors and a sharpener on a reflective surface, while the right image shows a plate with a sandwich, chips, and a slice of cheese. The arrangement and positioning of the objects are different.

2. **Background Details**: The left image has a dark background with a reflective surface, while the right image has a plain background. The lighting and shadows are also different.

3. **Colors and Sat";similarity_results\siglip2_imagenet_test_blind_spots.csv
68161;78263;SigLIP2;0.9501463;CLIP;0.54917777;DINO;0.06301311;The images provided are of a tool kit and a magnifying glass. The tool kit image shows a black case with various tools inside, including a hammer, screwdriver, and a pair of pliers. The magnifying glass image shows a blue magnifying glass with a handle that has a logo on it. The differences between the two images are subtle but noticeable. The tool kit image has a more detailed background with a white surface, while the magnifying glass image has a plain white background. The lighting and shadows are also different, with the tool kit image having more shadowed areas and the magnifying glass image having a more uniform light. The colors and saturation are also different, with the tool kit image having a more muted color palette and the;similarity_results\siglip2_imagenet_test_blind_spots.csv
68817;70577;SigLIP2;0.95836556;CLIP;0.5293812;DINO;0.037814308;"The image on the left is of a dachshund puppy wearing a graduation cap, while the image on the right is of a ferret standing on its hind legs with its front paws raised. The main differences between the two images are:

1. The puppy has a light brown coat with a tan underbelly, while the ferret has a dark brown coat with a black and white pattern.
2. The puppy has a blue graduation cap with a blue tassel, while the ferret has a black and white patterned cap with a white tassel.
3. The background of the image on the left is white, while the background of the image on the right is also white but with a faint shadow cast by the ferret";similarity_results\siglip2_imagenet_test_blind_spots.csv
69674;75235;SigLIP2;0.9565213;CLIP;0.3952872;DINO;0.3738367;"The two images provided are different in several ways. The first image is a book cover with a green demon face on it. The second image is also a book cover, but it features a man sitting on a rock with a starry night background. The main differences between the two images are:

1. **Background Details**: The first image has a black background with a green demon face, while the second image has a dark blue background with a starry night sky. The colors and textures are different, with the first image having a more solid black background and the second image having a more gradient effect.

2. **Lighting and Shadows**: The first image has a strong contrast between the green demon face and the black background, with sharp shadows and";similarity_results\siglip2_imagenet_test_blind_spots.csv
70577;80791;SigLIP2;0.9589298;CLIP;0.6013851;DINO;-0.00011563301;"The image on the left is a ferret standing upright with its front paws on its hind legs, looking up towards the sky. The ferret has a black and brown fur coat, with a white patch on its chest. The background is a plain white surface.

The image on the right is a human hand with a bandage on the middle finger, which is raised and pointing upwards. The hand is positioned in a way that the bandage is visible on the thumb and index finger. The background is also white, but the hand is the only object in the image.

The main difference between the two images is the presence of the human hand with the bandage on the middle finger in the right image. The ferret in the left image";similarity_results\siglip2_imagenet_test_blind_spots.csv
71129;71707;SigLIP2;0.9591782;CLIP;0.41505384;DINO;0.030324856;The image on the left is a gas mask, while the image on the right is a laptop. The gas mask has a black strap and a filter on the front, while the laptop has a keyboard with a touchpad and a screen. The gas mask has a gray and black color scheme, while the laptop has a silver and black color scheme. The gas mask has a screen with a map on it, while the laptop has a screen with a keyboard and a touchpad. The gas mask has a filter on the front, while the laptop has a keyboard with a touchpad. The gas mask has a strap on the side, while the laptop has a keyboard with a touchpad. The gas mask has a filter on the front, while the;similarity_results\siglip2_imagenet_test_blind_spots.csv
72411;79143;SigLIP2;0.9515048;CLIP;0.4757704;DINO;0.03719162;The image on the left is a photograph of a cheetah and a gazelle. The cheetah is sitting on the gazelle, which is lying on the ground. The cheetah has a spotted coat and is looking at the gazelle. The image on the right is a photograph of a shark. The shark is swimming in the water, and it has a blue coloration. The shark has a large mouth with sharp teeth and a small eye. The background of the image on the right is dark, and there are no visible objects or textures in the background. The lighting in the image on the right is bright, and the colors are vibrant. The image on the right is cropped and framed differently from the image on the left;similarity_results\siglip2_imagenet_test_blind_spots.csv
39080;72427;SigLIP2;0.9528209;CLIP;0.6237497;DINO;0.07185702;The image on the left is a white climbing helmet with a logo on the front and a black strap. The image on the right is a blue and silver gym bag with a black strap and a black zipper. The main differences between the two images are the color of the bag and the color of the helmet. The bag is blue and silver, while the helmet is white. Additionally, the bag has a black zipper, while the helmet has a black strap. The background of the image on the right is white, while the background of the image on the left is white. The lighting and shadows are similar in both images, but the colors are slightly different. The colors of the bag and the helmet are different, with the bag being blue and silver;similarity_results\siglip2_imagenet_test_blind_spots.csv
43200;74175;SigLIP2;0.95258427;CLIP;0.43434745;DINO;0.13261366;"The image on the left is a nighttime scene featuring the Space Needle in Seattle, Washington. The Space Needle is a famous landmark with its distinctive spherical top and cylindrical base. The image captures the tower from a distance, with the water fountain in the foreground. The lighting is dim, with the fountain illuminated, creating a dramatic effect against the dark sky. The background features trees and some buildings, adding depth to the scene.

The image on the right is a nighttime scene featuring a building with a large, domed structure on the roof. The building has a sign that reads ""Mysteries of the Great Lakes."" The lighting is bright, with the building and the sign being well-lit. The background features trees and some buildings, but the focus";similarity_results\siglip2_imagenet_test_blind_spots.csv
74987;95064;SigLIP2;0.9511298;CLIP;0.58033633;DINO;0.065349445;The image on the left is a night-time photograph of a building with a spherical structure at the top, which is illuminated from within. The building has a series of windows and doors, and there is a walkway around the building. The image on the right is a similar scene, but it is taken at night with a different lighting setup. The building is still illuminated from within, but the lighting is more diffuse and the overall color palette is darker. The reflections on the water surface are also different, with the right image having a more pronounced and reflective surface. Additionally, the shadows and highlights are slightly different, with the right image having a more pronounced shadow on the building. The overall framing and composition of the images are similar, but the lighting;similarity_results\siglip2_imagenet_test_blind_spots.csv
75123;76489;SigLIP2;0.95693225;CLIP;0.63623303;DINO;0.08348403;"The first image shows a single bird perched on a branch against a clear blue sky. The bird has a yellow body with black and white markings on its wings and tail. The background is a solid blue color, indicating a clear and cloudless sky. The bird is positioned on a single branch, which appears to be a thin, straight twig.

The second image shows a group of birds in flight against the same clear blue sky. The birds are in various positions, with some flying higher and others lower. The background remains a solid blue color, indicating no changes in the sky's appearance. The birds are spread out across the frame, with some flying closer to the viewer and others further away.

The differences between the two images are subtle but noticeable";similarity_results\siglip2_imagenet_test_blind_spots.csv
48760;75445;SigLIP2;0.9553485;CLIP;0.5457195;DINO;-0.023752585;"The image on the left depicts a bird in flight against a clear blue sky. The bird has a predominantly white body with yellow and green wing feathers, and its wings are spread wide, indicating it is in mid-flight. The background is a solid blue color, suggesting a clear and cloudless sky.

The image on the right shows a fighter jet in flight against a similarly clear blue sky. The jet has a sleek, modern design with a dark fuselage and a pointed nose. The jet's wings are extended, and there are visible contrails behind it, indicating it is moving at high speed. The background is also a solid blue color, consistent with the first image.

The main difference between the two images is the subject matter: one is a";similarity_results\siglip2_imagenet_test_blind_spots.csv
21453;76489;SigLIP2;0.9542154;CLIP;0.6136404;DINO;0.014240518;The two images provided are of birds in flight, but they are of different species. The bird on the left is a bald eagle, while the bird on the right is an oystercatcher. The bald eagle has a white head and tail, while the oystercatcher has a white head and black wings. The bald eagle has a long, pointed beak, while the oystercatcher has a short, pointed beak. The bald eagle has a large, broad wingspan, while the oystercatcher has a smaller wingspan. The bald eagle has a white underbelly, while the oystercatcher has a black underbelly. The bald eagle has a white tail, while the oystercatcher has;similarity_results\siglip2_imagenet_test_blind_spots.csv
80658;96859;SigLIP2;0.97879624;CLIP;0.43143335;DINO;-0.04103949;The image on the left shows a baby sitting on a chair, holding a large water bottle. The baby is wearing a pink outfit with a floral pattern. The background includes a wooden clock hanging on the wall and a framed picture on the wall. The image on the right shows a similar scene with a baby sitting on a chair, holding a large water bottle. The baby is wearing a pink outfit with a floral pattern. The background includes a wooden clock hanging on the wall and a framed picture on the wall. The only difference between the two images is the color of the wall, which is beige in the left image and white in the right image.;similarity_results\siglip2_imagenet_test_blind_spots.csv
80658;88803;SigLIP2;0.97570753;CLIP;0.40554062;DINO;0.026117872;The image on the left shows a baby holding a large water bottle, while the image on the right shows a hand holding a necklace with a small, colorful pendant. The baby's hand is holding the water bottle, and the hand holding the necklace is holding a small, colorful pendant. The background and lighting are similar in both images, but the colors and saturation are slightly different. The baby's hand is holding the water bottle in a different orientation than the hand holding the necklace. The necklace pendant is also slightly different in size and shape.;similarity_results\siglip2_imagenet_test_blind_spots.csv
73596;81532;SigLIP2;0.9505062;CLIP;0.6290471;DINO;-0.0110559715;"The first image is a navy blue backpack with black and white accents. The second image is a black and red motorcycle helmet with white and red accents. The main differences between the two images are:

1. **Color Scheme**: The backpack is primarily navy blue with black and white accents, while the helmet is primarily black with red and white accents.
2. **Background Details**: The backpack has a plain background, while the helmet has a white background with a logo and text.
3. **Lighting and Shadows**: The backpack has a uniform lighting and shadows, while the helmet has a more complex lighting and shadows due to the reflective surface of the helmet.
4. **Colors and Saturation**: The backpack has a more saturated color scheme, while the";similarity_results\siglip2_imagenet_test_blind_spots.csv
60383;83542;SigLIP2;0.9520663;CLIP;0.6044336;DINO;0.107150055;The image on the left is a nighttime photograph of a clock tower with a statue of a lion on top. The tower is illuminated, and the clock face is visible. The image on the right is a nighttime photograph of a similar clock tower, but it is taken from a different angle and perspective. The tower is still illuminated, but the angle and perspective are different, making the image appear more distorted and less recognizable. The lighting and shadows are also different, with the right image having a more dramatic contrast. The colors and saturation are similar, but the overall composition and framing are different. The image on the right appears to be a blurry or distorted version of the image on the left, with the clock tower and the lion statue appearing more out of;similarity_results\siglip2_imagenet_test_blind_spots.csv
85833;98624;SigLIP2;0.95085263;CLIP;0.34214005;DINO;0.05253963;"The image on the left is a nighttime scene of a live music performance on a stage. The stage is lit by stage lights, and there are several musicians visible on stage, including a guitar player. The background features a large banner with the word ""Jolly Roger"" written on it. The image also shows a traffic light hanging above the stage, and there are some hanging decorations on the stage.

The image on the right is a nighttime scene of a parking garage with a tall sign that reads ""PARK."" The sign is illuminated and has a white background with green letters. The background of the image is darker, and there are no visible musicians or stage lights. The image also shows a traffic light hanging above the parking garage, and there are";similarity_results\siglip2_imagenet_test_blind_spots.csv
60383;87143;SigLIP2;0.95357984;CLIP;0.53703856;DINO;0.053413548;"The image on the left appears to be a blurry, low-resolution photograph of a clock tower at night. The tower is illuminated, and the background is dark, indicating it is nighttime. The image is slightly tilted, and the lighting is uneven, with some areas being brighter than others. The clock face is visible, and the tower has a pointed top.

The image on the right is a high-resolution, clear photograph of the same clock tower at night. The lighting is much brighter, and the tower is well-lit, making it easy to see the details. The background is also darker, and the lighting is more even, with no noticeable blurriness. The tower has a pointed top, and the clock face is clearly visible. The image";similarity_results\siglip2_imagenet_test_blind_spots.csv
88803;96859;SigLIP2;0.9813051;CLIP;0.44534397;DINO;0.044880204;The image on the left shows a hand holding a small, colorful pendant necklace with a doll-like figure. The pendant features a red hair bow and a blue dress with red and green patterns. The background includes a wooden clock with a decorative frame and a wall clock with a clock face. The image on the right shows a wooden clock with a decorative frame and a wall clock with a clock face. The background includes a painting of a family and a wall with a picture frame. The main difference between the two images is the color of the background and the presence of the painting in the right image.;similarity_results\siglip2_imagenet_test_blind_spots.csv
9645;80658;SigLIP;0.9792074;CLIP;0.59169745;DINO;0.1172642;The image on the left shows a child eating a chocolate ice cream bar while holding a large water bottle. The child is wearing a striped shirt and has a red sweater over it. The background includes a red toolbox and some other objects. The image on the right shows a different child, also eating a chocolate ice cream bar, but this time holding a bottle of water. The child is wearing a red and white striped shirt and has a blue sweater over it. The background includes a window and some other objects. The main difference between the two images is the type of food being eaten and the presence of a water bottle in the right image.;similarity_results\siglip_imagenet_test_blind_spots.csv
9645;88803;SigLIP;0.97015524;CLIP;0.44079024;DINO;0.06307247;"The image on the left shows a child eating a chocolate popsicle with a red and white striped shirt. The popsicle has a bite taken out of it, and the child is holding it in their mouth. The background includes a red toolbox and some other objects.

The image on the right shows a hand holding a small, crocheted doll with a blue dress and pink hair. The doll is wearing a red bow and has a necklace with a small pendant. The background includes a book and some other objects.

The main differences between the two images are the objects being held and the positions of the hands. The child in the left image is holding the popsicle in their mouth, while the hand in the right image is holding the doll. Additionally";similarity_results\siglip_imagenet_test_blind_spots.csv
9645;54918;SigLIP;0.96561974;CLIP;0.5849746;DINO;0.33726263;"The image on the left shows a young child with short, dark hair, wearing a blue and white striped shirt. The child is holding a chocolate popsicle with nuts on it. The background includes a red toolbox and some other objects, but the focus is on the child and the popsicle.

The image on the right shows a different scene with a person holding a tube of lipstick. The background is blurred, but it appears to be a bathroom setting with a sink and possibly a mirror. The person is wearing a dark jacket or coat. The colors and lighting in the right image are different from the left, with a warmer tone and more saturated colors.

The main differences between the two images are the objects and the background. The left image features a";similarity_results\siglip_imagenet_test_blind_spots.csv
9645;15738;SigLIP;0.964206;CLIP;0.3962909;DINO;0.0503397;The image on the left shows a child eating a chocolate ice cream pop, while the image on the right shows a cooked lobster in a white container. The main difference between the two images is the content of the images. The child in the left image is eating a chocolate ice cream pop, while the lobster in the right image is cooked and placed in a white container. The background and lighting in both images are similar, but the content of the images is different.;similarity_results\siglip_imagenet_test_blind_spots.csv
10089;31234;SigLIP;0.95029455;CLIP;0.4663995;DINO;0.06515938;"The two images provided are indeed from a dataset of visual blind spots, but they contain real, specific differences that can be identified pixel by pixel. 

In the first image, there are two padlocks with a Swiss Army logo on them. The locks are positioned side by side, with the left padlock slightly overlapping the right one. The background is plain white, and the lighting is even, with no shadows or highlights visible.

In the second image, there is a single makeup brush with a black bristle end and a silver handle. The brush is lying on its side, with the bristle end pointing upwards. The background is also plain white, and the lighting is even, with no shadows or highlights visible.

The differences between the two images";similarity_results\siglip_imagenet_test_blind_spots.csv
14454;75271;SigLIP;0.9533662;CLIP;0.42742813;DINO;0.41566575;The two images provided are of the same animal, but they differ in their background details, lighting, and cropping. The animal in the first image has a more detailed background with visible textures and patterns, while the animal in the second image has a simpler background with fewer details. The lighting in the first image is brighter, with more pronounced shadows and highlights, while the lighting in the second image is darker, with less pronounced shadows and highlights. The cropping in the first image is more detailed, with the animal's entire body visible, while the cropping in the second image is more limited, with only the animal's head and upper body visible. Additionally, the second image has a missing small element, which is a small white object on the ground that is;similarity_results\siglip_imagenet_test_blind_spots.csv
15738;80658;SigLIP;0.96004856;CLIP;0.36201578;DINO;0.05002358;The image on the left is a close-up of a cooked lobster, while the image on the right is a baby holding a large water bottle. The lobster is red and has a shiny, smooth texture, while the baby is wearing a floral-patterned bib and is holding a water bottle. The lobster is positioned on a white surface, while the baby is sitting on a dark surface. The lobster has a large, clawed foot, while the baby has small, delicate fingers. The lobster has a long, slender body, while the baby has a round, chubby body. The lobster has a shiny, smooth texture, while the baby has a rough, wrinkled texture. The lobster has a large, clawed foot, while the baby has small;similarity_results\siglip_imagenet_test_blind_spots.csv
15738;88803;SigLIP;0.9596111;CLIP;0.33489978;DINO;0.0042883884;"The image on the left is a close-up of a person's hand holding a lobster. The lobster is red and has a shiny, smooth texture. The hand is holding a small, colorful pendant necklace with a girl on it. The background is a plain, light-colored surface.

The image on the right is a close-up of a person's hand holding a lobster. The lobster is red and has a shiny, smooth texture. The hand is holding a small, colorful pendant necklace with a girl on it. The background is a plain, light-colored surface.

The only difference between the two images is the background. The background in the left image is a plain, light-colored surface, while the background in the right image is a plain, light-colored";similarity_results\siglip_imagenet_test_blind_spots.csv
15738;96859;SigLIP;0.9580264;CLIP;0.30734617;DINO;-0.043082237;The image on the left is a close-up of a cooked lobster, while the image on the right is a wooden clock hanging on a wall. The lobster is a bright red color with a shiny, smooth texture, while the clock has a dark wooden frame with a white face and black hands. The lobster is positioned on a white surface, while the clock is mounted on a beige wall. The lobster has a large, clawed foot, while the clock has a round face with a clock face. The lobster has a long, slender body, while the clock has a rectangular shape. The lobster has a shiny, smooth texture, while the clock has a dark wooden frame with a white face and black hands. The lobster has a large, clawed;similarity_results\siglip_imagenet_test_blind_spots.csv
23922;66846;SigLIP;0.96327615;CLIP;0.6406014;DINO;0.12764621;The two images provided are very similar, but there are subtle differences that can be observed. The most noticeable difference is the color of the light coming from the projector. In the first image, the light is a bright white, while in the second image, the light is a slightly bluish tint. Additionally, the second image has a slightly different angle of the projector, with the lens being more angled towards the viewer. The background in the second image also appears to have a slightly different texture and pattern. Overall, while the images are very similar, there are subtle differences that can be noticed when examining them pixel by pixel.;similarity_results\siglip_imagenet_test_blind_spots.csv
38554;72704;SigLIP;0.97640306;CLIP;0.6120843;DINO;0.091142155;The image on the left is of a polar bear lying on its side on a rock, while the image on the right is of a squirrel sitting on a cage. The polar bear is white and has a long, bushy tail, while the squirrel is brown and has a short tail. The polar bear is lying on its stomach, while the squirrel is sitting upright. The background of the polar bear image is a rocky surface, while the background of the squirrel image is a cage with bars. The lighting and shadows in both images are similar, but the colors and saturation are different. The polar bear image has a more muted color palette, while the squirrel image has a more vibrant color palette. The squirrel image also has a slightly different texture and pattern;similarity_results\siglip_imagenet_test_blind_spots.csv
38554;54177;SigLIP;0.97065395;CLIP;0.649331;DINO;0.12124873;The image on the left is of a polar bear, while the image on the right is of a tiger. The polar bear is a large, white bear with a long, bushy tail and a short, bushy beard. The tiger is a large, orange and black cat with a long, bushy tail and a short, bushy beard. The polar bear is lying on its back on a rocky surface, while the tiger is lying on its back on a rocky surface. The polar bear has a long, bushy tail and a short, bushy beard, while the tiger has a long, bushy tail and a short, bushy beard. The polar bear has a long, bushy tail and a short, bushy beard;similarity_results\siglip_imagenet_test_blind_spots.csv
42236;66658;SigLIP;0.9567186;CLIP;0.49563307;DINO;0.060559515;"The image on the left is a close-up of a turtle, while the image on the right is a close-up of a fox. The main differences between the two images are:

1. **Background Details**: The background in the left image is a dark, possibly underground setting with some leaves and twigs, while the background in the right image is a grassy area with no visible background elements.
2. **Lighting and Shadows**: The lighting in the left image is softer and more even, while the lighting in the right image is harsher and more dramatic, with shadows cast by the fox's fur.
3. **Colors and Saturation**: The colors in the left image are more muted and natural, with a focus on earthy tones";similarity_results\siglip_imagenet_test_blind_spots.csv
42236;58007;SigLIP;0.95623934;CLIP;0.5008584;DINO;0.027029116;The image on the left is a close-up of a turtle, while the image on the right is a scene of a polar bear and its cubs in the snow. The turtle is a large, dark-colored turtle with a smooth, textured shell, while the polar bear is a large, white bear with a thick, fluffy coat. The turtle is sitting on the ground with its head and legs visible, while the polar bear is standing in the snow with its head and legs visible. The background of the image on the left is a dark, blurred area, while the background of the image on the right is a snowy landscape with tall grass and snow-covered ground. The lighting in the image on the left is bright and even, while the lighting in;similarity_results\siglip_imagenet_test_blind_spots.csv
42236;48596;SigLIP;0.95073485;CLIP;0.59582984;DINO;0.06684847;The two images provided are of the same animal, but they are taken from different angles and perspectives. The first image is a close-up of a turtle, while the second image is a wider shot of a tiger. The turtle is positioned on the ground with its head and legs visible, while the tiger is lying down in the water with its body partially submerged. The background in the first image is a natural setting with leaves and grass, while the second image has a more industrial or man-made environment with a body of water and a concrete surface. The lighting in the first image is softer and more diffused, while the second image has a stronger contrast and more shadows. The colors in the first image are more muted, while the second image has a;similarity_results\siglip_imagenet_test_blind_spots.csv
48596;66658;SigLIP;0.96596444;CLIP;0.54228246;DINO;0.0021092854;"The two images provided are of a tiger and a fox, both resting on the ground. The tiger image is from the ""Arkive"" dataset and is labeled as ""www.arkive.org."" The fox image is labeled as ""www.arkive.org"" as well. Both images are of similar size and resolution, but there are subtle differences that can be observed.

In the tiger image, the background features a mix of green and brown hues, with some patches of sunlight creating a gradient effect. The tiger's fur is primarily brown with black stripes, and its eyes are open, showing a yellowish-brown color. The lighting is natural, with shadows cast by the tiger's body and the surrounding foliage.

In the fox image, the";similarity_results\siglip_imagenet_test_blind_spots.csv
48596;58007;SigLIP;0.9659326;CLIP;0.5283448;DINO;0.034833275;"The image on the left is of a tiger resting on the ground near a body of water, surrounded by fallen leaves and grass. The tiger has a brown and black striped pattern, with its head turned slightly to the side. The background is a mix of green grass and brown leaves, with a clear sky visible in the distance.

The image on the right is of two polar bears in a snowy landscape, with tall grasses in the foreground. One polar bear is standing, while the other is sitting on the ground. The background is a snowy field with a clear sky visible in the distance.

The main differences between the two images are:

1. The tiger is resting on the ground, while the polar bears are standing and sitting in the snow.";similarity_results\siglip_imagenet_test_blind_spots.csv
54177;72704;SigLIP;0.9782158;CLIP;0.64211357;DINO;0.11080061;The image on the left is of a tiger, while the image on the right is of a squirrel. The tiger is a large, orange and black striped animal with a long tail and sharp claws. The squirrel is a small, brown and black striped animal with a long tail and small claws. The tiger is standing in a cage with a metal mesh fence, while the squirrel is sitting on a branch with its front paws on the fence. The tiger has a long, curved tail, while the squirrel has a short, bushy tail. The tiger has a long, curved tail, while the squirrel has a short, bushy tail. The tiger has a long, curved tail, while the squirrel has a short, bushy tail. The;similarity_results\siglip_imagenet_test_blind_spots.csv
54918;63089;SigLIP;0.9772692;CLIP;0.49675372;DINO;0.055745583;The image on the left is a photograph of a young child holding a tube of lipstick. The child has short black hair and is wearing a white shirt with colorful stripes. The background is a plain, light-colored surface. The image on the right is a digital representation of the same scene, but it has been altered to include a pink and blue container of dental floss. The container is open, revealing its contents. The background remains the same, but the child's shirt has been replaced with a white shirt with a blue collar. The lipstick tube is still present in the child's hand. The overall composition and elements within the image are the same, but the background and clothing have been changed.;similarity_results\siglip_imagenet_test_blind_spots.csv
54918;80658;SigLIP;0.9745832;CLIP;0.5496991;DINO;0.26948145;"The image on the left is a photograph of a young child holding a bottle of water and a tube of lipstick. The child has short black hair and is wearing a white shirt with red and yellow stripes. The background is blurred, but it appears to be an indoor setting with some furniture and decor visible.

The image on the right is a photograph of the same child holding the same bottle of water and lipstick. However, there is a significant difference in the child's expression and the clothing. The child in the right image has a more neutral expression and is wearing a pink and white floral-patterned shirt. The background is also different, with a window and some furniture visible.

The main difference between the two images is the child's expression and clothing.";similarity_results\siglip_imagenet_test_blind_spots.csv
54918;88803;SigLIP;0.969676;CLIP;0.4509096;DINO;-0.0058101397;"The image on the left is a close-up of a young child holding a small, colorful necklace. The child has short, dark hair and is wearing a white shirt with colorful stripes. The necklace features a small, embroidered doll with pink hair and a red bow. The background is blurred, focusing attention on the child and the necklace.

The image on the right is a close-up of a hand holding a small, colorful necklace. The hand is holding a small, colorful necklace with a small, embroidered doll with pink hair and a red bow. The background is blurred, focusing attention on the hand and the necklace.

The main difference between the two images is the background. In the left image, the background is blurred, while in the right image,";similarity_results\siglip_imagenet_test_blind_spots.csv
58007;66658;SigLIP;0.9629822;CLIP;0.5691035;DINO;0.13585377;The image on the left is a polar bear and a fox, while the image on the right is a fox. The polar bear is a large, white bear with a thick, fluffy coat, while the fox is a smaller, reddish-brown animal with a lighter underbelly. The polar bear is standing in the snow, while the fox is lying down in the grass. The background in the left image is a snowy landscape with tall grass, while the background in the right image is a grassy field with a blue sky. The lighting in the left image is bright and clear, while the lighting in the right image is softer and more diffused. The colors in the left image are more muted, while the colors in the right image;similarity_results\siglip_imagenet_test_blind_spots.csv
58007;79143;SigLIP;0.96067417;CLIP;0.50351757;DINO;0.0035542436;"The image on the left is of a polar bear and its cub in a snowy landscape. The background is a white, snowy field with tall grasses. The polar bear is standing in the grass, and the cub is sitting on the ground. The image is taken from a low angle, looking up at the bears.

The image on the right is of a shark in the water. The shark is swimming in the dark, with its mouth open, showing its teeth. The background is dark, and the shark is the only visible object in the image. The image is taken from a side angle, looking down at the shark.

The main differences between the two images are the background and the object being depicted. The background in the left image is a";similarity_results\siglip_imagenet_test_blind_spots.csv
63089;80658;SigLIP;0.9731276;CLIP;0.43981296;DINO;0.051313993;"The image on the left is a close-up of a small, open container of dental floss. The container is pink with a blue lid, and it appears to be made of plastic. The background is a plain, light-colored surface, possibly a table or countertop.

The image on the right is a photograph of a baby holding a large, clear plastic water bottle. The baby is wearing a floral-patterned bib and is sitting on a dark-colored surface, possibly a chair or a bed. The background is a window with a white frame, and the lighting is natural.

The main difference between the two images is the context and the objects being held by the baby. In the left image, the baby is holding a container of dental floss";similarity_results\siglip_imagenet_test_blind_spots.csv
63089;88803;SigLIP;0.9718698;CLIP;0.46666682;DINO;0.057586893;"The image on the left is a close-up of a small, open container with a blue lid and a pink base. The container appears to be made of plastic and is designed to hold dental floss. The lid is open, revealing the floss inside. The background is a plain, light-colored surface, possibly a table or countertop.

The image on the right is a close-up of a hand holding a small, colorful pendant necklace. The pendant features a doll-like figure with pink hair and a blue dress adorned with red and green patterns. The necklace is made of metal and has a chain with a small pendant at the end. The background is blurred, making it difficult to discern any specific details.

The main differences between the two images are";similarity_results\siglip_imagenet_test_blind_spots.csv
63089;96859;SigLIP;0.9622337;CLIP;0.5242929;DINO;0.05862567;"The image on the left is a close-up of a small, open container with a blue lid and a pink base. The container appears to be made of plastic and has a small circular opening at the top. The background is a plain, light-colored surface, possibly a table or countertop.

The image on the right is a photograph of a wooden clock hanging on a wall. The clock has a round face with a black and white dial, and it is mounted on a dark wooden frame. The background is a plain wall with a light-colored texture.

The differences between the two images are subtle but noticeable. The primary difference is the color of the container, which is pink in the first image and black and white in the second image. Additionally,";similarity_results\siglip_imagenet_test_blind_spots.csv
80658;88803;SigLIP;0.97832584;CLIP;0.40573883;DINO;0.026078686;The image on the left shows a baby holding a large water bottle, while the image on the right shows a hand holding a necklace with a small, colorful pendant. The baby's hand is holding the water bottle, and the hand holding the necklace is holding a small, colorful pendant. The background and lighting are similar in both images, but the colors and saturation are slightly different. The baby's hand is holding the water bottle in a different orientation than the hand holding the necklace. The necklace pendant is also slightly different in size and shape.;similarity_results\siglip_imagenet_test_blind_spots.csv
84404;93600;SigLIP;0.9581287;CLIP;0.325882;DINO;-0.029746175;"The two images provided are a pair of visual blind spots, which are pairs that look similar but contain real, specific differences. In this case, the differences are subtle but noticeable.

The first image is a black-and-white photograph of a young girl wearing a graduation cap and glasses, sitting at a desk with an open book in front of her. The background is a plain, light-colored wall, and the lighting is soft and even, casting gentle shadows on the girl's face and the book.

The second image is a color photograph of a polar bear peeking out from behind a snowbank. The background is a clear, blue sky, and the lighting is bright and sunny, casting strong shadows on the bear's face and the snowbank.

The";similarity_results\siglip_imagenet_test_blind_spots.csv
88803;96859;SigLIP;0.9685347;CLIP;0.44555303;DINO;0.044973873;The image on the left shows a hand holding a small, colorful pendant necklace with a doll-like figure. The pendant features a red hair bow and a blue dress with red and green patterns. The background includes a wooden clock with a decorative frame and a wall clock with a clock face. The image on the right shows a wooden clock with a decorative frame and a wall clock with a clock face. The background includes a painting of a family and a wall with a picture frame. The main difference between the two images is the color of the background and the presence of the painting in the right image.;similarity_results\siglip_imagenet_test_blind_spots.csv
54918;96859;SigLIP;0.9642476;CLIP;0.38785034;DINO;0.033030584;"The image on the left is a photograph of a young child holding a tube of lipstick. The child has short, dark hair and is wearing a white shirt with colorful stripes. The background features a wooden clock hanging on the wall, which has a dark wooden frame and a white face with black numbers and hands. The clock is positioned against a light-colored wall.

The image on the right is a photograph of a wall with a wooden clock and a painting. The clock has a dark wooden frame and a white face with black numbers and hands. The clock is mounted on the wall, and the painting is hanging on the wall next to it. The painting features a colorful scene with various objects and figures.

The differences between the two images are subtle but noticeable";similarity_results\siglip_imagenet_test_blind_spots.csv
80658;96859;SigLIP;0.9633939;CLIP;0.43172258;DINO;-0.041042186;The image on the left shows a baby sitting on a chair, holding a large water bottle. The baby is wearing a pink outfit with a floral pattern. The background includes a wooden clock hanging on the wall and a framed picture on the wall. The image on the right shows a similar scene with a baby sitting on a chair, holding a large water bottle. The baby is wearing a pink outfit with a floral pattern. The background includes a wooden clock hanging on the wall and a framed picture on the wall. The only difference between the two images is the color of the wall, which is beige in the left image and white in the right image.;similarity_results\siglip_imagenet_test_blind_spots.csv
