id_1;id_2;base_name;score_base;ref_1_name;score_ref_1;ref_2_name;score_ref_2;qwen_description;source_file
20;465;CLIP;0.96122706;SigLIP;0.4258185;DINO;0.990587;The two images provided are of a person with similar features, but there are subtle differences that can be observed pixel by pixel. The background in the first image appears to be a plain, light-colored wall, while the second image has a darker, more textured background. The lighting in both images is similar, with a soft, even light that highlights the subject's features. The colors in both images are similar, with a neutral tone that does not stand out. The object positions and sizes are also similar, with the subject's face being the central focus of both images. However, there is a slight difference in the hair texture in the second image, which appears to be slightly more curly and less defined than in the first image. Additionally, there is;similarity_results\clip_caltech_blind_spots.csv
55;7297;CLIP;0.9873922;SigLIP;0.58670044;DINO;0.9905975;The image on the left appears to be a jaguar, while the image on the right is not. The jaguar has a distinct pattern of dark spots on a lighter background, while the image on the right does not have this pattern. Additionally, the jaguar's tail is long and bushy, while the image on the right does not have this feature. The jaguar's eyes are also open, while the image on the right does not have this feature. The jaguar's ears are also visible, while the image on the right does not have this feature. The jaguar's legs are also visible, while the image on the right does not have this feature. The jaguar's mouth is also visible, while the image on the;similarity_results\clip_caltech_blind_spots.csv
84;8550;CLIP;0.9651669;SigLIP;0.36660862;DINO;0.7480843;"The image on the left is a Yin-Yang symbol, which is a traditional symbol of balance and harmony. The symbol consists of two circles, one black and one white, with a small black dot in the center of the white circle. The background is a solid gray color, and the lighting is even and soft, with no harsh shadows or highlights.

The image on the right is a similar symbol, but it is rotated 90 degrees clockwise. The Yin-Yang symbol on the right is also a traditional symbol of balance and harmony, but it has a different orientation and a different background color. The background is a solid black color, and the lighting is also even and soft, with no harsh shadows or highlights.

The main difference between the";similarity_results\clip_caltech_blind_spots.csv
84;4583;CLIP;0.9633423;SigLIP;0.4173151;DINO;0.78833413;The two images provided are a pair of visual blind spots, which are pairs that look similar but contain real, specific differences. In this case, the differences are subtle but noticeable. The first image is a black and white Yin-Yang symbol, which is a traditional symbol of balance and harmony. The second image is a black and white Yin-Yang symbol, but it is rotated 90 degrees clockwise. The background details, lighting, colors, and saturation are the same in both images, but the orientation of the symbol is different. Additionally, the small details such as the texture of the background, the position of the symbol, and the overall framing of the image are the same in both images.;similarity_results\clip_caltech_blind_spots.csv
116;5039;CLIP;0.95730233;SigLIP;0.13983625;DINO;0.9829484;"The image on the left is a scorpion, while the image on the right is a similar-looking scorpion. The main differences between the two images are:

1. The scorpion on the left has a more vibrant and varied coloration, with shades of yellow and orange, while the scorpion on the right has a more muted and less varied coloration.
2. The scorpion on the left has a more pronounced and detailed texture, with visible scales and a more defined outline, while the scorpion on the right has a more blurred and less defined texture.
3. The scorpion on the left has a more pronounced and defined head, with a clearly defined mouth and eyes, while the scorpion on the right has a more blurred and";similarity_results\clip_caltech_blind_spots.csv
124;7259;CLIP;0.95604104;SigLIP;0.26441765;DINO;0.822205;The two images provided are of a person with a similar appearance, but they differ in subtle ways. The person in the first image has a more pronounced nose and a slightly different facial structure compared to the person in the second image. Additionally, the second image has a slightly different hair texture and color. The background in the second image appears to be more cluttered with objects and shelves, while the first image has a more minimalist background. The lighting and shadows in both images are similar, but the second image has a slightly different lighting setup. The colors and saturation are also similar, but the second image has a slightly different color tone. The small details such as text, logos, accessories, and decorations are also different between the two images. The cropping;similarity_results\clip_caltech_blind_spots.csv
124;7137;CLIP;0.95534146;SigLIP;0.2748555;DINO;0.8273604;The two images provided are of a person with dark hair and a white shirt. The person in the first image has a visible scar on their forehead, while the person in the second image does not. Additionally, the second image has a slight difference in the lighting and shadows, with the person's face appearing slightly darker in the second image. The background in the second image also appears to have a different texture and pattern compared to the first image. The colors and saturation of the images are also slightly different, with the second image appearing slightly more vibrant.;similarity_results\clip_caltech_blind_spots.csv
124;616;CLIP;0.9514034;SigLIP;0.30041003;DINO;0.8584375;The two images provided are of a person with a similar appearance, but they differ in subtle ways. The person in the first image has a more pronounced nose and a slightly different facial structure compared to the person in the second image. Additionally, the second image has a slightly different hair color and texture. The background in the second image appears to be more cluttered, with more objects and patterns visible, while the first image has a more minimalist background. The lighting and shadows in both images are similar, but the second image has a slightly different lighting setup, with more shadows and highlights. The colors and saturation in both images are similar, but the second image has a slightly different color palette. The small details, such as text, logos, accessories,;similarity_results\clip_caltech_blind_spots.csv
124;199;CLIP;0.9507733;SigLIP;0.58494264;DINO;0.7209327;The two images provided are of a person with a visible difference in their face. The person in the first image has a visible scar on their forehead, while the person in the second image does not. The scar is a small, circular mark on the forehead, and it is located on the left side of the forehead. The person in the first image has a more pronounced scar, while the person in the second image has a smaller scar. The background details, lighting, colors, textures, and shadows are similar between the two images, but the presence of the scar is the only difference.;similarity_results\clip_caltech_blind_spots.csv
128;563;CLIP;0.9908878;SigLIP;0.4248045;DINO;0.9897428;The two images provided are of jaguars, but they differ in several subtle ways. The jaguar in the first image has a more pronounced pattern of dark and light spots on its fur, which is a characteristic feature of jaguars. The jaguar in the second image has a more uniform coloration, with a lighter fur pattern. Additionally, the second image appears to be slightly rotated, which could affect the overall perception of the image. The background in the second image also appears to have a different texture and pattern, which could be due to the lighting or the angle of the shot. Overall, while the images are of the same subject, there are some differences in the details and textures that can be noticed.;similarity_results\clip_caltech_blind_spots.csv
137;6322;CLIP;0.95061386;SigLIP;0.5877366;DINO;0.9086722;"The image on the left appears to be a close-up of a person's face, likely taken indoors. The background features a sign with the word ""LABORATORIO"" written in large, bold letters. The lighting is soft and even, with no harsh shadows or highlights. The colors are natural and muted, with a slight warm tone to the skin tones.

The image on the right is a similar scene, but it is a different angle and perspective. The person's face is still visible, but the background is blurred and less distinct. The lighting is also softer, with a more diffused effect. The colors are similar, but there is a slight difference in the shadows and highlights, particularly around the person's face and hair. The background";similarity_results\clip_caltech_blind_spots.csv
279;5645;CLIP;0.9540167;SigLIP;0.27984536;DINO;0.4690289;The two images provided are of a person with similar features, but they differ in subtle ways. The person in the first image has a more pronounced nose and a slightly different facial structure compared to the person in the second image. Additionally, the second image has a slightly different hair texture and color. The background in the second image appears to be more blurred, which could be due to a difference in the camera settings or the lighting conditions. The lighting in both images is similar, but the second image has a slightly different shadow cast by the person's head. The colors in both images are similar, but the second image has a slightly different hue in the skin tone. The cropping and framing of the images are similar, but the second image has a slightly;similarity_results\clip_caltech_blind_spots.csv
315;6340;CLIP;0.95800894;SigLIP;0.45173416;DINO;0.9144213;The image on the left is a 3D rendering of a human brain, while the image on the right is a photograph of the same brain. The differences between the two images are subtle but noticeable. The brain on the left is a grayscale image, while the brain on the right is a color image. The brain on the left has a more uniform color, while the brain on the right has a more varied color palette. The brain on the left has a more defined outline, while the brain on the right has a more blurred outline. The brain on the left has a more defined texture, while the brain on the right has a more blurred texture. The brain on the left has a more defined lighting, while the brain on the right has;similarity_results\clip_caltech_blind_spots.csv
327;4900;CLIP;0.956423;SigLIP;0.5277833;DINO;0.9665496;The two images provided are of a soccer ball, but they differ in their background details, lighting, colors, and small details. The first image has a more muted and darker background, while the second image has a lighter and brighter background. The lighting in the first image is more subdued, with shadows and highlights that are less pronounced than in the second image. The colors in the first image are more muted and less vibrant, while the second image has more saturated and vivid colors. The small details, such as the texture of the ball and the patterns on the surface, are also different. The first image has a more uniform texture, while the second image has a more textured and detailed surface. Overall, the differences between the two images are subtle,;similarity_results\clip_caltech_blind_spots.csv
327;688;CLIP;0.9531193;SigLIP;0.5811113;DINO;0.96054995;The two images provided are of a soccer ball, but they differ in their background details, lighting, colors, and small details. The first image has a black and white background with a textured surface, while the second image has a solid white background with a smooth surface. The lighting in the first image is more diffused, with shadows that are softer and less pronounced, while the second image has sharper shadows and a more intense light source. The colors in the first image are more muted, with a limited range of tones, while the second image has a more vibrant color palette with a wider range of hues. The small details in the first image, such as the texture of the ball and the pattern of the stitching, are more visible and detailed,;similarity_results\clip_caltech_blind_spots.csv
331;5925;CLIP;0.9547838;SigLIP;0.3440978;DINO;0.70898914;The two images provided are of a man with a bald head and a beard. The differences between the two images are subtle but noticeable. In the first image, the man's hair is slightly longer and the beard is slightly thicker. In the second image, the hair is slightly shorter and the beard is slightly thinner. Additionally, the background in the second image appears to be slightly darker and more shadowed. These differences are not immediately obvious but can be detected by a careful examination of the image.;similarity_results\clip_caltech_blind_spots.csv
331;7507;CLIP;0.9535179;SigLIP;0.31297177;DINO;0.77182907;The two images provided are of a man with a bald head and a beard. The differences between the two images are subtle but noticeable. In the first image, the man's hair is slightly longer and the background features a patterned wall. In the second image, the hair is shorter and the background features a plain wall. Additionally, the second image has a slight shift in the man's facial features, such as the angle of his nose and the curvature of his lips. These differences are not immediately obvious but can be detected with a keen eye.;similarity_results\clip_caltech_blind_spots.csv
331;1864;CLIP;0.9519727;SigLIP;0.3024208;DINO;0.7075827;The two images provided are of a man with a bald head and a beard. The differences between the two images are subtle but noticeable. In the first image, the man's hair is slightly longer and more voluminous than in the second image. Additionally, the second image has a slightly different lighting and shadowing, with a more pronounced shadow on the man's face. The background in the second image also appears to have a slightly different texture and pattern. These differences are not significant enough to be considered identical, but they are enough to make the images look slightly different.;similarity_results\clip_caltech_blind_spots.csv
349;5246;CLIP;0.9590714;SigLIP;0.3413206;DINO;0.96917963;The two images provided are very similar in terms of overall appearance, but there are subtle differences that can be observed pixel by pixel. The most noticeable difference is the slight shift in the woman's hair, which appears to be slightly more disheveled in the second image. Additionally, the lighting in the second image appears to be slightly brighter, which can be seen in the shadows and highlights on the woman's face. The colors in the second image also seem to be slightly more vibrant, with a more pronounced contrast between the light and dark areas. These differences are subtle, but they can be detected by a trained human observer.;similarity_results\clip_caltech_blind_spots.csv
406;3627;CLIP;0.9505775;SigLIP;0.59605634;DINO;0.8796358;"The image on the left is a vibrant yellow sunflower with a bright yellow center and a yellow and orange border. The petals are long and narrow, and the flower is surrounded by green leaves. The background is dark, likely indicating a garden or outdoor setting.

The image on the right is also a sunflower, but it has a different coloration. The petals are a deep orange, and the center is a deep red. The flower is still surrounded by green leaves, but the background is a lighter color, possibly indicating a different setting or lighting conditions.

The main differences between the two images are in the color of the petals and the color of the center. The left image has yellow petals and a yellow and orange center, while the right image";similarity_results\clip_caltech_blind_spots.csv
442;548;CLIP;0.95702446;SigLIP;0.27525192;DINO;0.88898724;The two images provided are of a man with a bald head and a beard. The differences between the two images are subtle but noticeable. In the first image, the man's hair is slightly longer and more voluminous than in the second image. Additionally, the second image has a slightly different lighting and shadowing, with a more pronounced shadow on the man's face. The background in the second image also appears to have a different texture and pattern, which could be due to the lighting or the angle of the photograph. The cropping and framing of the images are also slightly different, with the second image appearing to have a slightly different perspective. Overall, while the differences are subtle, they are enough to make the two images distinct.;similarity_results\clip_caltech_blind_spots.csv
495;6896;CLIP;0.95683855;SigLIP;0.4575562;DINO;0.97126347;"The image on the left is a painting of a stegosaurus, a type of dinosaur known for its distinctive bony plates on its back. The painting is rendered in a realistic style, with detailed textures and shading to give it a three-dimensional appearance. The colors are primarily shades of pink and brown, with some highlights and shadows that add depth and realism.

The image on the right is a photograph of a real stegosaurus, also known as Stegosaurus. This photograph is also rendered in a realistic style, with similar textures and shading to the painting. The colors are primarily shades of brown and pink, with some highlights and shadows that add depth and realism.

The most noticeable difference between the two images is the color of the st";similarity_results\clip_caltech_blind_spots.csv
539;1520;CLIP;0.9721932;SigLIP;0.5826917;DINO;0.8673187;The two images provided are of a man with a bald head and a beard. The differences between the two images are subtle but noticeable. In the first image, the man's hair is slightly longer and the beard is slightly thicker. In the second image, the hair is shorter and the beard is slightly thinner. Additionally, the second image has a slight shift in the lighting and shadows, which can be seen in the way the light is reflecting off the man's face. The background in the second image also appears to be slightly different, with a different texture and pattern. Overall, while the differences are subtle, they are still present and can be easily detected.;similarity_results\clip_caltech_blind_spots.csv
539;7116;CLIP;0.955498;SigLIP;0.20097804;DINO;0.7507335;The two images provided are of a man with a bald head and a beard. The man in the first image has a more pronounced beard and a slightly different facial hair pattern. The second image has a slightly different background, with a different color scheme and a different texture on the shelves. Additionally, the lighting in the second image appears to be slightly different, with a more pronounced shadow on the man's face. The cropping and framing of the images are also slightly different, with the second image having a slightly different perspective.;similarity_results\clip_caltech_blind_spots.csv
540;2781;CLIP;0.9850109;SigLIP;0.52527994;DINO;0.9870001;The two images provided are of jaguars, a species of large, spotted cat native to the Americas. The jaguar in the first image is resting on the ground, with its body oriented towards the viewer. The jaguar in the second image is also resting on the ground, but it is oriented in a different direction, facing away from the viewer. The background of the first image is a dense forest with green foliage, while the background of the second image is a more open area with grass and some trees. The lighting and shadows in both images are similar, with the jaguar being illuminated by natural light. The colors and saturation of both images are similar, with the jaguar's fur being a mix of dark and light spots. The jag;similarity_results\clip_caltech_blind_spots.csv
566;6443;CLIP;0.9587507;SigLIP;0.23547117;DINO;0.96954983;"The image on the left is a British Airways Boeing 757-200 aircraft in flight. The aircraft is captured from a side angle, with the tail fin and wings visible. The background is a clear blue sky with some clouds, indicating good weather conditions. The colors in the image are predominantly white, blue, and red, with the tail fin and wings displaying a combination of these colors.

The image on the right is a similar aircraft, captured from a similar angle, but with a slight difference in the background. The background in this image appears to be a darker blue sky with more pronounced clouds, suggesting a different weather condition. The colors in the image are also predominantly white, blue, and red, with the tail fin and";similarity_results\clip_caltech_blind_spots.csv
576;3903;CLIP;0.95398235;SigLIP;0.49122837;DINO;0.9157448;The image on the left is a euphonium, a brass instrument that is a member of the tuba family. It is a large, tubular brass instrument that is used in brass bands and orchestras. The euphonium has a long, curved body and a large, bell-shaped mouthpiece. The image on the right is a euphonium, but it is a different model. The euphonium on the right has a shorter, more compact body and a smaller bell. The colors and textures are also different. The euphonium on the left is silver and has a shiny, reflective surface. The euphonium on the right is silver and has a matte, less reflective surface. The lighting and shadows are also different.;similarity_results\clip_caltech_blind_spots.csv
688;4900;CLIP;0.9834628;SigLIP;0.40356296;DINO;0.98921156;The two images provided are of a soccer ball, but they differ in their background details, lighting, colors, and small details. The first image has a more muted and darker background, while the second image has a lighter and brighter background. The lighting in the first image is more subdued, with shadows and highlights that are less pronounced than in the second image. The colors in the first image are more muted and less vibrant, while the second image has more saturated and vivid colors. The small details, such as the texture of the ball's surface and the patterns on the ball's surface, are more visible in the second image. The cropping and framing of the images are also different, with the second image having a more centered and balanced composition. Overall;similarity_results\clip_caltech_blind_spots.csv
688;1872;CLIP;0.9572442;SigLIP;0.5741986;DINO;0.94654757;The two images provided are of a soccer ball, but they differ in their background details, lighting, colors, and small details. The first image has a black and white background with a textured surface, while the second image has a solid white background with a smooth surface. The lighting in the first image is more diffused, with shadows that are softer and less pronounced, while the second image has sharper shadows and a more intense light source. The colors in the first image are more muted, with a limited range of tones, while the second image has a more vibrant color palette with a wider range of hues. The small details in the first image, such as the texture of the ball and the pattern of the stitching, are more visible and detailed,;similarity_results\clip_caltech_blind_spots.csv
688;6270;CLIP;0.9551817;SigLIP;0.5773327;DINO;0.8940314;"The two images provided are of a soccer ball, but they differ in their background details, lighting, colors, object positions, sizes, and orientations, as well as small details such as text and logos.

1. **Background Details:**
   - The background of the first image is plain white, while the second image has a black background with a subtle pattern that resembles a grid or a grid-like texture.

2. **Lighting and Shadows:**
   - The first image has uniform lighting, with no noticeable shadows or highlights. The second image has a more dynamic lighting, with shadows and highlights that create a sense of depth and dimension.

3. **Colors and Saturation:**
   - The first image has a more muted color palette with";similarity_results\clip_caltech_blind_spots.csv
754;8134;CLIP;0.9604335;SigLIP;0.40524247;DINO;0.5333525;The two images provided are of a stop sign, but they differ in their background details, lighting, colors, and small details. The first image has a black background with a white border, while the second image has a white background with a red border. The lighting in the first image is bright and even, while in the second image, the lighting is dimmer and more shadowed. The colors in the first image are more vibrant and saturated, while in the second image, the colors are less vivid. The small details, such as the text and logos, are more prominent in the first image, while in the second image, they are less noticeable. The cropping and framing of the images are similar, but the overall composition and perspective are different;similarity_results\clip_caltech_blind_spots.csv
754;4125;CLIP;0.95528454;SigLIP;0.29976556;DINO;0.62543166;The two images provided are of a stop sign, but they differ in their background, lighting, and color saturation. The background of the first image is black, while the second image has a white background. The lighting in the first image is bright and evenly distributed, while the second image has a darker, more shadowed background. The colors in the first image are more vibrant and saturated, with the red of the stop sign standing out prominently. In contrast, the second image has a more muted color palette, with the stop sign appearing slightly faded. The second image also has a slightly different orientation, with the stop sign appearing to be slightly tilted. Overall, the differences between the two images are subtle, but they are noticeable enough to be considered distinct;similarity_results\clip_caltech_blind_spots.csv
754;6639;CLIP;0.95519733;SigLIP;0.6283473;DINO;0.5965179;The two images provided are of a stop sign, but they differ in their background details, lighting, colors, and small details. The first image has a black background with a white border, while the second image has a red background with a white border. The lighting in the first image is bright and even, while the second image has a darker, more shadowed background. The colors in the first image are more vibrant, with a red background and white text, while the second image has a more muted color palette. The small details, such as the text and logos, are more prominent in the first image, while the second image has a more subtle and less noticeable text. The cropping and framing of the images are similar, but the second image;similarity_results\clip_caltech_blind_spots.csv
754;7763;CLIP;0.954166;SigLIP;0.39481783;DINO;0.55296516;The two images provided are of a stop sign, but they differ in their background details, lighting, colors, and small details. The first image has a black background with a white border, while the second image has a red background with a white border. The lighting in the first image is bright and even, while the second image has a slightly darker and more shadowed background. The colors in the first image are more vibrant and saturated, while the second image has a more muted and subdued color palette. The small details, such as the text and logos, are more clearly visible in the first image, while the second image has a more blurred and less distinct appearance. The cropping and framing of the images are also different, with the first image being;similarity_results\clip_caltech_blind_spots.csv
766;7848;CLIP;0.95063466;SigLIP;0.58738685;DINO;0.97701657;The two images provided are of a person with similar features, but they differ in subtle ways that can be detected pixel by pixel. The person in the first image has a more pronounced beard and mustache, while the person in the second image has a smoother beard and mustache. Additionally, the person in the first image has a more pronounced jawline, while the person in the second image has a more rounded jawline. The background in the first image includes a bookshelf with books and a framed picture, while the background in the second image includes a desk with a computer monitor and a framed picture. The lighting and shadows in the first image are more even, while the lighting and shadows in the second image are more dramatic. The colors and saturation;similarity_results\clip_caltech_blind_spots.csv
784;6175;CLIP;0.97175205;SigLIP;0.45850712;DINO;0.9892827;"The image on the left is a leopard sitting in the dark, with its body partially obscured by branches and leaves. The background is dark, with some light coming from the leopard's eyes, creating a contrast with the surrounding darkness. The lighting is low, with shadows cast by the leopard and the surrounding vegetation. The colors are muted, with a dominance of dark and earthy tones.

The image on the right is a similar scene, but the leopard is now sitting in the light, with its body clearly visible against the dark background. The lighting is brighter, with more light coming from the leopard's eyes and the surrounding vegetation. The colors are more vibrant, with a greater range of tones and a more pronounced contrast between light and dark areas.

The";similarity_results\clip_caltech_blind_spots.csv
852;1592;CLIP;0.9609767;SigLIP;0.26596057;DINO;0.9483129;The two images provided are of a person with dark hair and a light blue shirt. The person in the first image has a more pronounced nose and a slightly different facial structure compared to the person in the second image. Additionally, the second image has a slightly different hair texture and color. The background in the first image appears to be more cluttered with various objects and textures, while the second image has a cleaner and more minimalist background. The lighting and shadows in both images are similar, but the second image has a slightly different lighting direction. The colors and saturation in both images are similar, but the second image has a slightly different color tone. The object positions, sizes, and orientations are similar, but the second image has a slightly different pose and;similarity_results\clip_caltech_blind_spots.csv
940;2789;CLIP;0.95090073;SigLIP;0.54622024;DINO;0.87712026;The two images provided are of a man with curly hair. The differences between the two images are subtle but noticeable. The man in the first image has a slightly different hair color, with some strands appearing to be a lighter shade. The second image has a slightly different hair texture, with some strands appearing to be more wavy. Additionally, the second image has a slightly different background, with some objects and patterns appearing to be slightly different in color and texture. The lighting and shadows in both images are similar, but there are slight variations in the way the light is reflected on the man's face. The colors and saturation in both images are similar, but there are slight variations in the way the colors are perceived. The cropping and framing of the images;similarity_results\clip_caltech_blind_spots.csv
1003;4901;CLIP;0.95263046;SigLIP;0.48527938;DINO;0.8662349;The image on the left is a stop sign, while the image on the right is a stop sign with a different background. The background of the image on the right is a blue sky with white clouds, while the background of the image on the left is a gray sky with white clouds. The colors of the image on the right are more saturated, with a brighter red color for the sign and a lighter blue color for the sky. The image on the left has a slightly different lighting and shadowing, with the sign appearing slightly darker and the sky appearing slightly lighter. The image on the right has a slightly different cropping and framing, with the sign appearing slightly larger and the sky appearing slightly smaller. Overall, the differences between the two images are subtle;similarity_results\clip_caltech_blind_spots.csv
1036;1193;CLIP;0.9560702;SigLIP;0.45917705;DINO;0.666708;The two images provided are of a man with red hair. The man in the first image has a more pronounced forehead and a slightly different hairstyle compared to the man in the second image. The second image also has a slightly different facial expression and a different background. The lighting and shadows in both images are similar, but the colors and saturation are slightly different. The man in the first image has a more pronounced nose and a slightly different jawline compared to the man in the second image. The cropping and framing of the images are also slightly different. Overall, the differences are subtle, but they are noticeable when examining the images pixel by pixel.;similarity_results\clip_caltech_blind_spots.csv
1156;4205;CLIP;0.9554236;SigLIP;0.57996035;DINO;0.8034104;"The image on the left is a close-up of a mountain lion, also known as a cougar. It is a large, powerful feline with a reddish-brown coat, long legs, and a bushy tail. The mountain lion is standing on a log, with its front paws gripping the log and its hind legs extended behind it. The background is a natural, forested environment with trees and foliage.

The image on the right is a similar scene, but it is a different angle and perspective. The mountain lion is still standing on the log, but the angle is different, and the lighting and shadows are altered. The colors and saturation of the image are also slightly different, with a more muted tone. The background is still a";similarity_results\clip_caltech_blind_spots.csv
1181;5636;CLIP;0.96909237;SigLIP;0.27871254;DINO;0.9690001;The image on the left is a close-up of a mountain lion, also known as a puma or cougar. The image on the right is a similar-looking image but with a slight difference. The main difference is in the background. In the left image, the background is a mix of brown and white, while in the right image, the background is a mix of red and white. Additionally, the right image has a slightly different lighting and shadowing, with the right side of the image appearing darker than the left side. The colors and saturation are also slightly different, with the right image having a more muted color palette. The object positions, sizes, and orientations are the same in both images. There are no small details or cropping and framing;similarity_results\clip_caltech_blind_spots.csv
1181;1834;CLIP;0.9512718;SigLIP;0.3263737;DINO;0.9619399;The image on the left appears to be a close-up of a mountain lion, also known as a puma or cougar. The background is a brick wall, and the lighting is natural, suggesting it was taken outdoors. The colors are vibrant, with the lion's fur showing a range of brown and gray tones. The image on the right is a close-up of the same mountain lion, but the background is blurred and indistinct, making it difficult to determine the setting. The lighting is also different, with a more dramatic and intense light source, possibly from a camera flash. The colors are muted, with a more subdued tone. The image on the right also appears to be rotated slightly, which could be a difference in the camera's orientation;similarity_results\clip_caltech_blind_spots.csv
1193;8178;CLIP;0.9512682;SigLIP;0.36674184;DINO;0.7243363;The two images provided are of a person with red hair. The person in the first image has a more pronounced red color in the hair, while the person in the second image has a more muted red color. Additionally, the person in the first image has a more pronounced forehead, while the person in the second image has a more pronounced jawline. The background in the first image is more cluttered with various objects and textures, while the background in the second image is more minimalistic. The lighting and shadows in the first image are more pronounced, while the lighting and shadows in the second image are more subtle. The colors and saturation in the first image are more vibrant, while the colors and saturation in the second image are more muted. The object;similarity_results\clip_caltech_blind_spots.csv
1341;1837;CLIP;0.954846;SigLIP;0.5551138;DINO;0.9920539;The image on the left is a grand piano with a dark wood finish and a polished, reflective surface. The piano has a rectangular body with a curved top and four legs. The keyboard is visible, and the piano is positioned on a wooden bench. The image on the right is a similar piano, but it has a lighter wood finish and a more matte surface. The piano is also positioned on a wooden bench, but the bench is not visible in the right image. The background is a solid gray color, and there are no other objects or textures present in the background. The lighting is even and bright, with no shadows or highlights. The colors are slightly different, with the left image having a more vibrant and saturated color palette, while the right;similarity_results\clip_caltech_blind_spots.csv
1443;8212;CLIP;0.9547032;SigLIP;0.27702367;DINO;0.94400835;The image on the left is a saxophone, while the image on the right is a saxophone with a different color and texture. The saxophone on the left has a silver or metallic finish, while the saxophone on the right has a more matte or darker finish. The saxophone on the left has a more curved and ergonomic design, while the saxophone on the right has a more straight and angular design. The saxophone on the left has a more polished and reflective surface, while the saxophone on the right has a more matte and textured surface. The saxophone on the left has a more pronounced and pronounced curve in the neck, while the saxophone on the right has a more subtle and less pronounced curve. The saxophone on;similarity_results\clip_caltech_blind_spots.csv
1516;2195;CLIP;0.96049047;SigLIP;0.55147576;DINO;0.9393923;"The two images provided are pixelated versions of stop signs, which are designed to be easily recognizable and used as traffic signals. The first image is a standard stop sign, while the second image is a pixelated version of the same sign. The differences between the two images are subtle but noticeable.

In the first image, the stop sign is a standard octagonal shape with a red background and a white border. The letters ""STOP"" are written in white capital letters in the center of the sign. The background is solid red, and the border is solid white. The sign is mounted on a pole, which is also solid white.

In the second image, the stop sign is still an octagonal shape with a red background and a white border.";similarity_results\clip_caltech_blind_spots.csv
1520;1864;CLIP;0.9593575;SigLIP;0.59927183;DINO;0.80838436;The two images provided are of a man with a bald head and a beard. The differences between the two images are subtle but noticeable. In the first image, the man's hair is slightly longer and more voluminous than in the second image. Additionally, the second image has a slightly different lighting and shadowing, with a more pronounced shadow on the man's face. The background in the second image also appears to have a slightly different texture and pattern. These differences are not significant enough to be considered identical, but they are enough to make the images look slightly different.;similarity_results\clip_caltech_blind_spots.csv
1592;6136;CLIP;0.96264404;SigLIP;0.37294158;DINO;0.87370944;The two images provided are of a person with dark hair and a light complexion. The person is wearing a blue shirt and has a necklace around their neck. The background of both images appears to be an indoor setting, possibly a hallway or a room with shelves and other objects. The lighting in both images is similar, with a soft, even light that does not create harsh shadows or highlights. The colors in both images are similar, with a neutral tone that does not stand out. There are no small details visible in either image that can be counted or identified. The cropping and framing of both images are similar, with the person centered and the background filling the rest of the frame. The only difference between the two images is the slight variation in the person;similarity_results\clip_caltech_blind_spots.csv
1593;6639;CLIP;0.9626459;SigLIP;0.29946074;DINO;0.63530904;"The two images provided are of a stop sign, but they differ in their background details, lighting, colors, and small details. 

1. **Background Details**: The background of the first image is a solid red color, while the background of the second image is a more complex pattern with various textures and patterns. The first image has a smooth, solid red background, while the second image has a more intricate pattern with various textures and patterns, including what appears to be a pattern of small dots or lines.

2. **Lighting and Shadows**: The lighting and shadows in the first image are consistent and uniform, with no noticeable shadows or highlights. In contrast, the second image has more complex lighting and shadows, with different highlights and shadows on the";similarity_results\clip_caltech_blind_spots.csv
1593;6385;CLIP;0.95693994;SigLIP;0.37131047;DINO;0.65997255;The two images provided are of a stop sign, but they differ in their background details, lighting, colors, and small details. The first image has a plain, light gray background, while the second image has a darker, more textured background. The lighting in the first image is bright and even, while the second image has a slightly darker and more shadowed appearance. The colors in the first image are more vibrant and saturated, while the second image has a more muted and subdued color palette. The small details, such as the texture of the stop sign and the edges of the sign, are more pronounced in the first image. The cropping and framing of the images are similar, but the second image has a slightly different framing, with the stop sign;similarity_results\clip_caltech_blind_spots.csv
1593;2505;CLIP;0.95555747;SigLIP;0.37441736;DINO;0.6769886;The two images provided are of a stop sign, but they differ in their background details, lighting, colors, and small details. The first image shows a stop sign with a red background and white text. The second image has a stop sign with a white background and black text. The background of the first image is solid red, while the background of the second image is solid white. The lighting in the first image is bright and evenly distributed, while the lighting in the second image is dim and uneven. The colors in the first image are vibrant and saturated, while the colors in the second image are muted and less vibrant. The small details in the first image, such as the texture of the stop sign and the edges of the sign, are clear;similarity_results\clip_caltech_blind_spots.csv
1671;5734;CLIP;0.95107925;SigLIP;0.27860975;DINO;0.89182985;The image on the left is a close-up of a man's face, while the image on the right is a similar scene but with a different background. The man in the left image has dark hair and is wearing a blue shirt. The background in the left image is a plain wall with a few shelves holding books and other items. In the right image, the background is a more complex scene with a desk, chairs, and other furniture. The man in the right image has a different hairstyle and is wearing a different shirt. The lighting and shadows in both images are similar, but the colors and saturation are slightly different. The man in the left image has a more neutral expression, while the man in the right image has a more neutral expression as;similarity_results\clip_caltech_blind_spots.csv
1719;2728;CLIP;0.960828;SigLIP;0.508401;DINO;0.97536975;The image on the left is a piano, while the image on the right is a piano with a different color scheme. The piano on the left is black, while the piano on the right is white. The background of the image on the left is a solid white color, while the background of the image on the right is a solid black color. The lighting and shadows in the image on the left are more evenly distributed, while the lighting and shadows in the image on the right are more concentrated. The colors and saturation of the image on the left are more vibrant, while the colors and saturation of the image on the right are more muted. The object positions, sizes, and orientations of the piano on the left are more consistent, while the object;similarity_results\clip_caltech_blind_spots.csv
1732;4583;CLIP;0.9719384;SigLIP;0.5569172;DINO;0.92394346;"The image on the left is a Yin-Yang symbol, which is a traditional symbol representing the balance between yin and yang, two opposing forces that are complementary and interdependent. The symbol consists of two intersecting circles, with one circle being black and the other white, and a small dot in the center of the white circle.

The image on the right is a pair of images that appear to be similar but contain real, specific differences. The differences are subtle but noticeable. The background of the right image is white, while the left image has a black background. The lighting and shadows in the right image are different, with a more pronounced shadow on the right side of the symbol. The colors and saturation in the right image are slightly different,";similarity_results\clip_caltech_blind_spots.csv
1750;6639;CLIP;0.9645448;SigLIP;0.403538;DINO;0.85004973;The two images provided are of a stop sign, but they differ in their background details, lighting, colors, and small details. The first image shows a stop sign with a red background and white text. The second image has a stop sign with a white background and black text. The background of the first image is a solid red color, while the background of the second image is a solid white color. The lighting in the first image is bright and evenly distributed, while the lighting in the second image is dim and uneven. The colors in the first image are vibrant and saturated, while the colors in the second image are muted and less vibrant. The small details in the first image, such as the texture of the stop sign and the edges of the;similarity_results\clip_caltech_blind_spots.csv
1804;2950;CLIP;0.9589298;SigLIP;0.8651582;DINO;0.44104177;The two images provided are of a man with a beard and mustache. The background details, lighting, colors, and textures are similar, but there are subtle differences that can be observed. The man's hair is slightly different in the two images, with one image having slightly more volume and texture. The man's beard and mustache are also slightly different in color and shape. Additionally, there is a small difference in the man's facial features, such as the shape of his nose and the position of his eyebrows. These differences are not immediately noticeable but can be detected with a keen eye.;similarity_results\clip_caltech_blind_spots.csv
1834;5636;CLIP;0.9624194;SigLIP;0.58367336;DINO;0.9631235;The two images provided are of a mountain lion, but they differ in their background and lighting. The image on the left has a more natural, outdoor setting with a blurred background that includes elements such as rocks and foliage. The image on the right has a more industrial or indoor setting with a clear, bright background that appears to be a wall or a piece of furniture. Additionally, the lighting in the left image is softer and more diffused, while the right image has a more intense and harsh lighting, which can be seen in the shadows and highlights on the mountain lion's face. These differences in background and lighting can be subtle, but they can significantly affect the overall appearance of the image.;similarity_results\clip_caltech_blind_spots.csv
1846;6573;CLIP;0.95182115;SigLIP;0.48510692;DINO;0.95710087;The image on the left is a grand piano with a black finish and a wooden top. The piano has a rectangular body with a curved top and four legs. The keys are white, and the piano is positioned against a white background. The image on the right is a similar piano, but it has a different finish and a different top material. The piano on the right has a glossy black finish and a wooden top with a gold-colored finish. The keys on the right piano are also white, but the piano is positioned against a white background. The two images are similar in terms of their overall shape and size, but they differ in their finishes and top materials. The piano on the right also has a different color scheme, with the keys being white;similarity_results\clip_caltech_blind_spots.csv
1864;7263;CLIP;0.9527991;SigLIP;0.44339722;DINO;0.75042605;The two images provided are of a man with a bald head and a beard. The differences between the two images are subtle but noticeable. In the first image, the man's hair is slightly longer and more voluminous than in the second image. Additionally, the second image has a slightly different lighting and shadowing, with a more pronounced shadow on the man's face. The colors in the second image are slightly different, with a more muted tone. The cropping and framing of the images are also slightly different, with the second image appearing to have a slightly different perspective. Overall, while the differences are subtle, they are enough to distinguish the two images.;similarity_results\clip_caltech_blind_spots.csv
539;1864;CLIP;0.95228827;SigLIP;0.4581941;DINO;0.7830162;The two images provided are of a man with a bald head and a beard. The man in the first image has a more pronounced beard and a slightly different facial hair pattern compared to the man in the second image. The second image also has a slightly different background, with a bookshelf and some books visible in the background. Additionally, the second image has a slightly different lighting and shadowing, with a more pronounced shadow on the man's face. The man in the first image also has a slightly different color scheme, with a more muted background and a slightly different lighting.;similarity_results\clip_caltech_blind_spots.csv
1872;1934;CLIP;0.9506831;SigLIP;0.46913037;DINO;0.897354;The image on the left is a soccer ball, while the image on the right is a soccer ball with a different color scheme. The soccer ball on the left has a white background with black and white stripes, while the soccer ball on the right has a black background with white and black stripes. The soccer ball on the left also has a slightly different lighting and shadowing, with the stripes appearing more pronounced and the ball appearing more glossy. The soccer ball on the right has a slightly different color scheme, with the black and white stripes appearing more pronounced and the ball appearing more glossy. The soccer ball on the left also has a slightly different lighting and shadowing, with the stripes appearing more pronounced and the ball appearing more glossy. The soccer ball on;similarity_results\clip_caltech_blind_spots.csv
1929;8445;CLIP;0.9783473;SigLIP;0.5474531;DINO;0.96331495;"The two images provided are of a stop sign, but they differ in their background details, lighting, colors, and small details. The first image has a red background with a white octagonal shape, while the second image has a black background with a white octagonal shape. The lighting in the first image is bright and even, while the second image has a darker, more shadowed background. The colors in the first image are vibrant and saturated, while the second image has a more muted color palette. The small details, such as the texture of the stop sign and the letters ""STOP,"" are more visible in the first image. The cropping and framing of the images are similar, but the background details and lighting differences make the images distinct.";similarity_results\clip_caltech_blind_spots.csv
2036;2347;CLIP;0.9676051;SigLIP;0.31240478;DINO;0.8087969;"The image on the left appears to be a close-up of a person with curly hair, wearing a patterned shirt. The background is blurred, but it seems to be an indoor setting with some shelves and possibly some books or boxes. The lighting is natural, and the colors are somewhat muted.

The image on the right is a similar-looking person with curly hair, but the background is much more blurred and indistinct. The lighting is also more diffuse, and the colors are more washed out. The person's face is more prominent, and there are more details visible, such as the texture of the skin and the pattern on the shirt.

The most noticeable difference is the background in the two images. The left image has a more detailed and textured";similarity_results\clip_caltech_blind_spots.csv
2036;6976;CLIP;0.9536916;SigLIP;0.25529683;DINO;0.7999239;"The image on the left appears to be a close-up of a person with curly hair, wearing a patterned shirt. The background is blurred, but it seems to be an indoor setting with some objects and shelves visible. The lighting is natural, and the colors are somewhat muted.

The image on the right is a similar scene, but it has been altered to show a different perspective. The person's hair is now straight, and the background is clearer, revealing more details such as a bookshelf and some books. The lighting and colors are also different, with a more vibrant and saturated appearance.

The main difference between the two images is the hair style and the background details. The person's hair in the left image is curly, while in the right";similarity_results\clip_caltech_blind_spots.csv
2036;4468;CLIP;0.95338523;SigLIP;0.32166374;DINO;0.84811354;"The image on the left appears to be a close-up of a person with curly hair, wearing a patterned shirt. The background is blurred, but it seems to be an indoor setting with some shelves and boxes visible. The lighting is natural, and the colors are somewhat muted.

The image on the right is a similar scene, but the person's hair is straight and appears to be more voluminous. The background is also blurred, but it still includes shelves and boxes. The lighting and colors are similar to the left image, but the overall appearance is slightly different due to the straighter hair and different texture.

The main difference between the two images is the hair texture and style. The left image has curly hair, while the right image has straight";similarity_results\clip_caltech_blind_spots.csv
2036;7864;CLIP;0.95174253;SigLIP;0.4504706;DINO;0.8015655;"The image on the left appears to be a close-up of a person with curly hair, wearing a patterned shirt. The background is blurred, but it seems to be an indoor setting with some objects and possibly some text visible. The lighting is natural, and the colors are somewhat muted.

The image on the right is a similar scene, but it has been altered in a way that makes it look different. The person's hair appears to be slightly different in texture and color, and the background is more blurred and less distinct. The lighting and colors are also slightly different, with a more pronounced contrast and saturation. Additionally, there are some small differences in the positioning and orientation of the objects in the background, such as the placement of the boxes and";similarity_results\clip_caltech_blind_spots.csv
2106;4902;CLIP;0.9598372;SigLIP;0.45805484;DINO;0.8584689;The two images provided are of a person with dark hair and a blue shirt. The person in the first image has a more pronounced nose and a slightly different facial structure compared to the person in the second image. The second image also has a slightly different hair texture and color. Additionally, the second image appears to have a slightly different lighting and shadows, with a more pronounced shadow on the person's face. The cropping and framing of the second image are slightly different, with a more prominent background object in the second image.;similarity_results\clip_caltech_blind_spots.csv
2106;6866;CLIP;0.95362014;SigLIP;0.5450769;DINO;0.83983797;The two images provided are of a person with dark hair and a blue shirt. The person in the first image has a more pronounced nose and a slightly different facial structure compared to the person in the second image. The second image also has a slightly different hair texture and a different lighting condition. Additionally, the second image has a different background, which includes a bookshelf and some other objects that are not present in the first image. The cropping and framing of the images are also slightly different, with the second image appearing to have a slightly different perspective.;similarity_results\clip_caltech_blind_spots.csv
2106;5573;CLIP;0.95333016;SigLIP;0.24576673;DINO;0.7838563;The two images provided are of a person with dark hair and a blue shirt. The person in the first image has a more pronounced nose and a slightly different facial structure compared to the person in the second image. The second image also has a slightly different hair texture and color. Additionally, the second image has a different background, which includes a window with a patterned curtain and a piece of furniture with a different texture. The lighting in the second image is also slightly different, with a more pronounced shadow on the person's face. The cropping and framing of the second image are slightly different, with a different perspective on the person's face.;similarity_results\clip_caltech_blind_spots.csv
2106;8464;CLIP;0.952127;SigLIP;0.38008893;DINO;0.7214451;The two images provided are of a person with dark hair and a light blue shirt. The person in the first image has a more pronounced nose and a slightly different facial structure compared to the person in the second image. The second image also has a slightly different hair texture and color. Additionally, the second image has a different background, which includes a wall with a poster and some furniture. The lighting and shadows in both images are similar, but the second image has a slightly different color balance and saturation. The cropping and framing of the images are also slightly different, with the second image having a slightly different perspective.;similarity_results\clip_caltech_blind_spots.csv
2176;2591;CLIP;0.9593798;SigLIP;0.51534057;DINO;0.8956613;The image on the left is a sunflower, while the image on the right is a sunflower with a different background. The background of the image on the right is a blue sky with some clouds, while the background of the image on the left is a clear blue sky. The petals of the sunflower on the right are yellow with a slight greenish tint, while the petals of the sunflower on the left are yellow with a slight yellowish tint. The center of the sunflower on the right is a darker green, while the center of the sunflower on the left is a lighter green. The leaves of the sunflower on the right are green with a slight yellowish tint, while the leaves of the sunflower on the left;similarity_results\clip_caltech_blind_spots.csv
2176;4158;CLIP;0.95191956;SigLIP;0.35782066;DINO;0.81826746;The image on the left is a sunflower, while the image on the right is a sunflower with a blue sky background. The main difference between the two images is the background. In the left image, the background is a clear blue sky, while in the right image, the background is a solid blue color. Additionally, the petals of the sunflower in the left image are yellow, while in the right image, the petals are yellow with a blue tint. The overall shape and size of the sunflower are similar in both images, but the background and color of the petals are different.;similarity_results\clip_caltech_blind_spots.csv
2186;4345;CLIP;0.9527197;SigLIP;0.54377425;DINO;0.9398301;"The image on the left appears to be a close-up of a person with light skin and shoulder-length, wavy hair. The background includes a framed picture on the wall and a tiled backsplash. The lighting is soft and natural, suggesting an indoor setting with ambient light.

The image on the right is a similar scene but with a few subtle differences. The person's hair appears slightly different in texture and color, and there is a noticeable difference in the background. The tiled backsplash in the right image is not as clearly defined as in the left image, and the lighting appears slightly different, with a more pronounced shadow cast by the person's hair. Additionally, there is a small object on the floor in the right image that is not present in";similarity_results\clip_caltech_blind_spots.csv
2195;4488;CLIP;0.95525455;SigLIP;0.5250041;DINO;0.98261094;"The two images provided are pixelated versions of stop signs, which are designed to be easily recognizable and used to indicate the need to stop. The differences between the two images are subtle but noticeable. 

In the first image, the stop sign is red with a white border and the word ""STOP"" written in white letters. The background is a solid red color, and there are no other objects or textures present. The lighting is even, and the shadows are minimal, indicating a well-lit environment.

In the second image, the stop sign is also red with a white border and the word ""STOP"" written in white letters. However, the background is a different color, possibly a mix of red and orange, and there are additional objects and";similarity_results\clip_caltech_blind_spots.csv
2316;3112;CLIP;0.9615526;SigLIP;0.5863781;DINO;0.94232655;The two images provided are very similar in terms of content and context, but there are subtle differences that can be observed pixel by pixel. The main difference is in the background details. In the first image, the background features a bookshelf with various books and a poster. In the second image, the background is a plain wall with no visible objects. Additionally, the lighting and shadows in the first image are more pronounced, with a brighter and more defined light source, while in the second image, the lighting is softer and more diffused. The colors and saturation are also slightly different, with the first image having a more vibrant and saturated color palette. The object positions, sizes, and orientations are also slightly different, with the first image having a more;similarity_results\clip_caltech_blind_spots.csv
2349;4269;CLIP;0.9601141;SigLIP;0.21646431;DINO;0.9924202;The two images provided are of butterflies, but they differ in their wing patterns and coloration. The butterfly in the first image has a more vibrant orange color with black spots on the wings, while the butterfly in the second image has a more muted orange color with no visible spots. Additionally, the second butterfly has a slightly different wing shape and orientation, with its wings slightly open compared to the first butterfly. The background of the second image is also different, with a more blurred and less defined background compared to the first image. The lighting and shadows in both images are similar, but the first image has a slightly brighter and more defined lighting, while the second image has a darker and more shadowed background. The colors and saturation of both images are similar;similarity_results\clip_caltech_blind_spots.csv
2391;6128;CLIP;0.9569945;SigLIP;0.27788907;DINO;0.655136;The two images provided are of a person with similar features, but there are subtle differences that can be observed pixel by pixel. The background in the first image appears to have a more detailed and vibrant color palette, with a mix of warm and cool tones. The second image has a more muted and cooler color scheme. Additionally, the lighting in the first image seems to be more evenly distributed, while the second image has a slightly darker and more shadowed appearance. The person in the first image has a more pronounced and defined facial structure, while the second image has a more rounded and softer facial shape. The hair in the first image appears to be more voluminous and curly, while the second image has a more defined and straighter hairline. The;similarity_results\clip_caltech_blind_spots.csv
2391;5165;CLIP;0.9543965;SigLIP;0.72523445;DINO;0.469346;The two images provided are of a person with similar features, but they differ in subtle ways. The person in the first image has a more pronounced nose and a slightly different facial structure compared to the person in the second image. Additionally, the second image has a slightly different hair color and texture. The background in the first image appears to be more colorful and vibrant, while the second image has a more muted and less detailed background. The lighting in both images is similar, but the second image has a slightly different shadow cast by the person. The colors in both images are similar, but the second image has a slightly different saturation level. The person in the second image has a slightly different pose, with their arms slightly more bent at the elbows. The;similarity_results\clip_caltech_blind_spots.csv
2391;6030;CLIP;0.9543318;SigLIP;0.70165384;DINO;0.46578294;The two images provided are of a person with similar features, but there are subtle differences that can be observed pixel by pixel. The background in the first image appears to have a more detailed and textured pattern, while the second image has a smoother and less detailed background. Additionally, the lighting in the first image seems to be more even, while the second image has a slightly darker and more shadowed background. The colors in the first image are more vibrant and saturated, while the second image has a more muted and subdued color palette. The object positions, sizes, and orientations are similar, but there are slight variations in the hair texture and the overall shape of the face. The cropping and framing are also similar, but there are minor differences in the positioning;similarity_results\clip_caltech_blind_spots.csv
2391;2740;CLIP;0.9534457;SigLIP;0.7927998;DINO;0.45484722;The two images provided are of a person with similar features, but they differ in subtle ways. The person in the first image has a more pronounced nose and a slightly different facial structure compared to the person in the second image. Additionally, the second image has a slightly different hair color and texture. The background in the first image appears to be more colorful and detailed, while the second image has a simpler background with fewer details. The lighting and shadows in both images are similar, but the second image has a slightly different lighting effect on the person's face. The colors and saturation in both images are similar, but the second image has a slightly different color tone. The object positions, sizes, and orientations are similar, but the second image has a slightly;similarity_results\clip_caltech_blind_spots.csv
2423;6798;CLIP;0.96659696;SigLIP;0.5481157;DINO;0.9534353;The image on the left is a close-up of a man's face, while the image on the right is a similar scene but with a different background. The man in the left image has a bald head and is wearing a light blue checkered shirt. The background in the left image consists of a green hedge with pink flowers. In the right image, the background is a green hedge with pink flowers, but the flowers are smaller and less distinct. Additionally, the man in the right image has a different hairstyle, with a longer and more pronounced receding hairline. The lighting and shadows in both images are similar, but the colors and saturation are slightly different. The man in the left image has a more pronounced shadow on his face, while the;similarity_results\clip_caltech_blind_spots.csv
2467;6220;CLIP;0.95668435;SigLIP;0.50015235;DINO;0.9924491;"The image on the left is a miniature grand piano with a black finish and white keys. The piano is open, revealing the inside of the instrument. The sheet music is placed on the piano's keyboard, and the piano's lid is open. The background is black, which helps to highlight the piano and sheet music.

The image on the right is also a miniature grand piano, but it is black with a white finish. The piano is also open, and the sheet music is placed on the keyboard. The background is black, and the piano's lid is open. The piano's finish is different from the left image, with the black finish being replaced by a white finish. The sheet music is also different, with the white finish being replaced by";similarity_results\clip_caltech_blind_spots.csv
2467;6722;CLIP;0.9528949;SigLIP;0.51035404;DINO;0.99179;The image on the left is a miniature grand piano with a black finish and white keys. The piano is open, revealing the inside of the instrument. The sheet music is placed on top of the piano, and the piano is positioned against a black background. The image on the right is a similar miniature grand piano, but it is shown in a different orientation. The piano is now closed, and the sheet music is not visible. The background is also different, with a white background instead of the black background in the left image. The piano is still positioned against the black background.;similarity_results\clip_caltech_blind_spots.csv
2471;6659;CLIP;0.9503521;SigLIP;0.29805952;DINO;0.86181813;The two images provided are of a woman with similar features, but they differ in subtle ways. The woman in the first image has a more pronounced nose and a slightly different facial structure compared to the woman in the second image. Additionally, the second image has a slightly different hair color and texture. The lighting and shadows in both images are similar, but the second image has a slightly different color saturation and contrast. The cropping and framing of the images are also slightly different, with the second image having a slightly different perspective. Overall, while the two images are similar, there are subtle differences that can be noticed when examining them pixel by pixel.;similarity_results\clip_caltech_blind_spots.csv
2505;6438;CLIP;0.98146856;SigLIP;0.59363127;DINO;0.99707955;"The two images provided are of a stop sign, but they differ in their background details, lighting, colors, and small details. The first image has a red background with a white octagonal shape, while the second image has a black background with a white octagonal shape. The lighting in the first image is bright and even, while the second image has a darker, more shadowed background. The colors in the first image are vibrant and saturated, while the second image has a more muted color palette. The small details, such as the letters ""STOP"" in both images, are clear and easily recognizable. However, the second image has a slight color shift in the letters, with the ""O"" in the second image appearing slightly darker than the";similarity_results\clip_caltech_blind_spots.csv
2505;7763;CLIP;0.97544897;SigLIP;0.53382754;DINO;0.983623;The two images provided are of a stop sign, but they differ in their background details, lighting, colors, and small details. The first image shows a stop sign with a red background and white text. The second image has a stop sign with a white background and black text. The background of the first image is solid red, while the background of the second image is solid white. The lighting in the first image is bright and evenly distributed, while the lighting in the second image is dim and uneven. The colors in the first image are vibrant and saturated, while the colors in the second image are muted and less vibrant. The small details in the first image, such as the texture of the stop sign and the edges of the octagonal shape,;similarity_results\clip_caltech_blind_spots.csv
2505;6639;CLIP;0.9751005;SigLIP;0.21565393;DINO;0.9338193;"The two images provided are of a stop sign, but they differ in their background details, lighting, colors, and small details. The first image has a red background with a white border, while the second image has a black background with a white border. The lighting in the first image is bright and even, while the second image has a darker, more shadowed background. The colors in the first image are vibrant and saturated, while the second image has a more muted color palette. The small details, such as the letters ""STOP"" and the octagonal shape of the sign, are clearly visible in both images. However, the second image has a slight rotation of the sign, which is not visible in the first image. Overall, the differences";similarity_results\clip_caltech_blind_spots.csv
2505;6385;CLIP;0.9722811;SigLIP;0.3194692;DINO;0.9852707;The two images provided are of a stop sign, but they differ in their background details, lighting, colors, and small details. The first image has a plain white background, while the second image has a red background with a white border. The lighting in the first image is even and well-distributed, while the second image has a slightly darker and more shadowed background. The colors in the first image are vibrant and saturated, while the second image has a more muted and subdued color palette. The small details, such as the texture of the stop sign and the edges of the sign, are more pronounced in the first image. The cropping and framing of the images are identical, with the stop sign centered and occupying the majority of the frame.;similarity_results\clip_caltech_blind_spots.csv
2537;5240;CLIP;0.95367277;SigLIP;0.3777959;DINO;0.7427117;"The image on the left appears to be a close-up of a person with short, straight hair, wearing a dark-colored top. The background includes a stone archway and some greenery, suggesting an outdoor setting. The lighting is natural, with a soft glow that highlights the person's face and hair.

The image on the right is a similar scene, but the person's hair is longer and more voluminous, and the background features a more detailed stone structure with intricate carvings. The lighting is also similar, with a soft glow that highlights the person's face and hair. However, the background in the right image includes additional elements such as a large stone column and a more detailed stone wall, which are not present in the left image.";similarity_results\clip_caltech_blind_spots.csv
2558;5240;CLIP;0.95169425;SigLIP;0.43252897;DINO;0.88436866;The two images provided are of a woman with short brown hair and are identical in terms of overall appearance. However, there are subtle differences that can be observed pixel by pixel. The background details, such as the architectural elements and the plants, are identical in both images. The lighting and shadows are also consistent, with no noticeable differences. The colors and saturation are also the same, with no visible color shift or saturation change. The object positions, sizes, and orientations are identical, with no missing small elements or slight variations in cropping and framing. Therefore, there are no differences between the two images that can be described as significant or noticeable.;similarity_results\clip_caltech_blind_spots.csv
2680;4168;CLIP;0.9799944;SigLIP;0.5368438;DINO;0.9899087;The two images provided are of a jaguar, a large wild cat native to South America. The jaguar in the first image appears to be resting on the ground, with its body partially covered by leaves and twigs. The second image shows the same jaguar in a different setting, possibly in a forest or jungle, with a more natural and less cluttered background. The jaguar in the first image has a more defined and detailed background, with visible textures and patterns, while the jaguar in the second image has a more blurred and less defined background. Additionally, the lighting and shadows in the first image are more pronounced, with the jaguar's fur and features standing out more clearly. The colors and saturation in the first image are also;similarity_results\clip_caltech_blind_spots.csv
2692;4131;CLIP;0.9799321;SigLIP;0.56445265;DINO;0.98312575;"The two images provided are of a leopard in a forest setting. The leopard in the first image appears to be in a more dynamic pose, with its body slightly bent forward and its head lowered, suggesting it is either moving or preparing to pounce. The second image shows the leopard in a more stationary position, with its body upright and its head raised, indicating it is either observing its surroundings or waiting for prey.

In terms of background details, the first image has a more natural, earthy texture with patches of sunlight and shadows, while the second image has a more uniform, sandy texture with less variation in color. The lighting and shadows in the first image are more pronounced, with darker areas and lighter highlights, while the second image has softer,";similarity_results\clip_caltech_blind_spots.csv
2728;7561;CLIP;0.9605006;SigLIP;0.5426457;DINO;0.9723959;The image on the left is a piano, while the image on the right is a piano with a different color and design. The piano on the left is black and has a glossy finish, while the piano on the right is black and has a matte finish. The piano on the left has a more traditional design with a curved top and a rectangular body, while the piano on the right has a more modern design with a straight top and a rectangular body. The piano on the left has a wooden top and a wooden keyboard, while the piano on the right has a wooden top and a wooden keyboard. The piano on the left has a black and gold color scheme, while the piano on the right has a black and white color scheme. The piano on;similarity_results\clip_caltech_blind_spots.csv
2728;3890;CLIP;0.95573986;SigLIP;0.4238987;DINO;0.9451287;"The image on the left is a piano, while the image on the right is a different piano. The main differences between the two images are:

1. The background of the left image is black, while the background of the right image is white.
2. The lighting and shadows in the left image are darker, while the lighting and shadows in the right image are lighter.
3. The colors in the left image are more muted, while the colors in the right image are more vibrant.
4. The left image has a more uniform color palette, while the right image has a more varied color palette.
5. The left image has a more symmetrical framing, while the right image has a more asymmetrical framing.
6. The left image has";similarity_results\clip_caltech_blind_spots.csv
2740;3611;CLIP;0.95615876;SigLIP;0.2814089;DINO;0.6992196;The two images provided are of a person with similar features, but there are subtle differences that can be observed pixel by pixel. The person in the first image has a more pronounced nose and a slightly different facial structure compared to the person in the second image. The second image also has a slightly different hair color and texture. Additionally, the second image has a different background, which appears to be a kitchen with a sink and cabinets. The lighting and shadows in the second image are also slightly different, with a more pronounced shadow on the right side of the face. The colors and saturation are also slightly different, with the second image having a more muted color palette. Overall, while the two images are similar, there are subtle differences that can be observed when;similarity_results\clip_caltech_blind_spots.csv
2750;3363;CLIP;0.9527937;SigLIP;0.48659694;DINO;0.9489981;"The image on the left is a close-up of a mountain lion, also known as a puma or cougar. The mountain lion is standing on a rock, looking to its left with its head turned slightly to the right. The background is blurred, with a blue and green color scheme, suggesting a natural, outdoor setting.

The image on the right is a similar scene, but it is a different angle and perspective. The mountain lion is standing on a rock, looking to its left with its head turned slightly to the right. The background is also blurred, with a blue and green color scheme, but the overall composition and lighting are similar to the left image.

The main difference between the two images is the angle and perspective. The left image is";similarity_results\clip_caltech_blind_spots.csv
2765;3372;CLIP;0.98654866;SigLIP;0.5482408;DINO;0.9888672;The two images provided are of cheetahs sitting in the grass. The first image appears to be a slightly rotated version of the second image. The cheetahs in the first image are positioned differently, with one cheetah sitting on its hind legs and the others sitting on their stomachs. The second image shows the cheetahs sitting on their stomachs. Additionally, the background in the first image appears to be slightly different, with a more pronounced texture in the grass. The lighting and shadows in both images are similar, but the first image has a slightly darker background. The colors and saturation are also similar, but the first image has a slightly different hue in the grass. The small details, such as the texture of;similarity_results\clip_caltech_blind_spots.csv
2766;2937;CLIP;0.9873185;SigLIP;0.29759252;DINO;0.98152643;The two images provided are of a jaguar in a forest. The jaguar is the same animal in both images, but there are subtle differences that can be observed. In the first image, the jaguar is positioned more towards the center of the frame, while in the second image, it is positioned more towards the left side of the frame. Additionally, the jaguar in the second image has a slightly different posture, with its tail raised, while the jaguar in the first image has its tail down. The background in the second image is more green and lush, with more foliage and trees, while the background in the first image is more blurred and less detailed. The lighting in both images is similar, with natural light illuminating the jag;similarity_results\clip_caltech_blind_spots.csv
2924;3256;CLIP;0.9549364;SigLIP;0.4798045;DINO;0.9065888;The two images provided are of a person with short, blonde hair. The person in the first image has a more pronounced forehead and a slightly different jawline compared to the person in the second image. Additionally, the second image has a slightly different hair texture and a different lighting condition, with a more pronounced shadow on the person's face. The background in the second image also appears to be slightly different, with a more visible pattern or texture. The person in the second image also has a different necklace, which is a small detail that can be easily missed. Overall, while there are subtle differences, the main differences are in the hair texture, lighting, and background.;similarity_results\clip_caltech_blind_spots.csv
2983;6639;CLIP;0.95391285;SigLIP;0.30650416;DINO;0.9056959;The two images provided are of a stop sign, but they differ in their background colors and the presence of a small element. The first image has a green background, while the second image has a red background. Additionally, the second image contains a small white square in the center of the stop sign, which is not present in the first image. These differences are subtle, but they are enough to identify the two images as different.;similarity_results\clip_caltech_blind_spots.csv
2983;8371;CLIP;0.9519249;SigLIP;0.5752509;DINO;0.9545877;The two images provided are of a stop sign, but they differ in their background colors and the presence of a small element. The first image has a green background, while the second image has a red background. Additionally, the second image contains a small white square in the center of the stop sign, which is not present in the first image. These differences are subtle, but they are enough to identify the two images as different.;similarity_results\clip_caltech_blind_spots.csv
3151;5299;CLIP;0.9572163;SigLIP;0.525136;DINO;0.9751998;"The image on the left appears to be a close-up of a person with light skin and light brown hair. The background is a plain, light-colored wall with a few small, indistinct objects. The lighting is soft and even, with no harsh shadows or highlights. The colors are natural and muted, with a slight warm tone to the skin and hair.

The image on the right is a similar scene, but it has been altered to show a different person with darker skin and darker hair. The background is also the same plain wall, but the lighting appears to be brighter and more intense, with more pronounced shadows and highlights. The colors are also different, with a cooler tone to the skin and hair.

The main difference between the two images";similarity_results\clip_caltech_blind_spots.csv
3195;3719;CLIP;0.9641612;SigLIP;0.47449654;DINO;0.925554;The two images provided are of a person with dark hair and a blue shirt. The person in the first image has a more pronounced and distinct facial expression, with a slightly open mouth and a more pronounced nose. The second image has a more neutral expression, with a closed mouth and a less pronounced nose. Additionally, the first image has a more pronounced jawline and a slightly more pronounced chin. The second image has a more pronounced jawline and a slightly more pronounced chin. The background of the first image is more blurred and has a more muted color palette, while the second image has a more vibrant and colorful background. The lighting in the first image is softer and more diffused, while the second image has a more intense and focused lighting. The;similarity_results\clip_caltech_blind_spots.csv
3307;8464;CLIP;0.9597819;SigLIP;0.42593777;DINO;0.780889;The two images provided are of a person with dark hair and a light complexion. The person is wearing a dark blue shirt and a necklace. The background of the first image appears to be a plain wall with some indistinct objects and patterns, while the background of the second image is more complex, with various objects and patterns visible. The lighting in both images is similar, with a soft, even light that does not create harsh shadows or highlights. The colors in both images are similar, with a neutral tone that does not stand out. The person's hair and shirt are the only elements that are different between the two images. The person's hair is slightly different in the second image, with a slight curl at the end of the hair. The;similarity_results\clip_caltech_blind_spots.csv
3390;6443;CLIP;0.956192;SigLIP;0.23660515;DINO;0.9580138;"The image on the left is a British Airways jetliner in flight. The aircraft is captured in mid-flight against a clear blue sky. The plane's body is predominantly white with red and blue accents. The tail fin features a red and white pattern with a blue and white design. The aircraft's wings are extended, and the landing gear is visible. The plane's registration number is visible on the rear of the fuselage.

The image on the right is a similar jetliner, captured in a similar pose against a clear blue sky. However, there are subtle differences that can be observed. The colors and saturation of the image appear slightly different, with a slight shift in the lighting and shadows. The background details, such as the texture of the sky";similarity_results\clip_caltech_blind_spots.csv
3394;7142;CLIP;0.95844203;SigLIP;0.40069664;DINO;0.9459274;The two images provided are of a person standing in front of a wooden door. The person has dark hair and is wearing a white shirt. The background of the first image appears to be a dark room with a wooden door, while the background of the second image is a lighter room with a wooden door. The lighting in both images is similar, with a warm tone. The colors in both images are similar, with a neutral tone. The person's hair and shirt are the only differences between the two images. The person's hair is slightly darker in the first image, and the shirt is slightly lighter in the second image. The door in both images is the same, but the background in the second image is slightly lighter. The cropping and framing of;similarity_results\clip_caltech_blind_spots.csv
3449;5634;CLIP;0.95738137;SigLIP;0.4885782;DINO;0.9506792;"The image on the left is a white lotus flower with a green stem and green leaves. The petals are open and the flower is positioned in the center of the image. The background is blurred, making the flower the main focus of the image.

The image on the right is also a white lotus flower, but it is rotated 90 degrees clockwise. The petals are still open, and the flower is positioned in the center of the image. The background is also blurred, but the overall composition is similar to the left image. The only difference is the orientation of the flower.";similarity_results\clip_caltech_blind_spots.csv
3478;8192;CLIP;0.95619035;SigLIP;0.22533077;DINO;0.95992166;The image on the left is a tick, while the image on the right is a different tick. The tick on the left has a more reddish-brown coloration, while the tick on the right has a more yellowish-brown coloration. The tick on the left also has a more pronounced red spot on its back, while the tick on the right does not. Additionally, the tick on the left has a more pronounced black stripe running down its back, while the tick on the right does not. The tick on the left also has a more pronounced black stripe running down its front, while the tick on the right does not. The tick on the left also has a more pronounced black stripe running down its front, while the tick on;similarity_results\clip_caltech_blind_spots.csv
3490;6126;CLIP;0.9625387;SigLIP;0.39444488;DINO;0.9561627;"The image on the left appears to be a close-up of a person with short, straight brown hair and bangs. The background includes a wooden door with a glass panel and some greenery visible through the window. The lighting is natural, and the colors are slightly muted.

The image on the right is a similar scene but with a few differences. The person's hair appears to be slightly longer and more wavy. The background includes a wooden door with a glass panel and a window with a view of a green garden. The lighting is also natural, but the colors are slightly more vibrant. The overall framing and cropping of the image are similar, but the slight differences in hair texture and color saturation are the main differences between the two images.";similarity_results\clip_caltech_blind_spots.csv
3609;3646;CLIP;0.97559965;SigLIP;0.57207966;DINO;0.90598524;The two images provided are a pair of visual blind spots, which are pairs that look similar but contain real, specific differences. In this case, the differences are subtle but noticeable. The first image is a black and white Yin-Yang symbol, which is a traditional symbol of balance and harmony. The second image is a black and white Yin-Yang symbol, but it is rotated 90 degrees clockwise. The background details, lighting, colors, and saturation are the same in both images, but the orientation of the symbol is different. Additionally, the small details such as the texture of the symbol and the positioning of the circles are different. Overall, the differences are subtle, but they are still present in the images.;similarity_results\clip_caltech_blind_spots.csv
3625;8464;CLIP;0.9541755;SigLIP;0.32910836;DINO;0.83300495;The two images provided are of a person with dark hair and a light complexion. The person is wearing a dark blue shirt and a black necklace. The background of the first image includes a green plant and some text on a white background, while the background of the second image includes a red and white sign with some text on a white background. The person in the first image has a more pronounced nose and a slightly different facial expression compared to the person in the second image. The second image also has a slightly different lighting and shadows, with a more pronounced shadow on the person's face. The colors and saturation of the images are similar, but there is a slight difference in the skin tone and hair color. The cropping and framing of the images are also;similarity_results\clip_caltech_blind_spots.csv
3719;6857;CLIP;0.95558876;SigLIP;0.49857622;DINO;0.9494295;The two images provided are of a person with dark hair and a light blue shirt. The person in the first image has a more pronounced nose and a slightly different facial structure compared to the person in the second image. Additionally, the second image has a slightly different background, with a green door and a white wall visible in the background, while the first image does not. The lighting and shadows in both images are similar, but the second image has a slightly different color tone, with a more muted and darker appearance. The cropping and framing of the images are also slightly different, with the second image having a slightly different perspective. Overall, while there are some subtle differences, the main differences are in the facial structure, background details, and color tone.;similarity_results\clip_caltech_blind_spots.csv
3719;4052;CLIP;0.95553434;SigLIP;0.41826174;DINO;0.94505125;The two images provided are of a person with dark hair and a light blue shirt. The person in the first image has a more pronounced nose and a slightly different facial structure compared to the person in the second image. Additionally, the second image has a slightly different background, with more visible text and patterns on the wall. The lighting and shadows in both images are similar, but the second image has a slightly different color saturation and contrast. The cropping and framing of the images are also slightly different, with the second image having a slightly different perspective. Overall, while there are subtle differences, the main differences are in the facial structure, background details, and color saturation.;similarity_results\clip_caltech_blind_spots.csv
3307;3719;CLIP;0.9502994;SigLIP;0.4392891;DINO;0.9353552;The two images provided are of a person with dark hair and a light complexion. The person is wearing a blue shirt and has a necklace around their neck. The background of both images appears to be a plain, light-colored wall with some indistinct markings or writings on it. The lighting in both images is similar, with a soft, even light that does not create harsh shadows or highlights. The colors in both images are similar, with a neutral tone that does not stand out. There are no small details such as text, logos, or accessories that can be discerned in either image. The cropping and framing of both images are identical, with the person centered and the background occupying the same portion of the frame. The only difference between the two;similarity_results\clip_caltech_blind_spots.csv
3780;8445;CLIP;0.96068835;SigLIP;0.5121909;DINO;0.9056695;The two images provided are of a stop sign, but they differ in their background details, lighting, colors, and small details. The first image has a solid red background with a white border, while the second image has a white background with a red border. The lighting in the first image is more evenly distributed, while the second image has a slightly darker and more shadowed background. The colors in the first image are more vibrant and saturated, while the second image has a more muted and subdued color palette. The small details, such as the text and logos, are more clearly visible in the first image, while the second image has a more blurred and indistinct appearance. The cropping and framing of the images are also different, with the first;similarity_results\clip_caltech_blind_spots.csv
3824;4467;CLIP;0.9676285;SigLIP;0.5332434;DINO;0.968202;The image on the left is a close-up of a mountain lion, also known as a puma. The mountain lion has a light brown coat with darker brown patches, and its ears are pointed and erect. The background is blurred, making it difficult to discern any specific details. The image on the right is a similar-looking mountain lion, but the background is a solid color, likely blue or green, and the lighting is different, with a more pronounced shadow cast on the mountain lion's face. The mountain lion's fur appears to be lighter in color, and there is a noticeable difference in the texture of the fur. The image on the right also has a different color saturation, with the fur appearing more vibrant and the background appearing more muted.;similarity_results\clip_caltech_blind_spots.csv
1592;3857;CLIP;0.9515276;SigLIP;0.55831337;DINO;0.8784892;The two images provided are of a person with dark hair and a light complexion. The person is wearing a blue shirt and has a necklace around their neck. The background of the first image appears to be a room with a light-colored wall and some objects on the shelf, while the background of the second image is a more blurred and indistinct setting. The lighting in both images is similar, with a soft, even light that does not create harsh shadows or highlights. The colors in both images are similar, with a neutral tone that does not stand out. There are no small details such as text, logos, or accessories that can be discerned in either image. The cropping and framing of both images are similar, with the person centered in the;similarity_results\clip_caltech_blind_spots.csv
3888;5996;CLIP;0.95488197;SigLIP;0.38134786;DINO;0.9257151;"The image on the left is a cartoon drawing of a cat named Garfield. The cat is depicted with a yellow and orange color scheme, and it has a friendly and cheerful expression. The cat is standing on two legs and has its arms outstretched, as if it is waving or pointing.

The image on the right is a photograph of a real-life cat named Garfield. The cat is also depicted with a yellow and orange color scheme, but it is a photograph, so the colors are more muted and the details are less sharp. The cat is standing on two legs and has its arms outstretched, but the arms are not as clearly defined as in the cartoon drawing.

The most noticeable difference between the two images is the color scheme";similarity_results\clip_caltech_blind_spots.csv
3900;5387;CLIP;0.950199;SigLIP;0.23734567;DINO;0.98505795;The two images provided are of a person with similar features, but they differ in subtle ways. The person in the first image has a more pronounced nose and a slightly different facial structure compared to the person in the second image. Additionally, the second image has a slightly different hair texture and color. The background in both images is neutral and does not provide any additional context. The lighting and shadows are consistent between the two images, and there are no noticeable differences in the colors and saturation. The cropping and framing are also similar, with the person centered in both images. Overall, the differences are subtle and not immediately noticeable, but they are present and can be identified by a careful examination of the image details.;similarity_results\clip_caltech_blind_spots.csv
3949;8273;CLIP;0.9799701;SigLIP;0.5321862;DINO;0.9721242;"The image on the left is a Yin-Yang symbol, which is a traditional symbol representing balance and harmony. The symbol consists of two circles, one black and one white, with a small dot in the center. The background is white, and the symbol is centered on the image.

The image on the right is a pair of similar-looking images, but they contain real, specific differences. The differences are subtle but noticeable. The background of the right image is also white, but the colors are slightly different. The left image has a more muted color palette, with shades of black and white, while the right image has a more vibrant color palette, with shades of blue and green. Additionally, the right image has a slightly different lighting and shadowing";similarity_results\clip_caltech_blind_spots.csv
4235;7171;CLIP;0.9527024;SigLIP;0.5542418;DINO;0.8347615;The two images provided are of a man with red hair and a neutral expression. The differences between the two images are subtle but noticeable. The man in the first image has a slightly different hair color, with a more pronounced red hue, while the man in the second image has a more muted red color. Additionally, the man in the first image has a more pronounced nose, while the man in the second image has a more rounded nose. The man in the first image has a more pronounced jawline, while the man in the second image has a more pronounced chin. The man in the first image has a more pronounced forehead, while the man in the second image has a more pronounced forehead. The man in the first image has a more pronounced chin;similarity_results\clip_caltech_blind_spots.csv
4349;6888;CLIP;0.95157784;SigLIP;0.45623755;DINO;0.9585495;"The image on the left is a cartoon of a dog with a red scarf and glasses, sitting on a red roof. The dog has a brown head and white body, and it is wearing a pair of glasses with a brown frame and black lenses. The background is a light blue sky with white clouds. The dog is looking up and to the side, with its arms resting on its knees.

The image on the right is a similar cartoon of a dog with a red scarf and glasses, but it is sitting on a red roof with a different background. The background is a light blue sky with white clouds, but the clouds are not as prominent as in the left image. The dog is looking up and to the side, with its arms resting on";similarity_results\clip_caltech_blind_spots.csv
4364;6475;CLIP;0.9524323;SigLIP;0.31237435;DINO;0.9556427;The image on the left is a silhouette of a menorah, a traditional Jewish candelabrum used during the Hanukkah festival. The menorah has nine branches, each with a candle burning at the top. The image on the right is a similar silhouette, but it is rotated 90 degrees clockwise. The background details, lighting, shadows, colors, object positions, sizes, and orientations are all the same, but the orientation of the menorah is different. The menorah on the left is upright, while the menorah on the right is rotated so that the top of the menorah is facing the opposite direction. This subtle difference in orientation is what makes the two images different.;similarity_results\clip_caltech_blind_spots.csv
4426;7507;CLIP;0.9570527;SigLIP;0.4193796;DINO;0.8527314;The two images provided are of a man with a bald head and a beard. The differences between the two images are subtle but noticeable. In the first image, the man's hair is slightly longer and more voluminous than in the second image. Additionally, the second image has a slightly different lighting and shadowing, with a more pronounced shadow on the man's face. The background in the second image also appears to have a different texture and pattern, which could be due to the lighting or the angle of the photograph. The cropping and framing of the images are also slightly different, with the second image appearing to have a slightly different perspective. Overall, while the differences are subtle, they are enough to make the two images distinct.;similarity_results\clip_caltech_blind_spots.csv
4468;6976;CLIP;0.95557946;SigLIP;0.40552366;DINO;0.8721626;The two images provided are of a woman with curly hair. The differences between the two images are subtle but noticeable. The woman in the first image has a slightly different hair color, with a more pronounced red hue in her hair. Additionally, the woman in the second image has a more pronounced shadow on her cheek, which is not present in the first image. The lighting and shadows in the second image are slightly different, with a more pronounced shadow on the woman's cheek. The background details in the second image are slightly different, with a more pronounced texture on the wall. The colors and saturation in the second image are slightly different, with a more pronounced red hue in the woman's hair. The cropping and framing in the second image are slightly different;similarity_results\clip_caltech_blind_spots.csv
4488;4703;CLIP;0.96393013;SigLIP;0.47597733;DINO;0.8005599;"The two images provided are pixelated versions of stop signs, which are designed to be easily recognizable and used to indicate the need to halt traffic. The differences between the two images are subtle but noticeable:

1. **Background Details**: The background of the first image is a solid red color, while the background of the second image is a slightly lighter shade of red. This slight difference in color can be easily missed but is important to note.

2. **Lighting and Shadows**: The lighting and shadows in the first image are more pronounced, with darker areas and lighter highlights, which gives the image a more three-dimensional appearance. In the second image, the lighting and shadows are softer and less defined, which makes the image appear flatter.

3.";similarity_results\clip_caltech_blind_spots.csv
1750;4488;CLIP;0.9553836;SigLIP;0.47494406;DINO;0.82472193;"The two images provided are pixelated versions of stop signs, which are designed to be easily recognizable and used to indicate the need to stop. The differences between the two images are subtle but noticeable. 

In the first image, the background is a solid red color, and the stop sign is also red with a white border. The letters ""STOP"" are white and appear to be in the center of the sign. The lighting and shadows are consistent, with the sign casting a shadow on the ground.

In the second image, the background is also red, but the stop sign is white with a red border. The letters ""STOP"" are white and appear to be in the center of the sign. The lighting and shadows are consistent, with the sign";similarity_results\clip_caltech_blind_spots.csv
4560;5996;CLIP;0.9578378;SigLIP;0.3744029;DINO;0.9299607;The image on the left is a cartoon drawing of a cat, while the image on the right is a photograph of the same cat. The differences between the two images are subtle but noticeable. The cat on the left has a more vibrant orange color, while the cat on the right has a more muted orange color. The cat on the left also has a more pronounced black stripe on its back, while the cat on the right has a more subtle black stripe. Additionally, the cat on the left has a more pronounced white stripe on its face, while the cat on the right has a more subtle white stripe. The cat on the left also has a more pronounced black stripe on its tail, while the cat on the right has a more subtle black stripe;similarity_results\clip_caltech_blind_spots.csv
4563;4903;CLIP;0.95193756;SigLIP;0.38811165;DINO;0.95094144;The image on the left is a stylized depiction of a dinosaur, while the image on the right is a photograph of a real dinosaur. The differences between the two images are subtle but noticeable. The dinosaur on the left is a stylized representation with a green and yellow color scheme, while the dinosaur on the right is a photograph with a more naturalistic color palette. The lighting and shadows in the stylized image are more uniform, while the photograph has more variation in light and shadow. The colors and saturation in the stylized image are more vibrant, while the photograph has a more muted color palette. The object positions, sizes, and orientations are similar, but the photograph has a more realistic texture and detail. The small details, such as text;similarity_results\clip_caltech_blind_spots.csv
3949;4583;CLIP;0.9733765;SigLIP;0.42332503;DINO;0.9575355;"The image on the left is a Yin-Yang symbol, which is a traditional symbol representing the balance and harmony between two opposing forces or concepts. The symbol consists of two intersecting circles, with one circle being black and the other white. The black circle is larger and represents the positive aspect, while the white circle is smaller and represents the negative aspect. The symbol is often used in Eastern philosophy and spirituality to symbolize the balance between yin and yang.

The image on the right is a pair of images that appear to be similar but contain real, specific differences. The differences between the two images are subtle but noticeable. The background details, lighting, colors, object positions, sizes, and orientations are all different. For example, the background of";similarity_results\clip_caltech_blind_spots.csv
4583;6781;CLIP;0.9634409;SigLIP;0.4378526;DINO;0.9468086;"The image on the left is a Yin-Yang symbol, which is a traditional symbol representing balance and harmony. The symbol consists of two halves, one black and one white, with a small dot in the center. The background is a solid black color, and the lighting is evenly distributed, with no shadows or highlights visible.

The image on the right is a pair of similar-looking images, but they contain specific differences. The differences are subtle but noticeable:

1. The background of the right image is a solid white color, while the left image has a solid black background.
2. The lighting on the right image is slightly different, with a slight shadow cast on the right side of the symbol, while the left image has no visible shadows.
3";similarity_results\clip_caltech_blind_spots.csv
4642;4862;CLIP;0.9593986;SigLIP;0.57208925;DINO;0.9731959;The two images provided are of a woman with similar features, but they differ in subtle ways. The woman in the first image has a more pronounced nose and a slightly different facial structure compared to the woman in the second image. Additionally, the second image has a slightly different hair color and texture. The background in both images is similar, with a light-colored wall and a door with a knob. The lighting and shadows are also similar, with a soft, even light illuminating the subjects. The colors and saturation are also similar, with a neutral tone. However, the small details such as the texture of the hair, the shape of the nose, and the overall facial structure are different between the two images.;similarity_results\clip_caltech_blind_spots.csv
4583;4779;CLIP;0.9510009;SigLIP;0.430241;DINO;0.86763084;"The image on the left is a Yin-Yang symbol, which is a traditional symbol representing balance and harmony. The symbol consists of two halves, one black and one white, with a small dot in the center. The background is a solid black color, and the lighting is evenly distributed, with no shadows or highlights visible.

The image on the right is a similar symbol, but it is rotated 90 degrees clockwise. The background is also solid black, and the lighting is evenly distributed as well. However, the colors are slightly different, with the white half appearing slightly lighter and the black half appearing slightly darker. Additionally, there is a small dot in the center of the white half, which is not present in the original Yin-Yang symbol";similarity_results\clip_caltech_blind_spots.csv
4789;7539;CLIP;0.9634276;SigLIP;0.46787986;DINO;0.6884652;The image on the left is a photograph of a man with gray hair and a light blue shirt. The image on the right is a similar photograph, but it has been altered to remove the background details and textures. The man's face is now completely obscured by the background, and the image is taken from a different angle. The lighting and shadows are also different, with the background appearing darker and more shadowed. The colors and saturation are also different, with the background appearing more muted and the man's skin tone appearing more washed out. The small details, such as the man's facial features and the texture of his shirt, are also missing. Overall, the image on the right is a completely different photograph from the one on the left.;similarity_results\clip_caltech_blind_spots.csv
4795;5859;CLIP;0.95837516;SigLIP;0.5337584;DINO;0.8928868;The two images provided are of a person with a similar appearance, but they differ in subtle details. The person in the first image has a more pronounced nose and a slightly different facial structure compared to the person in the second image. Additionally, the second image has a slightly different hair color and texture. The background in the first image appears to be more blurred, while in the second image, the background is clearer. The lighting and shadows in both images are similar, but the second image has a slightly different lighting setup. The colors and saturation in both images are similar, but the second image has a slightly different color tone. The object positions, sizes, and orientations are similar, but the second image has a slightly different pose. The small details such;similarity_results\clip_caltech_blind_spots.csv
4825;6005;CLIP;0.95200896;SigLIP;0.4481167;DINO;0.90367067;"The image on the left is a cartoon drawing of the character Garfield, a popular comic strip character. The character is depicted in a simple, cartoonish style with a yellow and orange color scheme. The background is a solid yellow color, and the lighting is bright and even, with no shadows or highlights visible.

The image on the right is a photograph of the same character, but it has been altered to include a small object in the background. The object is a small, white object that appears to be a piece of paper or a small piece of fabric. The background is a solid white color, and the lighting is bright and even, with no shadows or highlights visible.

The main difference between the two images is the presence of the small object";similarity_results\clip_caltech_blind_spots.csv
3888;4825;CLIP;0.95021176;SigLIP;0.4261055;DINO;0.9089298;The two images provided are of the same character, Garfield, but they differ in their background color and lighting. In the first image, the background is a solid yellow color, while in the second image, the background is a solid orange color. Additionally, the lighting in the first image is brighter, with more pronounced shadows and highlights, while in the second image, the lighting is softer and more diffused. The colors in the first image are more vibrant, with a higher saturation, while in the second image, the colors are more muted. The object positions, sizes, and orientations are the same in both images. The small details, such as text, logos, and accessories, are also the same in both images. However, the cropping;similarity_results\clip_caltech_blind_spots.csv
4876;6443;CLIP;0.96463656;SigLIP;0.41864353;DINO;0.9680728;"The image on the left is a close-up of a commercial airplane in flight. The airplane is a Boeing 757, identifiable by its distinctive fuselage shape and the specific design of its wings and tail. The aircraft is painted in a livery that includes a combination of white, blue, and red colors, with a pattern of red and white stripes on the tail fin. The background is a clear blue sky, with no visible clouds or other objects.

The image on the right is a similar scene, but it is a different angle or perspective of the same airplane. The airplane is still in flight, but the perspective is different, and the background is a different shade of blue. The lighting and shadows are also different, with the right";similarity_results\clip_caltech_blind_spots.csv
4902;5795;CLIP;0.9532864;SigLIP;0.3375699;DINO;0.83844405;The two images provided are of a person with dark hair and a blue shirt. The person in the first image has a more pronounced nose and a slightly different facial expression compared to the person in the second image. The second image also has a slightly different background, with a bookshelf and some books visible in the background. Additionally, the second image has a different lighting and shadowing, with a more pronounced shadow on the person's face. The person in the second image also has a different color scheme, with a more muted color palette. The cropping and framing of the images are also slightly different, with the second image having a slightly different perspective. Overall, while there are some subtle differences, the main differences are in the facial features, background details;similarity_results\clip_caltech_blind_spots.csv
4902;8464;CLIP;0.9515366;SigLIP;0.59460306;DINO;0.80469525;The two images provided are of a person with dark hair and a blue shirt. The person in the first image has a more pronounced nose and a slightly different facial expression compared to the person in the second image. The background in the first image includes a bookshelf with books and a few other objects, while the background in the second image is more blurred and less distinct. The lighting and shadows in both images are similar, with a soft, even illumination. The colors and saturation are also similar, with a neutral tone. The object positions, sizes, and orientations are also similar, with the person in both images being centered and facing the camera. However, the person in the second image has a slightly different hair texture and a different facial expression. The;similarity_results\clip_caltech_blind_spots.csv
3307;4902;CLIP;0.9505464;SigLIP;0.36990732;DINO;0.8572501;The two images provided are of a person with dark hair and a blue shirt. The person in the first image has a more pronounced nose and a slightly different facial structure compared to the person in the second image. Additionally, the second image has a slightly different lighting and shadows, with a more pronounced shadow on the person's face. The background in the second image appears to have a different texture and pattern, and there is a slight difference in the colors and saturation of the image. The cropping and framing of the second image is slightly different, with a different angle and perspective. Overall, while there are subtle differences, the main differences are in the facial structure, lighting, and background details.;similarity_results\clip_caltech_blind_spots.csv
4912;8596;CLIP;0.9787719;SigLIP;0.18479751;DINO;0.9923097;The image on the left is a close-up of a tick, while the image on the right is a similar tick but with a different background. The background of the left image is a green leaf with visible veins and small spots, while the background of the right image is a solid white background. The tick on the left has a more naturalistic coloration, with a reddish-brown body and black legs, while the tick on the right has a more uniform coloration, with a reddish-brown body and black legs. The tick on the left has a more detailed texture, with visible veins and spots on the leaf, while the tick on the right has a more uniform texture. The tick on the left has a more naturalistic posture;similarity_results\clip_caltech_blind_spots.csv
5015;6866;CLIP;0.9508196;SigLIP;0.3802376;DINO;0.8251351;The two images provided are of a person with dark hair and a blue shirt. The person is standing in a room with a desk and a computer monitor in the background. The person is wearing a necklace. The first image appears to be a slightly cropped version of the second image, with the person's head being cut off at the top of the frame. The second image is a full frame image of the person, with the person's head and shoulders visible. The background in the second image includes a bookshelf with books and a lamp. The lighting in both images is similar, with a soft, even light illuminating the person's face. The colors in both images are similar, with a neutral tone to the skin and a slightly darker tone to;similarity_results\clip_caltech_blind_spots.csv
5240;8194;CLIP;0.9572969;SigLIP;0.26408762;DINO;0.959131;"The image on the left appears to be a close-up of a woman with short, brown hair, wearing a dark-colored top. The background features a garden with various plants and flowers, including palm trees and other greenery. The lighting is natural, and the colors are vibrant, with a warm tone to the skin and plants.

The image on the right is a similar scene but with a few differences. The woman's hair appears to be slightly longer and more voluminous, and her facial features are slightly different, including the shape of her nose and the angle of her jawline. The background also includes additional elements, such as a blue structure and a white column, which are not present in the left image. The lighting and colors are similar,";similarity_results\clip_caltech_blind_spots.csv
5268;8578;CLIP;0.96199995;SigLIP;0.3951963;DINO;0.97446275;"The image on the left appears to be a close-up of a young girl with light brown hair, wearing a white shirt. The background is plain and light-colored, with a few objects visible in the distance, including a framed picture and a wall. The lighting is even, with no harsh shadows or highlights, suggesting a well-lit indoor setting.

The image on the right is a similar scene but with a noticeable difference. The girl's hair color appears to be slightly different, with a more pronounced reddish-brown hue. Additionally, the girl's teeth are visible in the right image, which is not present in the left image. The background in the right image also includes a different set of objects, such as a framed picture and a wall";similarity_results\clip_caltech_blind_spots.csv
5277;7663;CLIP;0.9690243;SigLIP;0.5929406;DINO;0.98891914;"The image on the left is a cheetah walking through a forested area. The cheetah has a distinct pattern of black and white spots on its body, which is characteristic of its species. The background features trees and foliage, indicating a natural, wild setting. The lighting is natural, with shadows cast by the trees and the cheetah's body. The colors are vibrant, with the cheetah's fur being a mix of black and white, and the surrounding vegetation being green and brown.

The image on the right is a close-up of the same cheetah walking through the same forested area. The cheetah's position and orientation are similar, but there are subtle differences in the lighting and shadows. The lighting";similarity_results\clip_caltech_blind_spots.csv
5283;6431;CLIP;0.954157;SigLIP;0.47638693;DINO;0.97962;The image on the left is a tick, while the image on the right is a different tick. The tick on the left has a more reddish-brown body with a darker brown head, while the tick on the right has a more orange-brown body with a lighter brown head. The tick on the left has a more elongated body shape, while the tick on the right has a more rounded body shape. The tick on the left has a more pronounced head shape, while the tick on the right has a more rounded head shape. The tick on the left has a more pronounced front legs, while the tick on the right has a more pronounced rear legs. The tick on the left has a more pronounced front legs, while the tick on;similarity_results\clip_caltech_blind_spots.csv
5523;5573;CLIP;0.9506545;SigLIP;0.5719162;DINO;0.9770173;The two images provided are very similar in terms of content and composition, but there are subtle differences that can be observed pixel by pixel. The most noticeable difference is the color of the man's shirt. In the first image, the man is wearing a blue shirt, while in the second image, he is wearing a gray shirt. Additionally, the lighting and shadows in the second image appear slightly different, with a more pronounced shadow on the man's face. The background details, such as the window and the plants, are also slightly different in the two images. The first image shows a window with a white frame and a plant on the right side, while the second image shows a window with a brown frame and a plant on the left side. The;similarity_results\clip_caltech_blind_spots.csv
5536;5548;CLIP;0.9518106;SigLIP;0.024143592;DINO;0.8452048;The two images provided are of a man with dark hair and a beard. The differences between the two images are subtle but noticeable. In the first image, the man's hair is slightly longer and the beard is more pronounced. In the second image, the hair is slightly shorter and the beard is less noticeable. Additionally, the background in the second image appears to be a different color, with a greenish hue, while the background in the first image is a lighter color. The lighting and shadows in both images are similar, but the second image has a slightly different lighting setup. The colors and saturation are also similar, but the second image has a slightly different color tone. The object positions, sizes, and orientations are similar, but the second image;similarity_results\clip_caltech_blind_spots.csv
1592;5573;CLIP;0.9544976;SigLIP;0.49565822;DINO;0.89988446;The two images provided are of a person with dark hair and a light blue shirt. The person in the first image has a more pronounced nose and a slightly different facial structure compared to the person in the second image. The second image also has a slightly different hair texture and color. Additionally, the second image has a different background, which includes a window and some furniture, while the first image has a plain background. The lighting and shadows in both images are similar, but the second image has a slightly different lighting setup. The colors and saturation are also similar, but there is a slight difference in the skin tone and hair color. The cropping and framing are also similar, but there is a slight difference in the overall composition of the image. Overall,;similarity_results\clip_caltech_blind_spots.csv
5573;8464;CLIP;0.9520976;SigLIP;0.3944595;DINO;0.75292724;The two images provided are of a person with dark hair and a light blue shirt. The person in the first image has a more pronounced nose and a slightly different facial structure compared to the person in the second image. The second image also has a slightly different hair texture and color. Additionally, the second image has a different background, which includes a window with a view of a tree and a person standing outside. The lighting and shadows in the second image are slightly different, with a more pronounced shadow on the person's face. The colors and saturation are also slightly different, with the second image having a more muted color palette. The cropping and framing of the second image are slightly different, with a different perspective on the person's face. Overall, while;similarity_results\clip_caltech_blind_spots.csv
5795;8464;CLIP;0.95059377;SigLIP;0.251017;DINO;0.7947272;The two images provided are of a man with dark hair and a blue shirt. The man appears to be in a bookstore, as there are several books visible in the background. The man's hair is slightly curly, and he has a neutral expression on his face. The background of the image includes various books with different sizes and colors, as well as some shelves and a wall with a poster. The lighting in the image is natural, and the colors are vibrant. The man's hair is slightly darker in the second image compared to the first, and there is a slight difference in the shadows cast by the books. The cropping and framing of the image are similar, but there is a subtle difference in the positioning of the books in the background. Overall;similarity_results\clip_caltech_blind_spots.csv
5926;5996;CLIP;0.9563911;SigLIP;0.35990393;DINO;0.92208165;The image on the left is a cartoon drawing of a cat, while the image on the right is a photograph of the same cat. The differences between the two images are subtle but noticeable. The cat on the left has a yellow background with a few small details such as a small white dot on its head and a small black dot on its paw. The cat on the right has a yellow background with a more prominent white dot on its head and a larger black dot on its paw. Additionally, the cat on the right has a more pronounced orange color on its body compared to the cat on the left. The lighting and shadows are also different, with the cat on the left having a more even lighting and shadow distribution, while the cat on the right;similarity_results\clip_caltech_blind_spots.csv
5979;8016;CLIP;0.9746479;SigLIP;0.4202775;DINO;0.9641562;"The image on the left is a cartoon depiction of a lobster, while the image on the right is a photograph of a real lobster. The differences between the two images are as follows:

1. Background Details: The background of the photograph is a solid gray color, while the background of the cartoon is white. The gray background in the photograph provides a more neutral and less distracting backdrop compared to the white background in the cartoon.

2. Lighting and Shadows: The lighting and shadows in the photograph are more natural and realistic, with the shadows cast by the lobster's body and claws being more pronounced and realistic. In contrast, the shadows in the cartoon are less defined and less realistic.

3. Colors and Saturation: The colors in the photograph are more";similarity_results\clip_caltech_blind_spots.csv
5996;6005;CLIP;0.9615197;SigLIP;0.40052822;DINO;0.9171314;The image on the left is a cartoon drawing of a cat, while the image on the right is a photograph of the same cat. The differences between the two images are subtle but noticeable. The cat on the left has a yellow background with a few small details, such as a small white dot on its head and a small black dot on its paw. The cat on the right has a solid yellow background with no additional details. The lighting and shadows are also different, with the cat on the left having a slightly darker background and lighter shadows, while the cat on the right has a lighter background and darker shadows. The colors and saturation are also different, with the cat on the left having a more vibrant orange color and the cat on the right having;similarity_results\clip_caltech_blind_spots.csv
6030;6128;CLIP;0.9555446;SigLIP;0.2141384;DINO;0.61479115;The two images provided are of a person with curly hair, but they differ in several subtle ways. The person in the first image has a more pronounced forehead and a slightly different hairstyle, with the hair appearing slightly more voluminous. The second image has a more pronounced jawline and a slightly different facial structure, with the hair appearing slightly more defined and the forehead appearing slightly more rounded. Additionally, the second image has a slightly different background, with a more intricate pattern and a different color scheme. The lighting and shadows in both images are similar, but the second image has a slightly different color balance and saturation. The cropping and framing of both images are similar, but the second image has a slightly different perspective, with a different angle and a slightly different;similarity_results\clip_caltech_blind_spots.csv
6136;6857;CLIP;0.9560042;SigLIP;0.35872576;DINO;0.85200936;The two images provided are of a man with dark hair and a blue shirt. The differences between the two images are subtle but noticeable. In the first image, the man's hair is slightly longer and more voluminous, while in the second image, the hair appears to be slightly shorter and more defined. Additionally, the second image has a slight shift in the lighting, with a more pronounced shadow on the man's face, which is not present in the first image. The colors and saturation are also slightly different, with the second image having a more muted tone. The cropping and framing of the images are also slightly different, with the second image appearing to have a slightly wider frame. Overall, while the differences are subtle, they are enough to identify;similarity_results\clip_caltech_blind_spots.csv
6249;7263;CLIP;0.95394886;SigLIP;0.5552817;DINO;0.75739634;The two images provided are of a man with a bald head and a beard. The differences between the two images are subtle but noticeable. In the first image, the man's hair is slightly longer and the beard is slightly thicker. In the second image, the hair is shorter and the beard is slightly thinner. Additionally, the background in the second image appears to be slightly darker and more blurred. These differences are not immediately obvious but can be detected by a careful examination of the image.;similarity_results\clip_caltech_blind_spots.csv
6385;6438;CLIP;0.9848871;SigLIP;0.510955;DINO;0.98493314;"The two images provided are of stop signs, but they differ in their background details, lighting, colors, and small details.

1. **Background Details**:
   - The background of the first image is a solid red color, while the background of the second image is a gradient of red and white.
   - The first image has a clear, solid red background, while the second image has a gradient background that transitions from red to white.

2. **Lighting and Shadows**:
   - The lighting in the first image is even and bright, with no noticeable shadows or highlights.
   - The lighting in the second image is softer and more diffused, with some areas of the sign appearing darker due to the gradient background.

3. **";similarity_results\clip_caltech_blind_spots.csv
6385;8367;CLIP;0.98276126;SigLIP;0.38280517;DINO;0.98594975;"The two images provided are of stop signs, but they differ in their background details, lighting, colors, and small details. The first image is a standard red stop sign with a white border and the word ""STOP"" in white capital letters. The background is plain white, and the lighting is even, with no shadows or highlights. The colors are vibrant, with a strong contrast between the red background and the white text.

The second image is a stop sign with a red background and a white border. However, the word ""STOP"" is not in capital letters but in lowercase. The lighting is also different, with a slight shadow cast on the sign, indicating a different light source. The colors are less vibrant, with a more muted contrast between";similarity_results\clip_caltech_blind_spots.csv
6385;7763;CLIP;0.9806918;SigLIP;0.5018531;DINO;0.9686299;"The two images provided are of stop signs, but they differ in their background details, lighting, colors, and small details. The first image is a standard red stop sign with a white border and the word ""STOP"" in white capital letters. The background is plain and there are no additional objects or textures present. The lighting is even and there are no shadows or highlights.

The second image is a stop sign with a red background and a white border. The background is also plain, but there are additional objects and textures present, such as a white line on the ground and a white object on the ground. The lighting is also even, but there are slight differences in the shadows and highlights compared to the first image.

The small details in the second";similarity_results\clip_caltech_blind_spots.csv
6443;7940;CLIP;0.95089006;SigLIP;0.474028;DINO;0.94535697;"The image on the left is a close-up of a commercial airplane in flight. The airplane is a Boeing 757, identifiable by its distinctive fuselage shape and the number of windows along its side. The tail of the airplane features a colorful design with a red, white, and blue pattern, and the words ""United Express"" are visible on the fuselage. The background is a clear blue sky with no visible clouds.

The image on the right is a similar scene, but it is a different angle or perspective of the same airplane. The airplane is still a Boeing 757, but the angle and framing have changed, making it appear as though the airplane is flying in a different direction or at a different altitude. The background";similarity_results\clip_caltech_blind_spots.csv
6584;8550;CLIP;0.9754299;SigLIP;0.449181;DINO;0.894165;The two images provided are a pair of visual blind spots, which are pairs that look similar but contain real, specific differences. In this case, the differences are subtle but noticeable. The first image is a black and white Yin-Yang symbol, which is a traditional symbol of balance and harmony. The second image is a gray and white Yin-Yang symbol, which is also a traditional symbol of balance and harmony. The main difference between the two images is the color of the symbol. The first image has a black and white Yin-Yang symbol, while the second image has a gray and white Yin-Yang symbol. This difference in color can be seen in the background details, lighting, and shadows of the two images. The first image has a;similarity_results\clip_caltech_blind_spots.csv
179;6584;CLIP;0.9697435;SigLIP;0.5877828;DINO;0.9304975;The two images provided are a pair of visual blind spots, which are pairs that look similar but contain real, specific differences. In this case, the differences are subtle but noticeable. The first image is a black and white Yin-Yang symbol, which is a traditional symbol of balance and harmony. The second image is a black and white Yin-Yang symbol, but it is rotated 90 degrees clockwise. The background details, lighting, colors, and saturation are the same in both images, but the orientation of the symbol is different. The small details, such as the texture of the background, the position of the symbol, and the overall framing, are also the same in both images. However, the rotation of the symbol is the only difference;similarity_results\clip_caltech_blind_spots.csv
6639;8445;CLIP;0.9850812;SigLIP;0.37991482;DINO;0.9416938;The two images provided are of a stop sign, but they differ in their background details, lighting, colors, and small details. The first image has a plain, solid red background with a white border, while the second image has a more complex background with various textures and patterns. The lighting in the first image is even and uniform, while the second image has a slightly darker and more shadowed background. The colors in the first image are more vibrant and saturated, while the second image has a more muted and subdued color palette. The small details, such as the text and logos, are more clearly visible in the first image, while the second image has a more abstract and less defined appearance. The cropping and framing of the images are also different,;similarity_results\clip_caltech_blind_spots.csv
6639;7763;CLIP;0.9816638;SigLIP;0.42809445;DINO;0.92646646;"The two images provided are of a stop sign, but they differ in their background details, lighting, colors, and small details. The first image has a red background with a white border, while the second image has a black background with a white border. The lighting in the first image is bright and even, while the second image has a darker, more shadowed background. The colors in the first image are vibrant and saturated, while the second image has a more muted color palette. The small details, such as the letters ""STOP"" and the border of the stop sign, are clearly visible in both images, but the second image has a slightly different orientation and position of the letters. Overall, the differences between the two images are subtle, but";similarity_results\clip_caltech_blind_spots.csv
6385;6639;CLIP;0.9794487;SigLIP;0.34248903;DINO;0.93308187;"The two images provided are of stop signs, but they differ in their background details, lighting, colors, and small details. The first image is a standard red stop sign with a white border and the word ""STOP"" in white capital letters. The background is plain and there are no additional objects or textures present. The lighting is even and there are no shadows or highlights.

The second image is a stop sign with a red background and a white border. However, the word ""STOP"" is not in capital letters but in lowercase. Additionally, the background has a subtle texture that is not present in the first image. The lighting is also different, with a slight shadow cast on the sign in the second image.

The small details such as the texture";similarity_results\clip_caltech_blind_spots.csv
6639;7952;CLIP;0.97896844;SigLIP;0.3781685;DINO;0.9244281;"The two images provided are identical in terms of content and subject matter. They both depict a red stop sign with the word ""STOP"" written in white capital letters. The background is solid red, and the sign is centered within the frame. There are no differences in lighting, colors, textures, patterns, object positions, sizes, orientations, or small details between the two images. The cropping and framing are also identical, with the stop sign occupying the same space in both images. Therefore, there are no differences to report between the two images.";similarity_results\clip_caltech_blind_spots.csv
6866;8464;CLIP;0.9660809;SigLIP;0.4504308;DINO;0.7795994;The two images provided are of a person with dark hair and a light complexion. The person is wearing a blue shirt and has a necklace around their neck. The background of the first image appears to be a room with shelves and books, while the background of the second image is a more blurred and indistinct setting. The lighting in both images is similar, with a soft, even illumination that highlights the person's features. The colors in both images are similar, with a neutral tone that does not stand out. The person's hair and clothing are the only elements that are different between the two images. The first image shows a person with slightly longer hair and a more pronounced forehead, while the second image shows a person with shorter hair and a more;similarity_results\clip_caltech_blind_spots.csv
6857;6866;CLIP;0.95101;SigLIP;0.31165963;DINO;0.91273427;The two images provided are of a person with dark hair and a light complexion. The person is wearing a blue shirt and has a necklace around their neck. The background of both images appears to be indoors, with some greenery visible in the background of the first image. The lighting in both images is natural, with no noticeable shadows or highlights. The colors in both images are similar, with a neutral tone to the skin and a slightly darker tone to the hair and shirt. There are no small details visible in either image that can be confidently identified as different. The cropping and framing of both images are similar, with the person centered in the frame. The only noticeable difference between the two images is the slight variation in the background details, such as the;similarity_results\clip_caltech_blind_spots.csv
7259;8637;CLIP;0.95431817;SigLIP;0.3191424;DINO;0.7994484;The two images provided are of a person with a visible difference in their face. The person in the first image has a visible scar on their forehead, while the person in the second image does not. The scar is a small, circular mark that is visible on the forehead of the person in the first image. The second image does not show any visible scars or other differences on the forehead.;similarity_results\clip_caltech_blind_spots.csv
7538;8565;CLIP;0.95867157;SigLIP;0.5875237;DINO;0.9404943;The image on the left is a close-up of a man's face, while the image on the right is a similar scene but with a different background. The man in the left image has red hair and is wearing a light-colored shirt. The background in the left image is plain and light-colored, while the background in the right image is darker and more textured. The man in the left image has a neutral expression, while the man in the right image has a slight smile. The lighting in both images is similar, with a soft, even light that highlights the man's features. The colors in both images are similar, with a neutral tone. The man in the left image has a slightly darker skin tone, while the man in the right image;similarity_results\clip_caltech_blind_spots.csv
7670;8035;CLIP;0.9579958;SigLIP;0.5831134;DINO;0.8678278;The two images provided are of a person with similar features, but they differ in subtle ways that can be detected pixel by pixel. The person in the first image has a more pronounced nose and a slightly different facial structure compared to the person in the second image. Additionally, the second image has a slightly different hair texture and color. The background in the first image appears to be more cluttered with objects and textures, while the second image has a cleaner and more minimalist background. The lighting and shadows in both images are similar, but the second image has a slightly different lighting direction. The colors and saturation in both images are similar, but the second image has a slightly different color tone. The object positions, sizes, and orientations are similar, but the;similarity_results\clip_caltech_blind_spots.csv
7678;7760;CLIP;0.96594536;SigLIP;0.54838645;DINO;0.9030776;The two images provided are of a man with red hair. The differences between the two images are subtle but noticeable. The man in the first image has a slightly different hair color, with a more pronounced red hue. The second image has a slightly different lighting, with a more pronounced shadow on the man's face. Additionally, the second image has a slightly different background, with a different texture and pattern. The man's eyes are also slightly different in size and position. Overall, the differences are subtle, but they are still present and can be detected by a trained human observer.;similarity_results\clip_caltech_blind_spots.csv
7763;8445;CLIP;0.98439866;SigLIP;0.49411;DINO;0.9540578;"The two images provided are of stop signs, but they differ in their background details, lighting, colors, and small details. The first image is a standard red stop sign with a white octagonal shape and the word ""STOP"" written in white capital letters. The background is solid red, and the lighting is even, with no shadows or highlights visible. The colors are vibrant, with a high saturation level, making the sign stand out clearly against the background.

The second image is a stop sign with a different background. The background is a gradient of blue and white, with a darker blue at the top and a lighter blue at the bottom. The lighting is also different, with a shadow cast on the right side of the sign, indicating a light";similarity_results\clip_caltech_blind_spots.csv
7793;8273;CLIP;0.970325;SigLIP;0.52666605;DINO;0.9290432;"The image on the left is a black and white Yin-Yang symbol, which is a traditional symbol representing balance and harmony. The symbol consists of two circles, one black and one white, with a small dot in the center of each circle. The background is plain white, and there are no other objects or textures present.

The image on the right is a pair of visual blind spots, which are pairs of images that look similar but contain real, specific differences. The blind spots are designed to test the ability of humans to identify subtle differences between images. The blind spots are created by intentionally removing small details or features from one of the images, making it difficult for humans to distinguish the two images.

The blind spots on the right are designed to test";similarity_results\clip_caltech_blind_spots.csv
4583;7793;CLIP;0.96343017;SigLIP;0.43060884;DINO;0.95615613;"The image on the left is a Yin-Yang symbol, which is a traditional symbol of balance and harmony. The symbol consists of two halves, one black and one white, connected by a central dot. The background is a solid black color, and the lighting is evenly distributed, with no shadows or highlights visible. The colors are monochromatic, with the black and white halves being the only two colors present.

The image on the right is a pair of similar-looking images, but they contain real, specific differences. The differences are subtle but noticeable. The background of the right image is a solid white color, while the left image has a solid black background. The lighting on the right image is also different, with a slight shadow cast on the";similarity_results\clip_caltech_blind_spots.csv
6385;7952;CLIP;0.97726035;SigLIP;0.4285864;DINO;0.96076864;"The two images provided are of stop signs, but they differ in their background details, lighting, colors, and small details. The first image is a standard red stop sign with a white border and the word ""STOP"" in white capital letters. The background is plain and there are no other objects or textures present. The lighting is even and there are no shadows or highlights.

The second image is a stop sign with a red background and a white border. The word ""STOP"" is also in white capital letters, but the letters are slightly larger and more prominent. The background is also plain, but there is a subtle pattern or texture visible in the background. The lighting is also even, but there is a slight shadow cast on the background, which";similarity_results\clip_caltech_blind_spots.csv
6385;8134;CLIP;0.9713826;SigLIP;0.48714978;DINO;0.87327737;"The two images provided are of stop signs, but they differ in their background details, lighting, colors, and small details. The first image is a standard red stop sign with a white border and the word ""STOP"" written in white capital letters. The background is plain white, and the lighting is even and bright, casting no shadows. The colors are vibrant and saturated, with the red of the sign standing out prominently against the white background.

The second image is a stop sign with a red background and a white border. However, the word ""STOP"" is written in white capital letters on a red background. The lighting is also even and bright, but the colors are slightly different, with the red of the sign appearing slightly more saturated and the";similarity_results\clip_caltech_blind_spots.csv
8206;8637;CLIP;0.9513686;SigLIP;0.39333212;DINO;0.80690855;"The two images provided are of a person with long black hair and are labeled as ""similar"" but contain specific differences. The differences are subtle but noticeable. 

In the first image, the person has a small bump on their forehead, which is not present in the second image. The second image also has a slight difference in the person's hair, which appears to be slightly more voluminous in the second image. Additionally, the second image has a slight difference in the person's ear, which appears to be more prominent in the second image.

The lighting and shadows in both images are similar, but there are slight variations in the way the light is reflected on the person's face. The colors and saturation are also similar, but there are subtle differences";similarity_results\clip_caltech_blind_spots.csv
6781;8273;CLIP;0.9683191;SigLIP;0.5763186;DINO;0.9379271;"The image on the left is a Yin-Yang symbol, which is a traditional symbol in Chinese culture representing balance and harmony. The symbol consists of two intersecting circles, with one circle being black and the other white. The black circle is larger and positioned in the upper half of the symbol, while the white circle is smaller and positioned in the lower half. The symbol is set against a white background, which helps to highlight the contrast between the black and white circles.

The image on the right is a pair of images that appear to be similar but contain specific differences. The differences are subtle and can be easily missed without careful examination. The main difference is that the background of the right image is not white but instead has a black and white pattern.";similarity_results\clip_caltech_blind_spots.csv
179;8273;CLIP;0.9623264;SigLIP;0.5692886;DINO;0.9392872;"The image on the left is a Yin-Yang symbol, which is a traditional symbol representing balance and harmony. The symbol consists of two circles, one black and one white, connected by a line. The black circle is on the left, and the white circle is on the right. The symbol is often used in Eastern philosophy and is believed to represent the duality of yin and yang, which are opposite yet complementary forces.

The image on the right is a different symbol, which appears to be a stylized representation of a Yin-Yang symbol. However, there are several differences that can be observed:

1. The background of the right image is white, while the left image has a black background.
2. The lighting and shadows in the";similarity_results\clip_caltech_blind_spots.csv
8367;8445;CLIP;0.97267467;SigLIP;0.39080048;DINO;0.96718323;"The two images provided are of a stop sign, but they differ in their background details, lighting, colors, and small details. The first image has a plain white background, while the second image has a red background with a black border. The lighting in the first image is bright and even, while the second image has a darker, more shadowed background. The colors in the first image are more vibrant, with a red background and white text, while the second image has a more muted color palette. The small details, such as the texture of the stop sign and the letters ""STOP,"" are more pronounced in the first image. The cropping and framing of the images are similar, but the second image has a slightly different orientation. Overall, the";similarity_results\clip_caltech_blind_spots.csv
8134;8371;CLIP;0.9596497;SigLIP;0.32621002;DINO;0.87918735;The two images provided are of a stop sign, but they differ in their background colors and the presence of a green border. The first image features a red stop sign with a white border, while the second image has a green border. Additionally, the first image has a white background, while the second image has a green background. The lighting and shadows in both images are similar, but the colors and saturation of the first image are slightly different. The first image has a more vibrant red color, while the second image has a slightly muted green color. The object positions, sizes, and orientations of the stop signs are the same in both images. The small details, such as the text and logos, are also the same in both images. However,;similarity_results\clip_caltech_blind_spots.csv
8371;8445;CLIP;0.958153;SigLIP;0.325787;DINO;0.94526947;The two images provided are of a stop sign, but they differ in their background colors and the presence of a small element. The first image has a green background, while the second image has a red background. Additionally, the second image contains a small white square in the center of the stop sign, which is not present in the first image. These differences are subtle, but they are enough to identify the two images as different.;similarity_results\clip_caltech_blind_spots.csv
1929;8371;CLIP;0.95748687;SigLIP;0.34721333;DINO;0.9419999;The two images provided are of a stop sign, but they differ in their background colors and the presence of a green border. The first image features a red stop sign with a white border, while the second image has a green border. Additionally, the first image has a white background, while the second image has a green background. The lighting and shadows in both images are similar, with the stop sign appearing to be illuminated by a light source from the top left. The colors and saturation of both images are similar, with the stop sign appearing to be in sharp focus and well-defined. The object positions, sizes, and orientations of the stop sign are also similar in both images. However, the second image has a slight difference in the green border,;similarity_results\clip_caltech_blind_spots.csv
6639;8371;CLIP;0.9527317;SigLIP;0.3928283;DINO;0.93122536;The two images provided are of a stop sign, but they differ in their background details, lighting, colors, and small details. The first image has a green background with a white border, while the second image has a red background with a white border. The lighting in the first image is brighter, with more pronounced shadows, while the second image has a darker, more muted lighting. The colors in the first image are more vibrant, with a red background and white text, while the second image has a more muted color palette. The small details, such as the text and logos, are also different. The first image has a clear and legible text, while the second image has a less legible text. Additionally, the second image has a;similarity_results\clip_caltech_blind_spots.csv
8396;8508;CLIP;0.9633347;SigLIP;0.58679855;DINO;0.98119855;The image on the left is a photograph of a woman with short, straight brown hair and bangs. She is wearing a dark-colored top and has a slight smile on her face. The background appears to be a wooden surface with some text and logos attached to it. The image on the right is a similar photograph of the same woman, but the background has been replaced with a different set of text and logos. The woman's hair and facial features are the same, but the background has been altered. The lighting and shadows are also the same, but the colors and saturation of the background have been changed. The cropping and framing of the image are also the same, but the background has been replaced. Overall, the differences between the two images are;similarity_results\clip_caltech_blind_spots.csv
3609;8550;CLIP;0.96768785;SigLIP;0.49459255;DINO;0.89157695;The two images provided are a pair of visual blind spots, which are pairs that look similar but contain real, specific differences. In this case, the differences are subtle but noticeable. The first image is a black and white Yin-Yang symbol, which is a traditional symbol of balance and harmony. The second image is a gray and white Yin-Yang symbol, which is also a traditional symbol of balance and harmony. The main difference between the two images is the color of the symbol. The first image is black and white, while the second image is gray and white. This difference is subtle, but it is noticeable when comparing the two images pixel by pixel. Additionally, the second image has a slightly different lighting and shadowing, which also contributes to;similarity_results\clip_caltech_blind_spots.csv
1732;8550;CLIP;0.9665744;SigLIP;0.41277236;DINO;0.9246148;The two images provided are a pair of visual blind spots, which are pairs that look similar but contain real, specific differences. In this case, the differences are subtle but noticeable. The first image is a black and white Yin-Yang symbol, which is a traditional symbol representing balance and harmony. The second image is a gray and white Yin-Yang symbol, which is also a traditional symbol representing balance and harmony. The main difference between the two images is the color of the symbol. The first image has a black and white Yin-Yang symbol, while the second image has a gray and white Yin-Yang symbol. This difference in color can be seen in the background details, lighting, and shadows. The background of the first image is black and;similarity_results\clip_caltech_blind_spots.csv
3949;8550;CLIP;0.9664985;SigLIP;0.49228415;DINO;0.9378994;"The image on the left is a Yin-Yang symbol, which is a traditional symbol representing balance and harmony. The symbol consists of two circles, one black and one white, with a small dot in the center. The background is a solid gray color, and the lighting is even and bright, with no shadows or highlights visible.

The image on the right is a pair of similar-looking images, but they contain real, specific differences. The differences are subtle but noticeable. The background of the right image is a solid gray color, similar to the left image, but the lighting is slightly different. The left image has a bright, even lighting, while the right image has a slightly dimmer lighting, which creates a slightly darker overall appearance.

The colors";similarity_results\clip_caltech_blind_spots.csv
6005;8663;CLIP;0.95295393;SigLIP;0.43241525;DINO;0.9197109;"The image on the left is a cartoon depiction of Garfield, a popular comic strip character. The character is depicted in an orange and black color scheme, with a friendly and cheerful expression. The background is a solid yellow color, which helps to highlight the character.

The image on the right is a close-up of the same character, but it is rotated 90 degrees clockwise. This change in orientation affects the positioning of the character and the background. The character's body is still in the same position, but the background now appears to be a solid blue color. The lighting and shadows are consistent with the original image, but the color scheme and background have been altered.

The small details, such as the character's fur texture and the background patterns";similarity_results\clip_caltech_blind_spots.csv
3888;8663;CLIP;0.9509263;SigLIP;0.41521257;DINO;0.91952264;The two images provided are of the same cartoon character, Garfield, but they differ in their background colors and lighting. In the first image, the background is a solid yellow color, while in the second image, the background is a solid orange color. Additionally, the lighting in the first image is more evenly distributed, with no harsh shadows or highlights, while in the second image, the lighting is more dramatic, with darker areas and lighter highlights. The colors in the first image are more muted, with a yellowish tone, while in the second image, the colors are more vibrant, with a warmer orange tone. The object positions, sizes, and orientations are the same in both images, as are the small details such as text, logos,;similarity_results\clip_caltech_blind_spots.csv
